2025-11-10 20:23:52.039302,5234.6,2648.41,1112.31,739.75,-2140.4,-1709.37,-2115.46,-1686.84,0,0,0,0,0,0,0,0,0,0,0,0,0,0,0,0,0,0
2025-11-10 20:23:52.150171,-4063.82,-4410.89,-4818.59,-4864.99,2797.01,2888.47,2680.06,2799.15,0,0,0,0,0,0,0,0,0,0,0,0,0,0,0,0,0,0
2025-11-10 20:23:52.261040,2075.23,1022.73,381.68,187.22,-1021.92,-790.98,-969.35,-796.08,0,0,0,0,0,0,0,0,0,0,0,0,0,0,0,0,0,0
2025-11-10 20:23:52.371919,4033.51,2042.23,766.04,473.95,-1778.57,-1438.74,-1756.58,-1407.89,0,0,0,0,0,0,0,0,0,0,0,0,0,0,0,0,0,0
2025-11-10 20:23:52.482806,-2936.21,-3155.35,-3415.53,-3467.83,1903.3,1992.08,1845.09,1922.34,0,0,0,0,0,0,0,0,0,0,0,0,0,0,0,0,0,0
2025-11-10 20:23:52.593683,3846.02,2062.89,836.58,531.88,-1624.61,-1275.12,-1575.8,-1272.44,0,0,0,0,0,0,0,0,0,0,0,0,0,0,0,0,0,0
2025-11-10 20:23:52.704552,2174.47,1044.18,227.72,55.52,-1156.3,-953.53,-1142.35,-920.27,0,0,0,0,0,0,0,0,0,0,0,0,0,0,0,0,0,0
2025-11-10 20:23:52.815406,-1628.37,-1761.94,-1916.17,-1972.76,891.57,978.47,888.62,934.75,0,0,0,0,0,0,0,0,0,0,0,0,0,0,0,0,0,0
2025-11-10 20:23:52.926239,5087.61,2769.65,1114.73,738.41,-2073.08,-1638.83,-2036.87,-1627.3,0,0,0,0,0,0,0,0,0,0,0,0,0,0,0,0,0,0
2025-11-10 20:23:53.037021,446.05,-129.28,-584.72,-667.87,-415.47,-305.5,-413.06,-279.49,0,0,0,0,0,0,0,0,0,0,0,0,0,0,0,0,0,0
2025-11-10 20:23:53.147806,-232.82,-505.33,-741.9,-833.36,20.12,138.4,54.18,115.6,0,0,0,0,0,0,0,0,0,0,0,0,0,0,0,0,0,0
2025-11-10 20:23:53.258699,5318.55,2956.6,1163.01,773.82,-2199.95,-1750.95,-2171.25,-1731.1,0,0,0,0,0,0,0,0,0,0,0,0,0,0,0,0,0,0
2025-11-10 20:23:53.369606,-1126.8,-1422.38,-1704.54,-1737.27,469.92,530.54,446.86,535.1,0,0,0,0,0,0,0,0,0,0,0,0,0,0,0,0,0,0
2025-11-10 20:23:53.480461,1277.54,641.05,103.8,-51.23,-723.39,-537.51,-671.89,-546.9,0,0,0,0,0,0,0,0,0,0,0,0,0,0,0,0,0,0
2025-11-10 20:23:53.591319,4576.12,2536.83,944.41,619.32,-1973.03,-1594.31,-1957.74,-1564.53,0,0,0,0,0,0,0,0,0,0,0,0,0,0,0,0,0,0
2025-11-10 20:23:53.702127,-2509.47,-2804.79,-3081.05,-3100.1,1462.88,1515.18,1399.84,1490.24,0,0,0,0,0,0,0,0,0,0,0,0,0,0,0,0,0,0
2025-11-10 20:23:53.812952,2914.22,1685.5,635.95,387.58,-1344.32,-1056.79,-1292.29,-1056.79,0,0,0,0,0,0,0,0,0,0,0,0,0,0,0,0,0,0
2025-11-10 20:23:53.923835,2967.6,1655.19,502.65,284.31,-1455.9,-1197.61,-1436.86,-1164.08,0,0,0,0,0,0,0,0,0,0,0,0,0,0,0,0,0,0
2025-11-10 20:23:54.034783,-3756.7,-4182.91,-4578.26,-4602.67,2518.33,2581.36,2396.55,2520.74,0,0,0,0,0,0,0,0,0,0,0,0,0,0,0,0,0,0
2025-11-10 20:23:54.145746,-1505.79,-1644.19,-1793.59,-1853.41,816.46,901.76,816.2,861.26,0,0,0,0,0,0,0,0,0,0,0,0,0,0,0,0,0,0
2025-11-10 20:23:54.256648,1158.71,473.41,-184.27,-299.33,-760.94,-613.96,-748.07,-584.19,0,0,0,0,0,0,0,0,0,0,0,0,0,0,0,0,0,0
2025-11-10 20:23:54.367604,-4344.37,-4829.05,-5267.86,-5302.46,3030.09,3111.63,2892.49,3027.95,0,0,0,0,0,0,0,0,0,0,0,0,0,0,0,0,0,0
2025-11-10 20:23:54.478499,-64.37,-340.64,-625.22,-721.25,-71.08,50.69,-33.53,30.31,0,0,0,0,0,0,0,0,0,0,0,0,0,0,0,0,0,0
2025-11-10 20:23:54.589450,-476.63,-823.17,-1179.37,-1228.18,72.69,147.52,61.96,162.54,0,0,0,0,0,0,0,0,0,0,0,0,0,0,0,0,0,0
2025-11-10 20:23:54.700406,-4225.55,-4652.02,-5059.72,-5106.66,2927.63,3025.26,2809.88,2933.0,0,0,0,0,0,0,0,0,0,0,0,0,0,0,0,0,0,0
2025-11-10 20:23:54.811380,1481.65,835.78,188.29,23.6,-812.71,-615.57,-759.87,-622.81,0,0,0,0,0,0,0,0,0,0,0,0,0,0,0,0,0,0
2025-11-10 20:23:54.922318,-1973.3,-2236.69,-2496.06,-2514.3,1045.79,1093.8,999.39,1082.81,0,0,0,0,0,0,0,0,0,0,0,0,0,0,0,0,0,0
2025-11-10 20:23:55.033193,-3350.88,-3646.2,-3938.82,-3986.03,2260.57,2342.64,2173.66,2267.54,0,0,0,0,0,0,0,0,0,0,0,0,0,0,0,0,0,0
2025-11-10 20:23:55.144084,3152.4,1936.02,694.16,433.98,-1433.37,-1133.23,-1392.33,-1129.21,0,0,0,0,0,0,0,0,0,0,0,0,0,0,0,0,0,0
2025-11-10 20:23:55.254979,2668.8,1571.51,414.4,214.58,-1368.46,-1123.85,-1348.88,-1090.85,0,0,0,0,0,0,0,0,0,0,0,0,0,0,0,0,0,0
2025-11-10 20:23:55.365874,-2017.02,-2168.57,-2332.18,-2380.73,1187.15,1266.54,1164.35,1217.19,0,0,0,0,0,0,0,0,0,0,0,0,0,0,0,0,0,0
2025-11-10 20:23:55.476841,4646.93,2935.68,1049.82,695.5,-1966.6,-1559.44,-1930.65,-1547.9,0,0,0,0,0,0,0,0,0,0,0,0,0,0,0,0,0,0
2025-11-10 20:23:55.587808,927.51,353.78,-300.14,-405.28,-653.92,-520.08,-643.46,-491.92,0,0,0,0,0,0,0,0,0,0,0,0,0,0,0,0,0,0
2025-11-10 20:23:55.698770,-667.6,-842.21,-1054.91,-1130.55,273.05,374.97,295.31,347.08,0,0,0,0,0,0,0,0,0,0,0,0,0,0,0,0,0,0
2025-11-10 20:23:55.809713,5208.31,3387.09,1174.0,791.52,-2191.63,-1746.12,-2160.25,-1728.95,0,0,0,0,0,0,0,0,0,0,0,0,0,0,0,0,0,0
2025-11-10 20:23:55.920670,-655.0,-958.62,-1309.45,-1351.83,174.61,243.81,159.86,256.42,0,0,0,0,0,0,0,0,0,0,0,0,0,0,0,0,0,0
2025-11-10 20:23:56.031641,-4132.48,-4567.27,-4963.96,-5013.59,2904.56,2998.98,2790.57,2908.86,0,0,0,0,0,0,0,0,0,0,0,0,0,0,0,0,0,0
2025-11-10 20:23:56.142800,4790.96,3163.67,1043.65,695.5,-2090.51,-1678.26,-2067.72,-1652.78,0,0,0,0,0,0,0,0,0,0,0,0,0,0,0,0,0,0
2025-11-10 20:23:56.253775,-2098.56,-2348.54,-2611.13,-2627.49,1150.13,1196.0,1096.76,1182.05,0,0,0,0,0,0,0,0,0,0,0,0,0,0,0,0,0,0
2025-11-10 20:23:56.364677,-3190.49,-3472.66,-3751.34,-3804.71,2141.21,2231.33,2071.74,2156.5,0,0,0,0,0,0,0,0,0,0,0,0,0,0,0,0,0,0
2025-11-10 20:23:56.475652,3438.59,2323.87,639.98,382.75,-1647.95,-1344.86,-1626.76,-1313.48,0,0,0,0,0,0,0,0,0,0,0,0,0,0,0,0,0,0
2025-11-10 20:23:56.586632,-3435.11,-3768.24,-4161.18,-4183.71,2233.48,2295.43,2130.48,2244.74,0,0,0,0,0,0,0,0,0,0,0,0,0,0,0,0,0,0
2025-11-10 20:23:56.697578,-1922.34,-2035.26,-2205.31,-2257.62,1110.7,1196.0,1098.9,1147.45,0,0,0,0,0,0,0,0,0,0,0,0,0,0,0,0,0,0
2025-11-10 20:23:56.808463,4672.14,3358.39,1064.3,703.28,-2013.0,-1593.77,-1972.76,-1582.77,0,0,0,0,0,0,0,0,0,0,0,0,0,0,0,0,0,0
2025-11-10 20:23:56.919415,-4242.18,-4617.96,-5106.93,-5143.14,2930.85,3012.39,2802.64,2933.26,0,0,0,0,0,0,0,0,0,0,0,0,0,0,0,0,0,0
2025-11-10 20:23:57.030339,-557.9,-687.18,-957.28,-1037.75,199.29,304.16,225.57,277.61,0,0,0,0,0,0,0,0,0,0,0,0,0,0,0,0,0,0
2025-11-10 20:23:57.141263,5122.75,3769.31,1163.54,778.91,-2198.34,-1763.02,-2174.47,-1743.17,0,0,0,0,0,0,0,0,0,0,0,0,0,0,0,0,0,0
2025-11-10 20:23:57.252226,-4343.57,-4698.43,-5169.15,-5212.34,3032.77,3126.38,2911.54,3035.19,0,0,0,0,0,0,0,0,0,0,0,0,0,0,0,0,0,0
2025-11-10 20:23:57.363183,921.07,577.48,-43.72,-180.78,-582.58,-418.16,-535.91,-428.08,0,0,0,0,0,0,0,0,0,0,0,0,0,0,0,0,0,0
2025-11-10 20:23:57.474190,4640.22,3411.5,977.4,632.2,-2055.91,-1656.26,-2034.99,-1631.59,0,0,0,0,0,0,0,0,0,0,0,0,0,0,0,0,0,0
2025-11-10 20:23:57.585149,-3679.72,9.39,-9050.58,-9783.36,-11032.19,-11090.93,5017.88,5194.9,0,0,0,0,0,0,0,0,0,0,0,0,0,0,0,0,0,0
2025-11-10 20:23:57.696069,2438.66,2089.71,524.91,296.65,-1245.89,-980.08,-1194.39,-981.15,0,0,0,0,0,0,0,0,0,0,0,0,0,0,0,0,0,0
2025-11-10 20:23:57.807026,3042.43,2615.15,552.8,311.14,-1567.21,-1282.1,-1548.17,-1250.18,0,0,0,0,0,0,0,0,0,0,0,0,0,0,0,0,0,0
2025-11-10 20:23:57.918012,-3564.66,-3863.72,-4304.14,-4331.23,2356.59,2421.77,2251.71,2368.12,0,0,0,0,0,0,0,0,0,0,0,0,0,0,0,0,0,0
2025-11-10 20:23:58.028987,4021.44,3609.45,931.53,595.45,-1839.19,-1458.05,-1794.93,-1451.88,0,0,0,0,0,0,0,0,0,0,0,0,0,0,0,0,0,0
2025-11-10 20:23:58.139915,1329.84,1101.85,-64.91,-195.0,-890.76,-730.9,-878.42,-699.25,0,0,0,0,0,0,0,0,0,0,0,0,0,0,0,0,0,0
2025-11-10 20:23:58.250844,-4287.51,-4620.64,-5119.53,-5155.74,2968.94,3054.23,2845.29,2972.16,0,0,0,0,0,0,0,0,0,0,0,0,0,0,0,0,0,0
2025-11-10 20:23:58.361770,4816.17,4327.74,1094.07,713.2,-2165.35,-1726.54,-2132.09,-1711.79,0,0,0,0,0,0,0,0,0,0,0,0,0,0,0,0,0,0
2025-11-10 20:23:58.472723,-253.2,-390.26,-978.47,-1036.67,-87.44,-3.22,-92.8,15.56,0,0,0,0,0,0,0,0,0,0,0,0,0,0,0,0,0,0
2025-11-10 20:23:58.583687,-4237.89,-4590.33,-5046.31,-5087.35,2988.79,3075.42,2858.16,2984.23,0,0,0,0,0,0,0,0,0,0,0,0,0,0,0,0,0,0
2025-11-10 20:23:58.694608,1095.15,1017.36,56.06,-94.15,-697.91,-518.2,-649.63,-527.86,0,0,0,0,0,0,0,0,0,0,0,0,0,0,0,0,0,0
2025-11-10 20:23:58.805481,-1731.9,-1895.79,-2209.07,-2227.57,867.69,914.1,826.39,909.0,0,0,0,0,0,0,0,0,0,0,0,0,0,0,0,0,0,0
2025-11-10 20:23:58.916427,-3481.51,-3736.05,-4087.69,-4138.92,2398.16,2490.43,2313.41,2409.96,0,0,0,0,0,0,0,0,0,0,0,0,0,0,0,0,0,0
2025-11-10 20:23:59.027379,2630.44,2473.27,588.21,341.71,-1334.94,-1048.48,-1283.71,-1049.55,0,0,0,0,0,0,0,0,0,0,0,0,0,0,0,0,0,0
2025-11-10 20:23:59.138294,-3107.34,-3360.27,-3739.8,-3759.12,1967.4,2022.92,1877.28,1981.88,0,0,0,0,0,0,0,0,0,0,0,0,0,0,0,0,0,0
2025-11-10 20:23:59.249258,-2199.95,-2320.65,-2512.69,-2564.19,1341.91,1426.67,1318.84,1371.68,0,0,0,0,0,0,0,0,0,0,0,0,0,0,0,0,0,0
2025-11-10 20:23:59.360979,4098.42,3940.7,952.99,610.47,-1909.46,-1521.35,-1879.42,-1513.03,0,0,0,0,0,0,0,0,0,0,0,0,0,0,0,0,0,0
2025-11-10 20:23:59.471815,1040.97,924.29,-195.8,-311.94,-772.48,-626.3,-760.94,-596.52,0,0,0,0,0,0,0,0,0,0,0,0,0,0,0,0,0,0
2025-11-10 20:23:59.583317,-4305.48,-4680.19,-5154.4,-5188.47,3023.12,3100.37,2884.98,3019.36,0,0,0,0,0,0,0,0,0,0,0,0,0,0,0,0,0,0
2025-11-10 20:23:59.694308,4783.18,4526.5,1091.93,707.03,-2178.76,-1742.09,-2152.2,-1724.66,0,0,0,0,0,0,0,0,0,0,0,0,0,0,0,0,0,0
2025-11-10 20:23:59.805299,-504.79,-620.93,-1157.11,-1205.92,61.96,135.18,49.35,149.67,0,0,0,0,0,0,0,0,0,0,0,0,0,0,0,0,0,0
2025-11-10 20:23:59.916375,-4141.87,-4501.82,-4934.19,-4981.4,2932.73,3022.85,2812.03,2935.14,0,0,0,0,0,0,0,0,0,0,0,0,0,0,0,0,0,0
2025-11-10 20:24:00.027386,4553.85,4304.41,983.83,624.95,-2120.82,-1703.74,-2099.63,-1680.14,0,0,0,0,0,0,0,0,0,0,0,0,0,0,0,0,0,0
2025-11-10 20:24:00.138294,-1932.53,-2114.65,-2415.6,-2433.84,1028.36,1075.3,980.62,1063.76,0,0,0,0,0,0,0,0,0,0,0,0,0,0,0,0,0,0
2025-11-10 20:24:00.249267,-3307.43,-3571.36,-3875.52,-3923.0,2261.1,2354.17,2187.61,2275.59,0,0,0,0,0,0,0,0,0,0,0,0,0,0,0,0,0,0
2025-11-10 20:24:00.360229,2885.25,2777.7,641.32,378.46,-1439.81,-1135.11,-1395.29,-1134.57,0,0,0,0,0,0,0,0,0,0,0,0,0,0,0,0,0,0
2025-11-10 20:24:00.471210,-3265.86,-3599.26,-3966.72,-3989.25,2132.36,2193.24,2040.36,2147.91,0,0,0,0,0,0,0,0,0,0,0,0,0,0,0,0,0,0
2025-11-10 20:24:00.582255,-1990.2,-2123.51,-2289.53,-2338.62,1196.53,1275.12,1174.54,1226.57,0,0,0,0,0,0,0,0,0,0,0,0,0,0,0,0,0,0
2025-11-10 20:24:00.693509,4267.66,4165.74,987.86,628.71,-1982.96,-1577.41,-1951.04,-1567.48,0,0,0,0,0,0,0,0,0,0,0,0,0,0,0,0,0,0
2025-11-10 20:24:00.804416,-4149.11,-4545.54,-4994.01,-5026.19,2905.37,2976.98,2770.72,2901.08,0,0,0,0,0,0,0,0,0,0,0,0,0,0,0,0,0,0
2025-11-10 20:24:00.915704,-673.77,-709.44,-1032.65,-1109.63,263.66,365.59,287.53,338.23,0,0,0,0,0,0,0,0,0,0,0,0,0,0,0,0,0,0
2025-11-10 20:24:01.026962,4736.51,4702.72,1091.39,704.88,-2196.46,-1753.36,-2167.23,-1735.12,0,0,0,0,0,0,0,0,0,0,0,0,0,0,0,0,0,0
2025-11-10 20:24:01.138259,-733.05,-840.87,-1326.62,-1367.39,196.87,262.59,179.44,275.73,0,0,0,0,0,0,0,0,0,0,0,0,0,0,0,0,0,0
2025-11-10 20:24:01.249545,-4079.64,-4478.48,-4862.58,-4914.34,2889.54,2985.03,2780.38,2894.37,0,0,0,0,0,0,0,0,0,0,0,0,0,0,0,0,0,0
2025-11-10 20:24:01.361009,4360.2,1098.63,772750.9,796920.82,126754.77,36666.6,-462249.52,-356094.11,0,0,0,0,0,0,0,0,0,0,0,0,0,0,0,0,0,0
2025-11-10 20:24:01.471943,-2148.45,-2372.95,-2655.12,-2673.63,1195.73,1245.08,1146.11,1229.26,0,0,0,0,0,0,0,0,0,0,0,0,0,0,0,0,0,0
2025-11-10 20:24:01.582890,-3100.37,-3371.81,-3640.56,-3687.77,2100.44,2183.32,2027.21,2111.7,0,0,0,0,0,0,0,0,0,0,0,0,0,0,0,0,0,0
2025-11-10 20:24:01.693852,3086.95,3057.72,705.15,425.93,-1524.3,-1208.34,-1482.46,-1205.38,0,0,0,0,0,0,0,0,0,0,0,0,0,0,0,0,0,0
2025-11-10 20:24:01.804815,-3445.3,-3797.2,-4169.49,-4194.17,2273.71,2339.96,2177.42,2287.66,0,0,0,0,0,0,0,0,0,0,0,0,0,0,0,0,0,0
2025-11-10 20:24:01.915756,-1808.35,-1934.41,-2094.81,-2147.64,1051.96,1132.7,1039.09,1086.56,0,0,0,0,0,0,0,0,0,0,0,0,0,0,0,0,0,0
2025-11-10 20:24:02.026721,4359.13,4374.41,1018.97,652.31,-2035.8,-1616.03,-1998.25,-1605.84,0,0,0,0,0,0,0,0,0,0,0,0,0,0,0,0,0,0
2025-11-10 20:24:02.137693,-4211.34,-4642.64,-5084.66,-5492.63,35156.52,-131835.14,-883300.83,1577636.28,0,0,0,0,0,0,0,0,0,0,0,0,0,0,0,0,0,0
2025-11-10 20:24:02.248590,-465.1,-485.75,-868.5,-952.18,134.38,243.54,163.35,217.8,0,0,0,0,0,0,0,0,0,0,0,0,0,0,0,0,0,0
2025-11-10 20:24:02.359555,4671.6,4737.85,1068.86,686.11,-2169.91,-1731.63,-2136.65,-1713.4,0,0,0,0,0,0,0,0,0,0,0,0,0,0,0,0,0,0
2025-11-10 20:24:02.470527,-964.25,-1082.0,-1520.81,-1555.68,350.3,413.86,331.52,422.18,0,0,0,0,0,0,0,0,0,0,0,0,0,0,0,0,0,0
2025-11-10 20:24:02.581489,947.62,1020.04,7.51,-138.67,-648.29,-473.68,-597.33,-485.21,0,0,0,0,0,0,0,0,0,0,0,0,0,0,0,0,0,0
2025-11-10 20:24:02.692433,4120.68,4225.82,891.03,554.14,-2013.0,-1626.76,-1996.1,-1599.13,0,0,0,0,0,0,0,0,0,0,0,0,0,0,0,0,0,0
2025-11-10 20:24:02.803390,-2376.17,-2629.91,-2911.0,-2927.63,1386.97,1431.76,1323.13,1411.38,0,0,0,0,0,0,0,0,0,0,0,0,0,0,0,0,0,0
2025-11-10 20:24:02.914321,2459.32,2573.58,545.29,308.19,-1305.43,-1029.7,-1260.91,-140624.2,0,0,0,0,0,0,0,0,0,0,0,0,0,0,0,0,0,0
2025-11-10 20:24:03.025155,2630.98,2738.8,462.14,235.23,-1480.31,-1216.92,-1461.8,-1185.27,0,0,0,0,0,0,0,0,0,0,0,0,0,0,0,0,0,0
2025-11-10 20:24:03.136056,-3633.86,-4044.5,-4426.99,-4453.0,2472.46,2539.78,2364.64,2480.78,0,0,0,0,0,0,0,0,0,0,0,0,0,0,0,0,0,0
2025-11-10 20:24:03.247064,-1515.18,-1618.98,-1794.4,-1851.53,842.75,925.36,839.8,884.59,0,0,0,0,0,0,0,0,0,0,0,0,0,0,0,0,0,0
2025-11-10 20:24:03.358035,1024.07,1079.05,-182.12,-299.33,-791.25,-642.39,-781.6,-612.88,0,0,0,0,0,0,0,0,0,0,0,0,0,0,0,0,0,0
2025-11-10 20:24:03.468999,-4295.83,-4719.88,-5179.08,-5212.87,3041.36,3117.53,2901.88,3035.72,0,0,0,0,0,0,0,0,0,0,0,0,0,0,0,0,0,0
2025-11-10 20:24:03.579961,-158.79,-130.09,-639.44,-734.39,-50.96,68.66,-15.83,47.21,0,0,0,0,0,0,0,0,0,0,0,0,0,0,0,0,0,0
2025-11-10 20:24:03.690891,-510.69,-596.79,-1155.23,-1203.78,61.15,134.11,50.43,150.2,0,0,0,0,0,0,0,0,0,0,0,0,0,0,0,0,0,0
2025-11-10 20:24:03.801768,-4112.9,-4518.18,-4926.41,-4972.28,2966.79,3058.52,2847.97,2968.13,0,0,0,0,0,0,0,0,0,0,0,0,0,0,0,0,0,0
2025-11-10 20:24:03.912712,1293.9,1376.24,157.18,-5.9,-804.39,-611.28,-751.82,-619.05,0,0,0,0,0,0,0,0,0,0,0,0,0,0,0,0,0,0
2025-11-10 20:24:04.023701,-1956.4,1098.63,1976303.22,2033981.44,412536.65,254607.9,-979842.93,-794173.97,0,0,0,0,0,0,0,0,0,0,0,0,0,0,0,0,0,0
2025-11-10 20:24:04.134694,-3201.75,-3496.8,-3777.89,-3824.03,2219.53,2303.75,2140.13,2228.38,0,0,0,0,0,0,0,0,0,0,0,0,0,0,0,0,0,0
2025-11-10 20:24:04.245597,2814.71,3008.1,641.85,380.87,-1438.2,-1136.99,-1393.68,-1135.92,0,0,0,0,0,0,0,0,0,0,0,0,0,0,0,0,0,0
2025-11-10 20:24:04.356572,2268.08,2423.64,345.47,148.06,-1333.06,-1096.22,-1313.21,-1064.84,0,0,0,0,0,0,0,0,0,0,0,0,0,0,0,0,0,0
2025-11-10 20:24:04.467538,-1885.06,-2032.04,-2187.61,-2242.06,1131.36,1213.97,1116.87,1165.15,0,0,0,0,0,0,0,0,0,0,0,0,0,0,0,0,0,0
2025-11-10 20:24:04.578498,4136.23,4484.39,958.09,598.4,-1965.79,-1559.44,-1929.04,-1551.12,0,0,0,0,0,0,0,0,0,0,0,0,0,0,0,0,0,0
2025-11-10 20:24:04.689452,652.58,727.95,-367.46,-465.36,-604.03,-480.12,-598.67,-452.76,0,0,0,0,0,0,0,0,0,0,0,0,0,0,0,0,0,0
2025-11-10 20:24:04.800406,-587.94,-594.38,-955.4,-1034.53,215.38,317.84,241.13,291.82,0,0,0,0,0,0,0,0,0,0,0,0,0,0,0,0,0,0
2025-11-10 20:24:04.911337,4542.05,4995.08,1086.03,714.54,-2172.59,-1746.12,-2154.62,-1726.0,0,0,0,0,0,0,0,0,0,0,0,0,0,0,0,0,0,0
2025-11-10 20:24:05.022242,-740.29,-802.25,-1307.31,-1345.93,207.6,274.66,192.58,285.92,0,0,0,0,0,0,0,0,0,0,0,0,0,0,0,0,0,0
2025-11-10 20:24:05.133093,-3750.0,-4208.12,-4564.85,-4608.04,2798.89,2882.3,2683.55,2796.47,0,0,0,0,0,0,0,0,0,0,0,0,0,0,0,0,0,0
2025-11-10 20:24:05.244047,4085.81,4556.81,954.6,624.42,-2066.11,-1672.09,-2047.33,-1642.85,0,0,0,0,0,0,0,0,0,0,0,0,0,0,0,0,0,0
2025-11-10 20:24:05.354974,-3326.48,-3486.6,-3785.67,-3212.48,1686.84,1751.75,1603.16,1718.49,0,0,0,0,0,0,0,0,0,0,0,0,0,0,0,0,0,0
2025-11-10 20:24:05.465890,-3156.69,-3539.18,-3781.11,-3831.8,2148.72,2242.06,2036.33,2142.55,0,0,0,0,0,0,0,0,0,0,0,0,0,0,0,0,0,0
2025-11-10 20:24:05.576807,4189.07,3726.93,64.1,1123.58,722.05,1024.34,540.2,-1965.79,0,0,0,0,0,0,0,0,0,0,0,0,0,0,0,0,0,0
2025-11-10 20:24:05.687746,-3372.34,-3795.86,-4155.01,-4177.54,2339.69,2407.55,2242.06,2352.3,0,0,0,0,0,0,0,0,0,0,0,0,0,0,0,0,0,0
2025-11-10 20:24:05.798683,-1583.04,-1722.78,-1877.55,-1932.53,932.34,1013.88,926.17,970.42,0,0,0,0,0,0,0,0,0,0,0,0,0,0,0,0,0,0
2025-11-10 20:24:05.909605,1144.77,1285.85,-93.61,-216.19,-859.65,-702.47,-845.97,-671.63,0,0,0,0,0,0,0,0,0,0,0,0,0,0,0,0,0,0
2025-11-10 20:24:06.020573,-4093.59,-4548.22,-4986.23,-5020.02,2994.95,3070.06,2861.38,2992.54,0,0,0,0,0,0,0,0,0,0,0,0,0,0,0,0,0,0
2025-11-10 20:24:06.131539,-308.45,-268.22,-725.27,-811.9,37.01,150.47,70.81,128.48,0,0,0,0,0,0,0,0,0,0,0,0,0,0,0,0,0,0
2025-11-10 20:24:06.242513,4434.76,4964.23,1079.59,717.22,-2166.96,-1735.66,-2138.53,-1716.08,0,0,0,0,0,0,0,0,0,0,0,0,0,0,0,0,0,0
2025-11-10 20:24:06.353488,-3945.26,-4403.38,-4802.23,-4843.53,2924.14,3012.93,2807.2,2926.02,0,0,0,0,0,0,0,0,0,0,0,0,0,0,0,0,0,0
2025-11-10 20:24:06.464452,1022.73,1253.93,88.51,-57.94,-715.08,-534.83,-663.85,-542.61,0,0,0,0,0,0,0,0,0,0,0,0,0,0,0,0,0,0
2025-11-10 20:24:06.575393,3783.52,4381.39,878.96,568.09,-1942.99,-1579.55,-1926.9,-1549.51,0,0,0,0,0,0,0,0,0,0,0,0,0,0,0,0,0,0
2025-11-10 20:24:06.686334,-3213.29,-3563.05,-3846.29,-3894.3,2316.62,2400.04,2234.01,2323.87,0,0,0,0,0,0,0,0,0,0,0,0,0,0,0,0,0,0
2025-11-10 20:24:06.797282,2473.8,2907.25,597.86,359.15,-1353.71,-1071.81,-1309.45,-1070.74,0,0,0,0,0,0,0,0,0,0,0,0,0,0,0,0,0,0
2025-11-10 20:24:06.908190,2328.43,2730.76,424.06,220.21,-1404.14,-1158.71,-1383.22,-1126.26,0,0,0,0,0,0,0,0,0,0,0,0,0,0,0,0,0,0
2025-11-10 20:24:07.019110,-3578.87,-4005.88,-4399.63,-4427.52,2534.42,2602.82,2423.11,2541.12,0,0,0,0,0,0,0,0,0,0,0,0,0,0,0,0,0,0
2025-11-10 20:24:07.130076,3822.95,4523.28,963.18,625.76,-1918.32,-1520.54,-1878.35,-1513.3,0,0,0,0,0,0,0,0,0,0,0,0,0,0,0,0,0,0
2025-11-10 20:24:07.241022,762.82,944.67,-269.83,-370.68,-685.84,-552.54,-676.45,-524.1,0,0,0,0,0,0,0,0,0,0,0,0,0,0,0,0,0,0
2025-11-10 20:24:07.351953,-4182.37,-4588.19,-5047.11,-5083.05,3047.26,3123.16,2912.88,3041.36,0,0,0,0,0,0,0,0,0,0,0,0,0,0,0,0,0,0
2025-11-10 20:24:07.462932,4386.48,5077.15,1074.49,708.37,-2141.48,17.17,66.52,890.23,0,0,0,0,0,0,0,0,0,0,0,0,0,0,0,0,0,0
2025-11-10 20:24:07.573921,-710.79,-742.17,-1276.2,-1315.62,182.66,247.03,166.57,261.25,0,0,0,0,0,0,0,0,0,0,0,0,0,0,0,0,0,0
2025-11-10 20:24:07.684888,-3901.01,-4394.53,-4730.61,-4775.67,2859.5,2953.92,2753.29,2867.01,0,0,0,0,0,0,0,0,0,0,0,0,0,0,0,0,0,0
2025-11-10 20:24:07.795788,1408.96,1765.7,257.22,86.1,-900.15,-700.59,-851.06,-704.88,0,0,0,0,0,0,0,0,0,0,0,0,0,0,0,0,0,0
2025-11-10 20:24:07.906745,-2092.66,-2354.98,-2615.15,-2630.98,1208.6,1257.42,1157.91,1241.33,0,0,0,0,0,0,0,0,0,0,0,0,0,0,0,0,0,0
2025-11-10 20:24:08.017721,-2918.24,-3265.32,-3482.85,-3529.52,2040.89,2125.11,1975.18,2054.57,0,0,0,0,0,0,0,0,0,0,0,0,0,0,0,0,0,0
2025-11-10 20:24:08.128694,2898.4,3450.39,711.05,438.27,-1524.84,-1206.73,-1477.63,-1205.38,0,0,0,0,0,0,0,0,0,0,0,0,0,0,0,0,0,0
2025-11-10 20:24:08.239669,-3397.82,-3780.04,-4141.87,-4165.47,2323.6,2383.41,2217.65,2331.38,0,0,0,0,0,0,0,0,0,0,0,0,0,0,0,0,0,0
2025-11-10 20:24:08.350641,-1658.41,-1785.55,-1943.8,-1997.17,983.3,1063.5,974.45,1019.78,0,0,0,0,0,0,0,0,0,0,0,0,0,0,0,0,0,0
2025-11-10 20:24:08.461603,4165.2,4804.1,1026.21,670.02,-2008.97,-1604.23,-1979.47,-1591.09,0,0,0,0,0,0,0,0,0,0,0,0,0,0,0,0,0,0
2025-11-10 20:24:08.572588,372.02,486.55,-507.47,-590.09,-468.58,-357.27,-463.22,-331.25,0,0,0,0,0,0,0,0,0,0,0,0,0,0,0,0,0,0
2025-11-10 20:24:08.683574,-360.76,-315.7,-770.06,-855.89,70.81,180.24,100.85,156.91,0,0,0,0,0,0,0,0,0,0,0,0,0,0,0,0,0,0
2025-11-10 20:24:08.794467,4454.88,5208.58,1078.52,706.23,-2164.27,-1729.22,-2134.23,-1709.64,0,0,0,0,0,0,0,0,0,0,0,0,0,0,0,0,0,0
2025-11-10 20:24:08.905424,-1090.85,-1158.45,-1596.45,-1626.22,438.81,495.94,416.28,501.84,0,0,0,0,0,0,0,0,0,0,0,0,0,0,0,0,0,0
2025-11-10 20:24:09.016345,1024.34,1256.61,75.1,-72.42,-708.1,-528.66,-656.87,-537.25,0,0,0,0,0,0,0,0,0,0,0,0,0,0,0,0,0,0
2025-11-10 20:24:09.127249,3799.35,4428.06,860.18,546.1,-1942.99,-1577.14,-1928.24,-1550.05,0,0,0,0,0,0,0,0,0,0,0,0,0,0,0,0,0,0
2025-11-10 20:24:09.238226,-2446.71,-2700.45,-2991.74,-3008.1,1486.75,1537.98,1428.54,1514.38,0,0,0,0,0,0,0,0,0,0,0,0,0,0,0,0,0,0
2025-11-10 20:24:09.349194,-2593.16,-2871.84,-3062.55,-3112.44,1761.41,1844.02,1712.32,1780.72,0,0,0,0,0,0,0,0,0,0,0,0,0,0,0,0,0,0
2025-11-10 20:24:09.460149,2371.34,2797.81,423.25,218.33,-1397.43,-1150.4,-1375.97,-1118.48,0,0,0,0,0,0,0,0,0,0,0,0,0,0,0,0,0,0
2025-11-10 20:24:09.571092,-3545.08,-4002.93,-4377.1,-4403.11,2525.57,2592.62,2413.45,2531.74,0,0,0,0,0,0,0,0,0,0,0,0,0,0,0,0,0,0
2025-11-10 20:24:09.682318,-1318.57,-1416.21,-1603.69,-1662.43,726.34,811.1,731.44,773.01,0,0,0,0,0,0,0,0,0,0,0,0,0,0,0,0,0,0
2025-11-10 20:24:09.793211,759.33,984.37,-282.7,-387.58,-683.96,-549.05,-674.31,-520.89,0,0,0,0,0,0,0,0,0,0,0,0,0,0,0,0,0,0
2025-11-10 20:24:09.904187,-4224.21,-4648.27,-5092.71,-5128.12,3055.57,3133.36,2920.39,3050.21,0,0,0,0,0,0,0,0,0,0,0,0,0,0,0,0,0,0
2025-11-10 20:24:10.015142,5.1,142.16,-508.28,-609.67,-159.59,-33.26,-119.36,-52.57,0,0,0,0,0,0,0,0,0,0,0,0,0,0,0,0,0,0
2025-11-10 20:24:10.126113,4333.91,5201.34,1018.97,652.58,-2139.06,-1727.34,-2126.99,-1703.74,0,0,0,0,0,0,0,0,0,0,0,0,0,0,0,0,0,0
2025-11-10 20:24:10.237067,-3946.87,-4423.5,-4768.97,-4812.15,2877.47,2973.5,2772.87,2883.11,0,0,0,0,0,0,0,0,0,0,0,0,0,0,0,0,0,0
2025-11-10 20:24:10.348050,1414.6,1797.88,246.5,72.15,-903.9,-700.06,-855.62,-705.96,0,0,0,0,0,0,0,0,0,0,0,0,0,0,0,0,0,0
2025-11-10 20:24:10.459022,3502.16,4164.4,741.36,440.96,-1842.68,-1494.8,-1824.44,-1466.36,0,0,0,0,0,0,0,0,0,0,0,0,0,0,0,0,0,0
2025-11-10 20:24:10.569998,-2970.01,-3291.61,-3516.64,-3564.66,2055.38,2141.21,1988.59,2068.79,0,0,0,0,0,0,0,0,0,0,0,0,0,0,0,0,0,0
2025-11-10 20:24:10.680937,2990.66,3628.22,699.25,410.65,-1557.02,-1232.21,-1511.96,-1230.6,0,0,0,0,0,0,0,0,0,0,0,0,0,0,0,0,0,0
2025-11-10 20:24:10.791885,1862.26,2320.38,225.31,48.55,-1211.82,-1002.07,-1197.34,-969.62,0,0,0,0,0,0,0,0,0,0,0,0,0,0,0,0,0,0
2025-11-10 20:24:10.902749,-3915.76,-4403.38,-4793.38,-4821.27,2777.7,2845.56,2651.63,2776.09,0,0,0,0,0,0,0,0,0,0,0,0,0,0,0,0,0,0
2025-11-10 20:24:11.013707,4159.03,5052.75,984.64,613.15,-2039.55,-1621.13,-2007.37,-1610.4,0,0,0,0,0,0,0,0,0,0,0,0,0,0,0,0,0,0
2025-11-10 20:24:11.124630,300.41,442.03,-563.8,-646.41,-428.62,-323.74,-427.01,-297.73,0,0,0,0,0,0,0,0,0,0,0,0,0,0,0,0,0,0
2025-11-10 20:24:11.235593,-4233.33,-4781.84,-5153.06,-5189.81,3086.42,3177.88,2963.3,3089.37,0,0,0,0,0,0,0,0,0,0,0,0,0,0,0,0,0,0
2025-11-10 20:24:11.346572,4394.8,5299.51,1031.04,658.21,-2178.49,-1752.29,-2166.42,-1730.29,0,0,0,0,0,0,0,0,0,0,0,0,0,0,0,0,0,0
2025-11-10 20:24:11.457459,-1187.15,-1292.29,-1697.3,-1726.0,505.06,558.44,478.24,564.07,0,0,0,0,0,0,0,0,0,0,0,0,0,0,0,0,0,0
2025-11-10 20:24:11.568441,-3714.59,-4204.36,-4490.02,-4538.03,2701.52,2793.25,2601.47,2707.69,0,0,0,0,0,0,0,0,0,0,0,0,0,0,0,0,0,0
2025-11-10 20:24:11.679434,1892.84,2388.78,414.94,205.19,-1126.8,-884.06,-1073.96,-887.01,0,0,0,0,0,0,0,0,0,0,0,0,0,0,0,0,0,0
2025-11-10 20:24:11.790408,-2577.6,-2911.54,-3175.47,-3193.71,1590.01,1642.32,1522.96,1613.62,0,0,0,0,0,0,0,0,0,0,0,0,0,0,0,0,0,0
2025-11-10 20:24:11.901376,-2495.8,-2799.69,-2957.94,-3006.49,1671.55,1752.02,1623.81,1690.06,0,0,0,0,0,0,0,0,0,0,0,0,0,0,0,0,0,0
2025-11-10 20:24:12.012637,3440.2,4227.43,823.17,498.62,-1762.21,-1394.48,-1722.51,-1390.19,0,0,0,0,0,0,0,0,0,0,0,0,0,0,0,0,0,0
2025-11-10 20:24:12.123613,-3753.22,-4284.83,-4630.57,-4653.63,2655.66,2722.17,2532.81,2657.26,0,0,0,0,0,0,0,0,0,0,0,0,0,0,0,0,0,0
2025-11-10 20:24:12.234976,-1221.48,-1308.65,-1519.47,-1581.97,637.83,725.27,645.61,688.52,0,0,0,0,0,0,0,0,0,0,0,0,0,0,0,0,0,0
2025-11-10 20:24:12.345925,4331.23,5275.64,1034.8,649.36,-2134.77,-1702.4,-2107.68,-1688.72,0,0,0,0,0,0,0,0,0,0,0,0,0,0,0,0,0,0
2025-11-10 20:24:12.456889,-218.6,-155.84,-919.46,-977.67,-135.45,-52.03,-143.23,-32.19,0,0,0,0,0,0,0,0,0,0,0,0,0,0,0,0,0,0
2025-11-10 20:24:12.567859,162.01,322.67,-414.4,-524.91,-253.47,-119.36,-211.63,-562498.42,0,0,0,0,0,0,0,0,0,0,0,0,0,0,0,0,0,0
2025-11-10 20:24:12.678793,4285.1,5230.04,981.96,610.74,-2139.06,-1723.86,-2125.92,-1699.45,0,0,0,0,0,0,0,0,0,0,0,0,0,0,0,0,0,0
2025-11-10 20:24:12.789762,-1670.21,-1864.14,-2165.88,-2187.07,855.36,906.05,820.22,901.49,0,0,0,0,0,0,0,0,0,0,0,0,0,0,0,0,0,0
2025-11-10 20:24:12.900760,-3359.2,-3791.84,-4041.55,-4089.3,2407.82,2495.53,2320.92,2415.6,0,0,0,0,0,0,0,0,0,0,0,0,0,0,0,0,0,0
2025-11-10 20:24:13.011650,3253.52,4001.32,670.82,380.87,-1774.01,-1441.42,-1753.63,-1413.52,0,0,0,0,0,0,0,0,0,0,0,0,0,0,0,0,0,0
2025-11-10 20:24:13.122490,-3025.0,-3456.03,-3742.75,-3765.82,1998.51,2056.45,1912.68,2014.07,0,0,0,0,0,0,0,0,0,0,0,0,0,0,0,0,0,0
2025-11-10 20:24:13.233429,-2076.83,-2318.77,-2441.62,-2491.24,1322.6,1401.72,1294.17,1348.08,0,0,0,0,0,0,0,0,0,0,0,0,0,0,0,0,0,0
2025-11-10 20:24:13.344398,1632.39,2055.91,125.53,-33.26,-1117.14,-922.68,-1103.73,-891.83,0,0,0,0,0,0,0,0,0,0,0,0,0,0,0,0,0,0
2025-11-10 20:24:13.455451,-3977.72,-4581.21,-4916.22,-4947.87,2868.09,2940.51,2739.34,2865.67,0,0,0,0,0,0,0,0,0,0,0,0,0,0,0,0,0,0
2025-11-10 20:24:13.566392,-753.16,-771.14,-1099.44,-1174.27,329.64,427.28,349.49,397.77,0,0,0,0,0,0,0,0,0,0,0,0,0,0,0,0,0,0
2025-11-10 20:24:13.677358,4425.65,5393.65,1038.82,650.97,-2175.81,-1744.24,-2154.89,-1726.0,0,0,0,0,0,0,0,0,0,0,0,0,0,0,0,0,0,0
2025-11-10 20:24:13.789210,-4190.15,-4789.08,-5125.7,-5164.06,3073.01,3154.01,2937.56,3066.03,0,0,0,0,0,0,0,0,0,0,0,0,0,0,0,0,0,0
2025-11-10 20:24:13.900177,634.07,877.89,-132.77,-265.54,-512.84,-354.59,-465.36,-366.66,0,0,0,0,0,0,0,0,0,0,0,0,0,0,0,0,0,0
2025-11-10 20:24:14.011093,4085.27,4932.85,902.83,549.58,-2070.67,-1667.53,-2047.06,-1641.51,0,0,0,0,0,0,0,0,0,0,0,0,0,0,0,0,0,0
2025-11-10 20:24:14.122117,-2108.48,-2397.09,-2639.56,-2658.87,1211.82,1260.91,1162.47,1245.62,0,0,0,0,0,0,0,0,0,0,0,0,0,0,0,0,0,0
2025-11-10 20:24:14.233078,2116.53,2603.62,466.97,243.81,-1200.56,-949.23,-1155.23,-949.77,0,0,0,0,0,0,0,0,0,0,0,0,0,0,0,0,0,0
2025-11-10 20:24:14.344062,2755.17,3339.89,511.77,269.03,-1564.8,-1283.71,-1547.63,-1252.32,0,0,0,0,0,0,0,0,0,0,0,0,0,0,0,0,0,0
2025-11-10 20:24:14.455022,-3435.91,-3922.19,-4246.47,-4271.42,2364.1,2427.67,2258.15,2372.15,0,0,0,0,0,0,0,0,0,0,0,0,0,0,0,0,0,0
2025-11-10 20:24:14.566010,3653.97,4875.18,2471.66,-1687774.49,-1867400.97,-2007202.0,-2062957.35,990966.86,0,0,0,0,0,0,0,0,0,0,0,0,0,0,0,0,0,0
2025-11-10 20:24:14.676945,1130.82,1412.18,-106.48,-235.77,-871.18,-713.74,-857.5,-682.62,0,0,0,0,0,0,0,0,0,0,0,0,0,0,0,0,0,0
2025-11-10 20:24:14.787878,-4130.87,-4735.71,-5085.47,-5118.73,3009.71,3086.42,2875.06,3006.49,0,0,0,0,0,0,0,0,0,0,0,0,0,0,0,0,0,0
2025-11-10 20:24:14.898807,-276.0,-203.58,-720.71,-811.64,11.53,126.87,44.26,103.8,0,0,0,0,0,0,0,0,0,0,0,0,0,0,0,0,0,0
2025-11-10 20:24:15.009691,-430.49,-420.84,-1081.47,-1132.7,6.71,83.42,-1.61,100.05,0,0,0,0,0,0,0,0,0,0,0,0,0,0,0,0,0,0
2025-11-10 20:24:15.120567,-4044.5,-4635.39,-4951.09,-4989.98,2981.54,3064.96,2853.6,2976.45,0,0,0,0,0,0,0,0,0,0,0,0,0,0,0,0,0,0
2025-11-10 20:24:15.231533,1171.05,1528.05,125.8,-38.89,-788.3,-596.79,-736.8,-604.3,0,0,0,0,0,0,0,0,0,0,0,0,0,0,0,0,0,0
2025-11-10 20:24:15.342428,-1884.79,-2119.75,-2390.92,-2407.55,1025.68,1070.47,977.4,1060.55,0,0,0,0,0,0,0,0,0,0,0,0,0,0,0,0,0,0
2025-11-10 20:24:15.453330,-3188.34,-3623.66,-3826.71,-3872.04,2248.76,2331.91,2166.96,2256.01,0,0,0,0,0,0,0,0,0,0,0,0,0,0,0,0,0,0
2025-11-10 20:24:15.564247,2722.17,3385.22,626.03,355.39,-1460.19,-1155.5,-1417.28,-1153.08,0,0,0,0,0,0,0,0,0,0,0,0,0,0,0,0,0,0
2025-11-10 20:24:15.675176,2133.97,2637.68,315.96,119.63,-1316.96,-1092.2,-1305.7,-1058.67,0,0,0,0,0,0,0,0,0,0,0,0,0,0,0,0,0,0
2025-11-10 20:24:15.786119,-1831.68,-2044.92,-2166.15,-2217.11,1120.09,1202.97,1107.22,1154.69,0,0,0,0,0,0,0,0,0,0,0,0,0,0,0,0,0,0
2025-11-10 20:24:15.897081,4010.98,4973.08,955.13,590.89,-1999.32,-1594.31,-1971.42,-1582.24,0,0,0,0,0,0,0,0,0,0,0,0,0,0,0,0,0,0
2025-11-10 20:24:16.008085,541.27,739.49,-422.98,-517.67,-566.21,-442.3,-559.24,-416.55,0,0,0,0,0,0,0,0,0,0,0,0,0,0,0,0,0,0
2025-11-10 20:24:16.119048,-506.13,-477.7,-895.32,-978.74,166.57,272.24,193.39,246.76,0,0,0,0,0,0,0,0,0,0,0,0,0,0,0,0,0,0
2025-11-10 20:24:16.229944,4459.17,5432.28,1044.18,658.21,-2196.46,-1752.56,-2166.42,-1735.12,0,0,0,0,0,0,0,0,0,0,0,0,0,0,0,0,0,0
2025-11-10 20:24:16.340923,-954.06,-1031.31,-1498.82,-1535.3,348.69,410.65,329.64,418.69,0,0,0,0,0,0,0,0,0,0,0,0,0,0,0,0,0,0
2025-11-10 20:24:16.451889,-3824.83,-4381.39,-4659.0,-4703.25,2826.24,2910.2,2711.18,2823.29,0,0,0,0,0,0,0,0,0,0,0,0,0,0,0,0,0,0
2025-11-10 20:24:16.562837,3910.66,4771.92,855.89,517.13,-1998.78,-1617.91,-1977.06,-1592.16,0,0,0,0,0,0,0,0,0,0,0,0,0,0,0,0,0,0
2025-11-10 20:24:16.673790,-2332.45,-2667.46,-2899.47,-2916.9,1419.69,1464.49,1355.59,1442.49,0,0,0,0,0,0,0,0,0,0,0,0,0,0,0,0,0,0
2025-11-10 20:24:16.784739,-2700.98,-3052.09,-3216.24,-3265.32,1859.04,1938.97,1800.3,1874.33,0,0,0,0,0,0,0,0,0,0,0,0,0,0,0,0,0,0
2025-11-10 20:24:16.895668,2457.44,3035.99,429.96,210.82,-1456.17,-1200.02,-1442.22,-1167.03,0,0,0,0,0,0,0,0,0,0,0,0,0,0,0,0,0,0
2025-11-10 20:24:17.006613,-3586.65,-4106.46,-4424.04,-4449.79,2514.84,2577.07,2400.04,2517.25,0,0,0,0,0,0,0,0,0,0,0,0,0,0,0,0,0,0
2025-11-10 20:24:17.117521,-1414.6,-1543.88,-1715.81,-1774.82,793.67,880.57,795.54,840.34,0,0,0,0,0,0,0,0,0,0,0,0,0,0,0,0,0,0
2025-11-10 20:24:17.228813,4231.45,5278.32,1020.85,641.05,-2100.44,-1670.48,-2066.37,-1658.95,0,0,0,0,0,0,0,0,0,0,0,0,0,0,0,0,0,0
2025-11-10 20:24:17.339793,-4119.87,-4782.65,-5106.66,-5148.5,3058.25,3144.35,2931.39,3058.52,0,0,0,0,0,0,0,0,0,0,0,0,0,0,0,0,0,0
2025-11-10 20:24:17.450686,-71.35,46.67,-572.12,-671.63,-107.82,14.48,-71.35,-5.1,0,0,0,0,0,0,0,0,0,0,0,0,0,0,0,0,0,0
2025-11-10 20:24:17.561691,4320.77,5412.16,1002.07,615.57,-2179.29,-1748.26,-2155.16,-1727.34,0,0,0,0,0,0,0,0,0,0,0,0,0,0,0,0,0,0
2025-11-10 20:24:17.672935,-3958.94,-4462.66,2471.66,-1438659.49,-1608123.61,-1959136.81,-1984954.42,688568.16,0,0,0,0,0,0,0,0,0,0,0,0,0,0,0,0,0,0
2025-11-10 20:24:17.784822,1328.77,1754.43,207.33,35.14,-874.13,-670.28,-822.37,-274.12,0,0,0,0,0,0,0,0,0,0,0,0,0,0,0,0,0,0
2025-11-10 20:24:17.895749,3500.82,4366.9,752.9,447.66,-1864.14,-1516.79,-1850.99,-1487.02,0,0,0,0,0,0,0,0,0,0,0,0,0,0,0,0,0,0
2025-11-10 20:24:18.006721,-2761.6,-3177.61,-3423.57,-3441.01,1793.86,1841.6,1710.71,1809.42,0,0,0,0,0,0,0,0,0,0,0,0,0,0,0,0,0,0
2025-11-10 20:24:18.117721,-2300.53,-2600.67,-2729.15,-2780.65,1509.01,1592.7,1474.68,1535.03,0,0,0,0,0,0,0,0,0,0,0,0,0,0,0,0,0,0
2025-11-10 20:24:18.228699,1934.14,2451.81,259.37,76.98,-1250.45,-1034.53,-1232.48,-1002.07,0,0,0,0,0,0,0,0,0,0,0,0,0,0,0,0,0,0
2025-11-10 20:24:18.339676,-3811.96,-4443.62,-4748.05,-4782.11,2755.7,2830.54,2638.22,2761.33,0,0,0,0,0,0,0,0,0,0,0,0,0,0,0,0,0,0
2025-11-10 20:24:18.450667,-994.56,-1063.23,-1316.16,-1383.48,498.62,591.16,512.57,557.36,0,0,0,0,0,0,0,0,0,0,0,0,0,0,0,0,0,0
2025-11-10 20:24:18.561563,365.85,560.05,-514.98,-602.69,-474.75,-361.83,-469.12,-336.62,0,0,0,0,0,0,0,0,0,0,0,0,0,0,0,0,0,0
2025-11-10 20:24:18.672540,-4128.99,-4815.1,-5114.7,-5153.06,3095.0,3178.69,2961.43,3088.56,0,0,0,0,0,0,0,0,0,0,0,0,0,0,0,0,0,0
2025-11-10 20:24:18.783501,373.63,584.19,-282.17,-401.53,-371.22,-226.38,-329.11,-242.2,0,0,0,0,0,0,0,0,0,0,0,0,0,0,0,0,0,0
2025-11-10 20:24:18.894483,4162.25,5211.53,950.31,589.82,-2110.9,-1701.06,-2090.78,-1677.45,0,0,0,0,0,0,0,0,0,0,0,0,0,0,0,0,0,0
2025-11-10 20:24:19.005435,-3692.6,-4277.32,-4525.16,-4570.48,2740.14,2824.1,2629.37,2737.46,0,0,0,0,0,0,0,0,0,0,0,0,0,0,0,0,0,0
2025-11-10 20:24:19.116411,1827.39,2360.61,391.33,187.49,-1098.9,-860.99,-1047.13,-863.67,0,0,0,0,0,0,0,0,0,0,0,0,0,0,0,0,0,0
2025-11-10 20:24:19.227381,3034.65,3800.96,604.84,338.23,-1689.26,-1386.7,-1675.58,-1353.98,0,0,0,0,0,0,0,0,0,0,0,0,0,0,0,0,0,0
2025-11-10 20:24:19.338277,-2546.76,-2927.36,-3049.67,-3098.76,1753.36,1840.26,1708.84,1777.23,0,0,0,0,0,0,0,0,0,0,0,0,0,0,0,0,0,0
2025-11-10 20:24:19.449171,3321.38,4226.89,795.54,477.43,-1723.86,-1367.93,-1687.11,-1362.03,0,0,0,0,0,0,0,0,0,0,0,0,0,0,0,0,0,0
2025-11-10 20:24:19.560207,1401.19,1809.95,39.16,-107.02,-1009.58,-831.48,-992.69,-799.83,0,0,0,0,0,0,0,0,0,0,0,0,0,0,0,0,0,0
2025-11-10 20:24:19.671201,-4031.36,-4672.41,-4998.3,-5033.17,2948.55,3029.02,2820.07,2950.43,0,0,0,0,0,0,0,0,0,0,0,0,0,0,0,0,0,0
2025-11-10 20:24:19.782211,4264.98,5352.35,1012.27,624.69,-2123.24,-1688.72,-2092.66,-1676.38,0,0,0,0,0,0,0,0,0,0,0,0,0,0,0,0,0,0
2025-11-10 20:24:19.893221,-120.16,-30.31,-843.55,-909.27,-193.39,-103.27,-195.26,-82.34,0,0,0,0,0,0,0,0,0,0,0,0,0,0,0,0,0,0
2025-11-10 20:24:20.023565,-1730.56,-1977.32,-2247.69,-2267.0,929.12,976.59,887.27,969.62,0,0,0,0,0,0,0,0,0,0,0,0,0,0,0,0,0,0
2025-11-10 20:24:20.140296,-2454.76,-2847.17,-3066.84,-3080.52,1529.13,1573.92,1460.73,1549.78,0,0,0,0,0,0,0,0,0,0,0,0,0,0,0,0,0,0
2025-11-10 20:24:20.256921,-3147.3,-3664.43,-3929.97,-3954.11,2154.89,2217.65,2063.69,2170.98,0,0,0,0,0,0,0,0,0,0,0,0,0,0,0,0,0,0
2025-11-10 20:24:20.373701,-3697.96,-4308.43,-4609.64,-4635.13,2653.78,2719.76,2532.54,2654.85,0,0,0,0,0,0,0,0,0,0,0,0,0,0,0,0,0,0
2025-11-10 20:24:20.490391,-4018.75,-4686.09,-4994.27,-5025.66,2983.96,3057.45,2847.97,2978.06,0,0,0,0,0,0,0,0,0,0,0,0,0,0,0,0,0,0
2025-11-10 20:24:20.607151,-4127.92,-4809.2,-5117.66,-5161.11,3099.56,3186.46,2972.16,3099.56,0,0,0,0,0,0,0,0,0,0,0,0,0,0,0,0,0,0
2025-11-10 20:24:20.723813,-4031.09,-4686.89,-4972.01,-5014.12,3018.29,3104.66,2890.62,3014.27,0,0,0,0,0,0,0,0,0,0,0,0,0,0,0,0,0,0
2025-11-10 20:24:20.840562,-1829.27,-2091.59,-2347.74,-2365.71,999.66,1044.45,952.72,1036.41,0,0,0,0,0,0,0,0,0,0,0,0,0,0,0,0,0,0
2025-11-10 20:24:20.957582,-2570.9,-2965.18,-3200.41,-3217.31,1605.03,1657.34,1537.71,1629.98,0,0,0,0,0,0,0,0,0,0,0,0,0,0,0,0,0,0
2025-11-10 20:24:21.074109,-3265.32,-3781.65,-4058.18,-4078.84,2238.57,2296.24,2134.5,2247.96,0,0,0,0,0,0,0,0,0,0,0,0,0,0,0,0,0,0
2025-11-10 20:24:21.190857,-3785.67,-4396.41,-4702.72,-4730.61,2715.74,2780.65,2589.14,2715.2,0,0,0,0,0,0,0,0,0,0,0,0,0,0,0,0,0,0
2025-11-10 20:24:21.307578,-4009.63,-4713.98,-5017.07,-5052.48,2986.64,3069.52,2861.65,2987.98,0,0,0,0,0,0,0,0,0,0,0,0,0,0,0,0,0,0
2025-11-10 20:24:21.424179,-4115.05,-4826.64,-5110.95,-5149.04,3086.69,3167.96,2955.53,3081.59,0,0,0,0,0,0,0,0,0,0,0,0,0,0,0,0,0,0
2025-11-10 20:24:21.541308,-1195.19,-1315.89,-1712.86,-1743.44,514.45,568.09,488.7,572.65,0,0,0,0,0,0,0,0,0,0,0,0,0,0,0,0,0,0
2025-11-10 20:24:21.658011,-1933.87,-2215.77,-2462.54,-2482.38,1083.08,1131.09,1037.75,1119.55,0,0,0,0,0,0,0,0,0,0,0,0,0,0,0,0,0,0
2025-11-10 20:24:21.774929,-2657.0,-3080.25,-3310.65,-3326.48,1706.15,1757.12,1631.05,1725.47,0,0,0,0,0,0,0,0,0,0,0,0,0,0,0,0,0,0
2025-11-10 20:24:21.891634,-3390.31,-3894.57,-4192.56,-4215.09,2317.7,2375.36,2210.95,2323.6,0,0,0,0,0,0,0,0,0,0,0,0,0,0,0,0,0,0
2025-11-10 20:24:22.008264,-3834.75,-4425.38,-4755.83,-4790.43,2769.11,2843.95,2650.29,2775.82,0,0,0,0,0,0,0,0,0,0,0,0,0,0,0,0,0,0
2025-11-10 20:24:22.125116,-4102.44,-4712.37,-5060.52,-5091.64,3028.48,3102.78,2895.18,3022.31,0,0,0,0,0,0,0,0,0,0,0,0,0,0,0,0,0,0
2025-11-10 20:24:22.241758,-520.08,-507.21,-1138.33,-1188.22,59.81,133.31,50.16,150.2,0,0,0,0,0,0,0,0,0,0,0,0,0,0,0,0,0,0
2025-11-10 20:24:22.358604,-1303.02,-1434.45,-1813.98,-1842.41,593.04,647.22,565.95,648.56,0,0,0,0,0,0,0,0,0,0,0,0,0,0,0,0,0,0
2025-11-10 20:24:22.475127,-2036.33,-2310.19,-2560.71,-2576.26,1164.35,1209.14,1112.04,1194.92,0,0,0,0,0,0,0,0,0,0,0,0,0,0,0,0,0,0
2025-11-10 20:24:22.591973,-2767.77,-3175.47,-3429.2,-3446.1,1783.13,1832.22,1701.33,1798.69,0,0,0,0,0,0,0,0,0,0,0,0,0,0,0,0,0,0
2025-11-10 20:24:22.708529,-3452.27,-4011.78,-4300.39,-4326.14,2400.58,2467.36,2297.31,2411.57,0,0,0,0,0,0,0,0,0,0,0,0,0,0,0,0,0,0
2025-11-10 20:24:22.825256,-3885.72,-4524.08,-4837.36,-4864.72,2813.37,2883.64,2687.31,2812.03,0,0,0,0,0,0,0,0,0,0,0,0,0,0,0,0,0,0
2025-11-10 20:24:22.941821,-4127.12,-4754.48,549.32,38520.82,79307.29,-169120.53,-189033.25,-91048.93,0,0,0,0,0,0,0,0,0,0,0,0,0,0,0,0,0,0
2025-11-10 20:24:23.058651,-643.19,-659.29,-1241.59,-1287.73,140.55,212.7,129.82,226.11,0,0,0,0,0,0,0,0,0,0,0,0,0,0,0,0,0,0
2025-11-10 20:24:23.175200,-1412.72,-1577.68,-1922.34,-1945.94,678.87,729.29,646.68,729.29,0,0,0,0,0,0,0,0,0,0,0,0,0,0,0,0,0,0
2025-11-10 20:24:23.292064,-2179.83,-2497.4,-2732.1,-2747.92,1279.68,1323.13,1220.14,1306.5,0,0,0,0,0,0,0,0,0,0,0,0,0,0,0,0,0,0
2025-11-10 20:24:23.408585,-2885.79,-3343.91,-3589.6,-3609.45,1896.59,1954.26,1817.73,1916.17,0,0,0,0,0,0,0,0,0,0,0,0,0,0,0,0,0,0
2025-11-10 20:24:23.525543,-3496.8,-4084.47,-4371.46,-4397.75,2470.05,2537.1,2363.83,2479.17,0,0,0,0,0,0,0,0,0,0,0,0,0,0,0,0,0,0
2025-11-10 20:24:23.642211,-3928.1,-4589.53,-4900.13,-4929.1,2874.26,2944.8,2742.56,2873.18,0,0,0,0,0,0,0,0,0,0,0,0,0,0,0,0,0,0
2025-11-10 20:24:23.758943,-26.02,112.92,-771.67,-841.95,-253.47,-158.79,-254.01,-138.13,0,0,0,0,0,0,0,0,0,0,0,0,0,0,0,0,0,0
2025-11-10 20:24:23.875696,-809.76,-852.94,-1381.61,-1422.91,248.64,315.43,234.69,326.69,0,0,0,0,0,0,0,0,0,0,0,0,0,0,0,0,0,0
2025-11-10 20:24:23.992192,-1565.34,-1766.5,-2073.08,-2093.2,799.57,847.31,763.09,844.36,0,0,0,0,0,0,0,0,0,0,0,0,0,0,0,0,0,0
2025-11-10 20:24:24.108821,-2303.21,-2650.56,-2879.08,-2894.64,1389.12,1433.91,1327.69,1413.79,0,0,0,0,0,0,0,0,0,0,0,0,0,0,0,0,0,0
2025-11-10 20:24:24.225434,-2968.94,-3461.93,-3719.96,-3742.75,2009.24,2069.32,1925.56,2028.02,0,0,0,0,0,0,0,0,0,0,0,0,0,0,0,0,0,0
2025-11-10 20:24:24.341981,-3568.41,-4200.07,-4472.32,-4500.21,2570.63,2637.42,2458.78,2577.33,0,0,0,0,0,0,0,0,0,0,0,0,0,0,0,0,0,0
2025-11-10 20:24:24.458486,-3955.45,-4640.76,-4937.68,-4969.06,2929.78,3000.32,2795.93,2924.95,0,0,0,0,0,0,0,0,0,0,0,0,0,0,0,0,0,0
2025-11-10 20:24:24.575404,-182.12,-72.96,-875.74,-937.97,-158.52,-68.93,-160.13,-50.16,0,0,0,0,0,0,0,0,0,0,0,0,0,0,0,0,0,0
2025-11-10 20:24:24.691970,-959.16,-1034.53,-1505.79,-1541.47,355.12,416.55,336.89,425.4,0,0,0,0,0,0,0,0,0,0,0,0,0,0,0,0,0,0
2025-11-10 20:24:24.808722,-1728.95,-1960.69,-2239.11,-2259.22,929.12,975.25,886.2,970.42,0,0,0,0,0,0,0,0,0,0,0,0,0,0,0,0,0,0
2025-11-10 20:24:24.925362,-2468.17,-2838.85,-3075.69,-3089.64,1529.13,1574.73,1459.93,1551.12,0,0,0,0,0,0,0,0,0,0,0,0,0,0,0,0,0,0
2025-11-10 20:24:25.042089,-3200.95,-3707.62,-3976.38,-3997.03,2173.39,2235.62,2083.54,2189.49,0,0,0,0,0,0,0,0,0,0,0,0,0,0,0,0,0,0
2025-11-10 20:24:25.159095,-3714.86,-4332.04,-4639.15,-4667.85,2670.41,2741.49,2553.73,2675.24,0,0,0,0,0,0,0,0,0,0,0,0,0,0,0,0,0,0
2025-11-10 20:24:25.275780,-4015.27,-4709.42,-5008.22,-5037.19,2974.84,984375.33,55.52,-562413.67,0,0,0,0,0,0,0,0,0,0,0,0,0,0,0,0,0,0
2025-11-10 20:24:25.392755,-355.93,-292.9,-1009.58,-1063.5,-48.01,30.58,-56.33,49.08,0,0,0,0,0,0,0,0,0,0,0,0,0,0,0,0,0,0
2025-11-10 20:24:25.509320,-1122.24,-1235.16,-1647.95,-1680.4,472.34,530.81,450.34,536.17,0,0,0,0,0,0,0,0,0,0,0,0,0,0,0,0,0,0
2025-11-10 20:24:25.625988,-1867.89,-2139.6,-2389.58,-2407.55,1044.72,1089.25,997.51,1080.13,0,0,0,0,0,0,0,0,0,0,0,0,0,0,0,0,0,0
2025-11-10 20:24:25.742585,-2606.3,-3014.0,-3248.69,-3264.25,1671.02,1717.15,1594.84,1690.06,0,0,0,0,0,0,0,0,0,0,0,0,0,0,0,0,0,0
2025-11-10 20:24:25.859156,-3265.59,-3801.76,-4072.93,-4095.73,2286.85,2352.3,2192.17,2300.8,0,0,0,0,0,0,0,0,0,0,0,0,0,0,0,0,0,0
2025-11-10 20:24:25.975929,-3781.38,-4414.92,-4719.62,-4750.46,2765.36,2838.31,2646.27,2768.84,0,0,0,0,0,0,0,0,0,0,0,0,0,0,0,0,0,0
2025-11-10 20:24:26.092666,-4098.15,-4802.23,-5098.88,-5135.09,3039.48,3115.39,2901.88,3033.58,0,0,0,0,0,0,0,0,0,0,0,0,0,0,0,0,0,0
2025-11-10 20:24:26.209391,-530.54,-506.67,-1143.69,-1191.44,65.18,137.06,53.64,153.15,0,0,0,0,0,0,0,0,0,0,0,0,0,0,0,0,0,0
2025-11-10 20:24:26.326027,-1300.07,-1450.27,-1815.86,-1842.95,605.37,660.09,579.63,663.04,0,0,0,0,0,0,0,0,0,0,0,0,0,0,0,0,0,0
2025-11-10 20:24:26.442700,-2041.7,-2337.55,-2576.53,-2591.82,1183.93,1228.99,1130.82,1214.5,0,0,0,0,0,0,0,0,0,0,0,0,0,0,0,0,0,0
2025-11-10 20:24:26.559298,-2772.06,-3188.88,-3445.57,-3463.27,1809.42,1858.5,1727.34,1824.98,0,0,0,0,0,0,0,0,0,0,0,0,0,0,0,0,0,0
2025-11-10 20:24:26.675935,-3403.99,-3948.75,-4241.11,-4264.71,2406.21,2466.02,2297.58,2411.31,0,0,0,0,0,0,0,0,0,0,0,0,0,0,0,0,0,0
2025-11-10 20:24:26.792497,-3856.75,-4514.16,-4825.03,-4859.63,2825.17,2900.54,2702.59,2828.66,0,0,0,0,0,0,0,0,0,0,0,0,0,0,0,0,0,0
2025-11-10 20:24:26.909273,-4111.83,-4793.11,-5114.7,-5147.43,3053.43,68.66,2755.17,7295.34,0,0,0,0,0,0,0,0,0,0,0,0,0,0,0,0,0,0
2025-11-10 20:24:27.026335,-723.93,-752.09,-1311.87,-1353.71,192.31,257.22,174.88,270.63,0,0,0,0,0,0,0,0,0,0,0,0,0,0,0,0,0,0
2025-11-10 20:24:27.143248,-1497.75,-1686.84,-2010.05,-2032.85,741.36,793.67,708.91,792.32,0,0,0,0,0,0,0,0,0,0,0,0,0,0,0,0,0,0
2025-11-10 20:24:27.259928,-2222.75,-2568.75,-2794.06,-2812.83,1336.28,1385.09,1281.02,1365.51,0,0,0,0,0,0,0,0,0,0,0,0,0,0,0,0,0,0
2025-11-10 20:24:27.376509,-2928.97,-3400.5,-3655.58,-3673.55,1972.23,2026.41,1882.64,1986.98,0,0,0,0,0,0,0,0,0,0,0,0,0,0,0,0,0,0
2025-11-10 20:24:27.493526,-3548.29,-4125.51,-4427.52,-4451.93,2540.05,2602.55,2423.64,2542.2,0,0,0,0,0,0,0,0,0,0,0,0,0,0,0,0,0,0
2025-11-10 20:24:27.610302,688.25,989.74,-320.26,-425.67,-649.9,-517.67,-639.98,-489.5,0,0,0,0,0,0,0,0,0,0,0,0,0,0,0,0,0,0
2025-11-10 20:24:27.726938,-119.09,-13.41,-839.0,-904.44,-189.9,-99.78,-191.51,-79.66,0,0,0,0,0,0,0,0,0,0,0,0,0,0,0,0,0,0
2025-11-10 20:24:27.843603,-906.59,-974.98,-1460.46,-1495.33,323.21,384.36,302.82,394.02,0,0,0,0,0,0,0,0,0,0,0,0,0,0,0,0,0,0
2025-11-10 20:24:27.960700,-1685.77,-1912.15,-2202.36,-2221.41,887.54,933.95,845.97,928.31,0,0,0,0,0,0,0,0,0,0,0,0,0,0,0,0,0,0
2025-11-10 20:24:28.077346,-2410.5,-2790.03,-3012.93,-3030.09,1485.94,1537.17,1427.2,1513.84,0,0,0,0,0,0,0,0,0,0,0,0,0,0,0,0,0,0
2025-11-10 20:24:28.194043,-3120.75,-3644.32,-3914.68,-3939.9,2140.94,2204.24,2048.13,2156.76,0,0,0,0,0,0,0,0,0,0,0,0,0,0,0,0,0,0
2025-11-10 20:24:28.310691,-17577.59,562520.42,1195339.66,1968749.85,-2109377.0,1546859.8,2249987.53,1757797.58,0,0,0,0,0,0,0,0,0,0,0,0,0,0,0,0,0,0
2025-11-10 20:24:28.427315,478.51,707.57,-454.37,-546.37,-535.1,-418.42,-532.42,-392.14,0,0,0,0,0,0,0,0,0,0,0,0,0,0,0,0,0,0
2025-11-10 20:24:28.543947,-329.11,-284.31,-1004.22,-1062.15,-53.91,26.82,-58.2,44.52,0,0,0,0,0,0,0,0,0,0,0,0,0,0,0,0,0,0
2025-11-10 20:24:28.660527,-1108.02,-1233.28,-1648.22,-1679.87,467.51,525.44,443.91,530.81,0,0,0,0,0,0,0,0,0,0,0,0,0,0,0,0,0,0
2025-11-10 20:24:28.777153,-1875.13,-2157.03,-2402.45,-2421.23,1051.69,1097.56,1005.29,1087.37,0,0,0,0,0,0,0,0,0,0,0,0,0,0,0,0,0,0
2025-11-10 20:24:28.894306,-2614.35,-3038.67,-3272.3,-3288.39,1665.12,1712.32,1588.14,1682.82,0,0,0,0,0,0,0,0,0,0,0,0,0,0,0,0,0,0
2025-11-10 20:24:29.011062,-3255.13,-3823.22,-4083.66,-4105.93,2270.22,2337.55,2177.42,2284.97,0,0,0,0,0,0,0,0,0,0,0,0,0,0,0,0,0,0
2025-11-10 20:24:29.127629,1115.8,1454.83,-109.97,-237.38,-859.11,-703.01,-846.24,-674.04,0,0,0,0,0,0,0,0,0,0,0,0,0,0,0,0,0,0
2025-11-10 20:24:29.244380,278.68,435.32,-586.33,-665.72,-415.21,-309.53,-414.4,-284.05,0,0,0,0,0,0,0,0,0,0,0,0,0,0,0,0,0,0
2025-11-10 20:24:29.361019,-534.83,-531.88,-1152.55,-1200.02,72.42,142.69,59.81,157.98,0,0,0,0,0,0,0,0,0,0,0,0,0,0,0,0,0,0
2025-11-10 20:24:29.477709,-1322.06,-1484.07,-1840.0,-1865.48,618.79,670.82,589.82,672.7,0,0,0,0,0,0,0,0,0,0,0,0,0,0,0,0,0,0
2025-11-10 20:24:29.594494,-2087.3,-2401.65,-2637.68,-2655.66,1209.68,1258.22,1158.45,1241.86,0,0,0,0,0,0,0,0,0,0,0,0,0,0,0,0,0,0
2025-11-10 20:24:29.711205,-2815.51,-3285.97,-3520.94,-3537.3,1852.87,1904.64,1768.92,1868.96,0,0,0,0,0,0,0,0,0,0,0,0,0,0,0,0,0,0
2025-11-10 20:24:29.828025,-17577.59,562527.12,-1476527.18,-2109371.91,492187.53,984356.82,-70326.99,984357.09,0,0,0,0,0,0,0,0,0,0,0,0,0,0,0,0,0,0
2025-11-10 20:24:29.944627,863.13,1174.27,-246.5,-361.56,-739.22,-596.79,-729.02,-568.9,0,0,0,0,0,0,0,0,0,0,0,0,0,0,0,0,0,0
2025-11-10 20:24:30.061105,50.43,178.37,-726.07,-797.69,-286.46,-188.83,-286.46,-167.64,0,0,0,0,0,0,0,0,0,0,0,0,0,0,0,0,0,0
2025-11-10 20:24:30.177955,-748.87,-797.15,-1331.99,-1372.49,221.01,286.46,205.46,298.26,0,0,0,0,0,0,0,0,0,0,0,0,0,0,0,0,0,0
2025-11-10 20:24:30.294495,-1513.84,-1718.76,-2025.07,-2047.06,768.18,815.12,730.63,814.05,0,0,0,0,0,0,0,0,0,0,0,0,0,0,0,0,0,0
2025-11-10 20:24:30.411079,-2260.83,-2617.57,-2836.7,-2851.19,1359.34,1409.77,1303.02,1389.65,0,0,0,0,0,0,0,0,0,0,0,0,0,0,0,0,0,0
2025-11-10 20:24:30.527686,-2957.14,-3469.71,-3715.4,-3739.54,2007.1,2065.3,1922.07,2023.46,0,0,0,0,0,0,0,0,0,0,0,0,0,0,0,0,0,0
2025-11-10 20:24:30.644779,-2249905.18,122.85,-2249995.04,-843754.61,-1406315.53,-1687554.01,281185.11,281197.45,0,0,0,0,0,0,0,0,0,0,0,0,0,0,0,0,0,0
2025-11-10 20:24:30.761733,668.67,907.66,-348.15,-448.47,-628.71,-503.99,-624.69,-475.56,0,0,0,0,0,0,0,0,0,0,0,0,0,0,0,0,0,0
2025-11-10 20:24:30.878356,-159.86,-86.9,-879.76,-943.06,-159.32,-71.61,-161.2,-50.96,0,0,0,0,0,0,0,0,0,0,0,0,0,0,0,0,0,0
2025-11-10 20:24:30.995320,-947.36,-1040.7,-1504.72,-1540.39,357.0,418.42,337.42,428.08,0,0,0,0,0,0,0,0,0,0,0,0,0,0,0,0,0,0
2025-11-10 20:24:31.112012,-1705.08,-1962.3,-2230.26,-2249.03,923.22,970.42,881.37,962.91,0,0,0,0,0,0,0,0,0,0,0,0,0,0,0,0,0,0
2025-11-10 20:24:31.228633,-2433.3,-2834.29,-3049.14,-3064.69,1524.84,1571.24,1456.44,1547.37,0,0,0,0,0,0,0,0,0,0,0,0,0,0,0,0,0,0
2025-11-10 20:24:31.345263,-3150.79,-3695.82,-281248.94,543.15,-1124318.52,-1124920.67,28.7,1124666.13,0,0,0,0,0,0,0,0,0,0,0,0,0,0,0,0,0,0
2025-11-10 20:24:31.461923,1294.17,1673.43,-27.36,-166.3,-945.21,-776.5,-930.46,-745.65,0,0,0,0,0,0,0,0,0,0,0,0,0,0,0,0,0,0
2025-11-10 20:24:31.578620,456.78,668.41,-476.63,-568.63,-520.08,-404.21,-516.59,-377.39,0,0,0,0,0,0,0,0,0,0,0,0,0,0,0,0,0,0
2025-11-10 20:24:31.695218,-343.59,-307.65,-1009.05,-1064.3,-45.33,33.53,-51.5,51.77,0,0,0,0,0,0,0,0,0,0,0,0,0,0,0,0,0,0
2025-11-10 20:24:31.812105,-1133.5,-1267.61,-1671.02,-1704.01,485.21,543.95,462.68,547.44,0,0,0,0,0,0,0,0,0,0,0,0,0,0,0,0,0,0
2025-11-10 20:24:31.928742,-1868.16,-2161.32,-2403.8,-2421.77,1054.11,1099.97,1007.97,1089.25,0,0,0,0,0,0,0,0,0,0,0,0,0,0,0,0,0,0
2025-11-10 20:24:32.045469,-2612.47,-3057.18,-3273.64,-3289.46,1681.21,1726.27,1604.5,1699.18,0,0,0,0,0,0,0,0,0,0,0,0,0,0,0,0,0,0
2025-11-10 20:24:32.162370,1961.5,2488.82,253.2,64.64,-1257.69,-1037.48,-1241.33,-1005.56,0,0,0,0,0,0,0,0,0,0,0,0,0,0,0,0,0,0
2025-11-10 20:24:32.279010,1115.8,1459.66,-108.36,-237.91,-862.33,-705.96,-850.26,-675.11,0,0,0,0,0,0,0,0,0,0,0,0,0,0,0,0,0,0
2025-11-10 20:24:32.395688,277.88,433.45,-583.38,-664.92,-417.89,-310.6,-414.94,-285.12,0,0,0,0,0,0,0,0,0,0,0,0,0,0,0,0,0,0
2025-11-10 20:24:32.512516,-533.49,-547.44,-1164.08,-1211.55,75.37,145.64,61.42,161.47,0,0,0,0,0,0,0,0,0,0,0,0,0,0,0,0,0,0
2025-11-10 20:24:32.627546,-1306.77,-1481.38,-1828.73,-1855.82,612.35,667.33,586.87,668.94,0,0,0,0,0,0,0,0,0,0,0,0,0,0,0,0,0,0
2025-11-10 20:24:32.742502,-3516.11,-4137.58,-4340.89,-4391.31,2618.91,2710.37,2524.5,2625.08,0,0,0,0,0,0,0,0,0,0,0,0,0,0,0,0,0,0
2025-11-10 20:24:32.857445,-2918.51,-3401.85,-3547.22,-3593.62,2091.05,2174.47,2019.7,2103.39,0,0,0,0,0,0,0,0,0,0,0,0,0,0,0,0,0,0
2025-11-10 20:24:32.972405,-2208.8,-2550.24,-2644.66,-2694.28,1466.1,1545.49,1430.69,1488.63,0,0,0,0,0,0,0,0,0,0,0,0,0,0,0,0,0,0
2025-11-10 20:24:33.087254,-1501.23,-1708.3,-1833.83,-1892.84,895.32,980.35,894.78,938.5,0,0,0,0,0,0,0,0,0,0,0,0,0,0,0,0,0,0
2025-11-10 20:24:33.202299,4238.16,5244.26,992.95,616.91,-2069.86,-1651.44,-2042.77,-1638.83,0,0,0,0,0,0,0,0,0,0,0,0,0,0,0,0,0,0
2025-11-10 20:24:33.317216,4442.81,5532.86,1037.48,644.27,-2171.25,-1732.44,-2142.28,-1717.42,0,0,0,0,0,0,0,0,0,0,0,0,0,0,0,0,0,0
2025-11-10 20:24:33.432154,4345.98,5469.83,973.91,589.01,-2159.71,-1728.95,-2134.23,-1707.23,0,0,0,0,0,0,0,0,0,0,0,0,0,0,0,0,0,0
2025-11-10 20:24:33.547141,-1425.33,-1618.45,-1946.48,-281248.94,991.34,-2248745.13,1125215.45,-2249871.12,0,0,0,0,0,0,0,0,0,0,0,0,0,0,0,0,0,0
2025-11-10 20:24:33.662002,-2152.2,-2516.72,-2732.37,-2746.05,1289.07,1333.86,1230.87,1317.77,0,0,0,0,0,0,0,0,0,0,0,0,0,0,0,0,0,0
2025-11-10 20:24:33.776827,-2835.9,-3355.18,-3578.87,-3598.72,1911.07,1962.84,1825.51,1925.29,0,0,0,0,0,0,0,0,0,0,0,0,0,0,0,0,0,0
2025-11-10 20:24:33.891646,-3490.09,-4141.6,-4402.04,-4431.28,2489.36,2559.9,2385.29,2500.36,0,0,0,0,0,0,0,0,0,0,0,0,0,0,0,0,0,0
2025-11-10 20:24:34.006458,-1417.82,-1610.4,-1751.48,-1808.35,818.61,902.83,819.68,862.87,0,0,0,0,0,0,0,0,0,0,0,0,0,0,0,0,0,0
2025-11-10 20:24:34.121399,-704.62,-744.58,-1079.32,-1153.89,313.82,412.79,335.01,384.36,0,0,0,0,0,0,0,0,0,0,0,0,0,0,0,0,0,0
2025-11-10 20:24:34.236394,35.41,153.42,-512.03,-615.03,-165.49,-35.41,-125.26,-55.25,0,0,0,0,0,0,0,0,0,0,0,0,0,0,0,0,0,0
2025-11-10 20:24:34.351259,4348.67,5406.53,975.25,594.65,-2151.94,-1730.02,-2134.23,-1707.76,0,0,0,0,0,0,0,0,0,0,0,0,0,0,0,0,0,0
2025-11-10 20:24:34.466155,3987.37,4970.94,855.09,503.18,-2006.56,-1614.42,-1983.49,-1590.28,0,0,0,0,0,0,0,0,0,0,0,0,0,0,0,0,0,0
2025-11-10 20:24:34.581084,3320.57,4194.98,667.6,375.78,-1794.13,-1456.98,-1774.28,-1428.28,0,0,0,0,0,0,0,0,0,0,0,0,0,0,0,0,0,0
2025-11-10 20:24:34.695937,-2916.9,-3455.76,-3679.19,-3698.5,1989.93,2043.84,1900.08,2004.41,0,0,0,0,0,0,0,0,0,0,0,0,0,0,0,0,0,0
2025-11-10 20:24:34.810794,-3553.39,-4217.24,-4481.17,-4505.31,2561.24,2624.01,2445.64,2565.0,0,0,0,0,0,0,0,0,0,0,0,0,0,0,0,0,0,0
2025-11-10 20:24:34.925700,-3961.35,-4680.19,-4952.97,-4984.62,2916.1,2997.37,2796.2,2920.12,0,0,0,0,0,0,0,0,0,0,0,0,0,0,0,0,0,0
2025-11-10 20:24:35.040498,-642.39,-667.07,-35155.72,1265496.87,-1968901.66,562339.37,-562661.23,2109471.69,0,0,0,0,0,0,0,0,0,0,0,0,0,0,0,0,0,0
2025-11-10 20:24:35.155492,106.75,249.71,-464.83,-571.04,-204.38,-73.76,-165.49,-92.27,0,0,0,0,0,0,0,0,0,0,0,0,0,0,0,0,0,0
2025-11-10 20:24:35.270247,857.77,1172.13,-22.8,-167.1,-626.03,-453.83,-576.94,-465.1,0,0,0,0,0,0,0,0,0,0,0,0,0,0,0,0,0,0
2025-11-10 20:24:35.385172,1647.14,2166.69,303.36,109.17,-1010.39,-787.23,-960.77,-792.06,0,0,0,0,0,0,0,0,0,0,0,0,0,0,0,0,0,0
2025-11-10 20:24:35.500160,3230.45,4096.27,645.88,361.56,-1749.34,-1430.15,-1738.61,-1398.5,0,0,0,0,0,0,0,0,0,0,0,0,0,0,0,0,0,0
2025-11-10 20:24:35.614951,2349.88,3012.93,388.38,172.47,-1414.06,-1165.96,-1395.82,-1134.04,0,0,0,0,0,0,0,0,0,0,0,0,0,0,0,0,0,0
2025-11-10 20:24:35.729837,1488.36,1905.17,57.4,-91.73,-1038.55,-857.23,-1023.8,-825.85,0,0,0,0,0,0,0,0,0,0,0,0,0,0,0,0,0,0
2025-11-10 20:24:35.844705,-3954.11,-4715.32,-4974.69,-5005.27,2947.48,3020.97,2814.71,2943.72,0,0,0,0,0,0,0,0,0,0,0,0,0,0,0,0,0,0
2025-11-10 20:24:35.959626,-4060.6,-4844.07,-5100.22,-5136.43,3085.35,3162.86,2947.21,3078.91,0,0,0,0,0,0,0,0,0,0,0,0,0,0,0,0,0,0
2025-11-10 20:24:36.074542,-4027.34,-4805.71,-5043.09,-5092.17,3079.98,3172.79,2960.62,3083.2,0,0,0,0,0,0,0,0,0,0,0,0,0,0,0,0,0,0
2025-11-10 20:24:36.189591,246093.76,1265508.94,-1828262.71,-703269.08,-1547020.47,984462.5,1687590.22,-1265540.59,0,0,0,0,0,0,0,0,0,0,0,0,0,0,0,0,0,0
2025-11-10 20:24:36.304488,1509.28,2036.6,297.73,118.29,-977.67,-764.16,-929.39,-768.18,0,0,0,0,0,0,0,0,0,0,0,0,0,0,0,0,0,0
2025-11-10 20:24:36.419322,2310.19,3047.26,546.1,303.09,-1323.67,-1042.57,-1271.64,-1044.45,0,0,0,0,0,0,0,0,0,0,0,0,0,0,0,0,0,0
2025-11-10 20:24:36.534214,3215.7,4205.97,785.89,479.04,-1709.1,-1347.54,-1665.12,-1342.45,0,0,0,0,0,0,0,0,0,0,0,0,0,0,0,0,0,0
2025-11-10 20:24:36.649118,1495.33,2025.87,92.27,-57.4,-1099.71,-904.44,-1089.78,-870.91,0,0,0,0,0,0,0,0,0,0,0,0,0,0,0,0,0,0
2025-11-10 20:24:36.763961,723.12,1018.7,-298.26,-403.14,-715.88,-554.95,-705.96,-526.25,0,0,0,0,0,0,0,0,0,0,0,0,0,0,0,0,0,0
2025-11-10 20:24:36.878824,-68.93,35.41,-807.08,-873.6,-265.27,-153.69,-266.34,-132.23,0,0,0,0,0,0,0,0,0,0,0,0,0,0,0,0,0,0
2025-11-10 20:24:36.993762,-3690.45,-4432.35,-4704.33,-4737.85,2873.72,2963.57,2762.14,2876.4,0,0,0,0,0,0,0,0,0,0,0,0,0,0,0,0,0,0
2025-11-10 20:24:37.108642,-3439.67,-4133.82,-4367.17,-4413.31,2677.65,2762.41,2573.58,2681.4,0,0,0,0,0,0,0,0,0,0,0,0,0,0,0,0,0,0
2025-11-10 20:24:37.223531,-3003.54,-3531.66,-3728.27,-3775.75,2257.62,2342.37,2178.49,2265.13,0,0,0,0,0,0,0,0,0,0,0,0,0,0,0,0,0,0
2025-11-10 20:24:37.338447,2512.96,3268.81,598.67,344.66,-17577.59,632775.52,-1617230.51,-1335982.37,0,0,0,0,0,0,0,0,0,0,0,0,0,0,0,0,0,0
2025-11-10 20:24:37.453444,3242.52,4256.4,792.06,480.38,-1715.54,-1358.0,-1669.68,-1354.52,0,0,0,0,0,0,0,0,0,0,0,0,0,0,0,0,0,0
2025-11-10 20:24:37.570745,4096.0,5108.8,9.39,-4176.47,-4645.32,-5541.18,-5810.2,2177.95,0,0,0,0,0,0,0,0,0,0,0,0,0,0,0,0,0,0
2025-11-10 20:24:37.687385,-304.43,-269.83,-768.99,-860.18,50.43,164.96,82.61,140.82,0,0,0,0,0,0,0,0,0,0,0,0,0,0,0,0,0,0
2025-11-10 20:24:37.804194,447.39,647.22,-264.73,-388.92,-398.04,-251.32,-355.12,-265.81,0,0,0,0,0,0,0,0,0,0,0,0,0,0,0,0,0,0
2025-11-10 20:24:37.920832,1240.25,1584.92,129.01,-39.96,-807.08,-612.62,-755.85,-622.0,0,0,0,0,0,0,0,0,0,0,0,0,0,0,0,0,0,0
2025-11-10 20:24:38.038000,2052.16,2573.58,411.99,189.36,-1169.17,-916.24,-1119.55,-919.19,0,0,0,0,0,0,0,0,0,0,0,0,0,0,0,0,0,0
2025-11-10 20:24:38.154668,2967.06,3694.47,640.78,343.32,-1540.12,-1215.85,-1499.09,-1214.24,0,0,0,0,0,0,0,0,0,0,0,0,0,0,0,0,0,0
2025-11-10 20:24:38.271296,3770.38,4621.18,806.54,450.07,-1837.85,-1458.32,-1806.47,-1451.88,0,0,0,0,0,0,0,0,0,0,0,0,0,0,0,0,0,0
2025-11-10 20:24:38.387946,-860.45,-940.11,-1220.41,-1290.95,427.54,523.03,443.91,490.84,0,0,0,0,0,0,0,0,0,0,0,0,0,0,0,0,0,0
2025-11-10 20:24:38.504726,-129.28,-40.77,-621.74,-717.49,-58.47,63.57,-22.26,41.31,0,0,0,0,0,0,0,0,0,0,0,0,0,0,0,0,0,0
2025-11-10 20:24:38.621363,597.06,862.33,-158.25,-288.34,-494.33,-337.96,-448.47,-350.03,0,0,0,0,0,0,0,0,0,0,0,0,0,0,0,0,0,0
2025-11-10 20:24:38.738064,1407.89,1866.28,187.75,0.0,-898.54,-689.86,-847.85,-696.57,0,0,0,0,0,0,0,0,0,0,0,0,0,0,0,0,0,0
2025-11-10 20:24:38.855074,2260.03,2868.35,421.91,170.59,-1256.61,-984.91,-1208.6,-988.13,0,0,0,0,0,0,0,0,0,0,0,0,0,0,0,0,0,0
2025-11-10 20:24:38.971700,3103.05,3953.04,567.56,234.43,-1602.08,-1260.37,-1561.58,-1259.83,0,0,0,0,0,0,0,0,0,0,0,0,0,0,0,0,0,0
2025-11-10 20:24:39.088285,-1474.41,-1666.72,-1814.51,-1872.45,834.97,919.46,833.9,878.69,0,0,0,0,0,0,0,0,0,0,0,0,0,0,0,0,0,0
2025-11-10 20:24:39.204949,-753.16,-789.91,-1125.45,-1200.56,327.77,429.69,351.1,399.11,0,0,0,0,0,0,0,0,0,0,0,0,0,0,0,0,0,0
2025-11-10 20:24:39.321701,-32.19,101.92,-534.3,-632.73,-126.87,-4.83,-89.85,-23.34,0,0,0,0,0,0,0,0,0,0,0,0,0,0,0,0,0,0
2025-11-10 20:24:39.438425,667.07,990.81,-89.85,-218.33,-540.47,-379.8,-493.26,-390.8,0,0,0,0,0,0,0,0,0,0,0,0,0,0,0,0,0,0
2025-11-10 20:24:39.555304,1604.23,2172.86,352.44,168.98,-1021.92,-795.28,-968.81,-798.49,0,0,0,0,0,0,0,0,0,0,0,0,0,0,0,0,0,0
2025-11-10 20:24:39.672436,2151.94,2957.4,587.14,377.66,1235.69,-1254913.14,-1520644.96,-1581344.43,0,0,0,0,0,0,0,0,0,0,0,0,0,0,0,0,0,0
2025-11-10 20:24:39.788941,-1861.45,-2220.6,-2301.87,-2351.49,1311.87,1389.12,1288.27,1339.23,0,0,0,0,0,0,0,0,0,0,0,0,0,0,0,0,0,0
2025-11-10 20:24:39.905671,-1255.81,-1445.71,-1584.92,-1643.39,760.14,845.16,768.18,806.54,0,0,0,0,0,0,0,0,0,0,0,0,0,0,0,0,0,0
2025-11-10 20:24:40.022279,-620.93,-639.71,-974.71,-1047.94,265.27,366.93,291.29,340.37,0,0,0,0,0,0,0,0,0,0,0,0,0,0,0,0,0,0
2025-11-10 20:24:40.139081,56.33,232.28,-442.3,-540.47,-212.43,-76.44,-172.2,-94.68,0,0,0,0,0,0,0,0,0,0,0,0,0,0,0,0,0,0
2025-11-10 20:24:40.255651,911.41,1286.39,43.99,-96.56,-661.7,-489.23,-613.96,-498.09,0,0,0,0,0,0,0,0,0,0,0,0,0,0,0,0,0,0
2025-11-10 20:24:40.372132,1658.68,2245.81,383.56,198.48,-1039.09,-811.9,-986.25,-816.46,0,0,0,0,0,0,0,0,0,0,0,0,0,0,0,0,0,0
2025-11-10 20:24:40.489219,2432.5,3287.32,308.72,-310294.86,-370136.01,-381740.32,-388091.53,226558.7,0,0,0,0,0,0,0,0,0,0,0,0,0,0,0,0,0,0
2025-11-10 20:24:40.605955,-1774.01,-2084.34,-2162.93,-2213.36,1185.8,1264.93,1169.98,1216.65,0,0,0,0,0,0,0,0,0,0,0,0,0,0,0,0,0,0
2025-11-10 20:24:40.722791,-1112.31,-1258.22,-1440.35,-1501.77,644.27,730.63,652.85,695.77,0,0,0,0,0,0,0,0,0,0,0,0,0,0,0,0,0,0
2025-11-10 20:24:40.839401,-431.57,-397.77,-826.93,-907.12,141.62,250.25,172.47,225.04,0,0,0,0,0,0,0,0,0,0,0,0,0,0,0,0,0,0
2025-11-10 20:24:40.956070,280.83,506.67,-308.45,-417.62,-312.75,-176.49,-270.37,-191.51,0,0,0,0,0,0,0,0,0,0,0,0,0,0,0,0,0,0
2025-11-10 20:24:41.072901,989.2,1453.76,105.14,-41.04,-721.25,-539.66,-667.87,-549.05,0,0,0,0,0,0,0,0,0,0,0,0,0,0,0,0,0,0
2025-11-10 20:24:41.189571,1757.65,2450.2,428.89,236.57,-1087.1,-851.33,-1033.99,-854.02,0,0,0,0,0,0,0,0,0,0,0,0,0,0,0,0,0,0
2025-11-10 20:24:41.306289,-2294.63,-2669.6,-2785.74,-2835.36,1651.97,1732.98,1610.93,1675.31,0,0,0,0,0,0,0,0,0,0,0,0,0,0,0,0,0,0
2025-11-10 20:24:41.423317,-1667.53,-1903.03,-2010.58,-2062.35,1069.67,1149.06,1058.67,1105.07,0,0,0,0,0,0,0,0,0,0,0,0,0,0,0,0,0,0
2025-11-10 20:24:41.539898,-990.0,-1061.08,-1315.36,-1381.87,526.25,618.79,538.86,584.99,0,0,0,0,0,0,0,0,0,0,0,0,0,0,0,0,0,0
2025-11-10 20:24:41.656647,-204.92,-98.44,-705.42,-801.18,-0.54,120.43,30.31,97.9,0,0,0,0,0,0,0,0,0,0,0,0,0,0,0,0,0,0
2025-11-10 20:24:41.773121,566.21,779.45,-190.97,-316.5,-447.39,-292.36,-400.72,-306.58,0,0,0,0,0,0,0,0,0,0,0,0,0,0,0,0,0,0
2025-11-10 20:24:41.890368,1380.0,1713.93,216.19,49.89,-281248.94,1124097.77,-1126014.48,2248912.23,0,0,0,0,0,0,0,0,0,0,0,0,0,0,0,0,0,0
2025-11-10 20:24:42.007117,-2999.78,-3392.73,-3591.48,-3636.81,2205.04,2286.32,2130.21,2213.09,0,0,0,0,0,0,0,0,0,0,0,0,0,0,0,0,0,0
2025-11-10 20:24:42.123686,-2237.77,-2517.25,-2646.0,-2695.35,1529.66,1612.28,1500.43,1557.29,0,0,0,0,0,0,0,0,0,0,0,0,0,0,0,0,0,0
2025-11-10 20:24:42.240315,-1556.22,-1737.27,-1878.62,-1933.07,966.67,1050.35,962.38,1006.9,0,0,0,0,0,0,0,0,0,0,0,0,0,0,0,0,0,0
2025-11-10 20:24:42.356956,-830.95,-882.18,-1182.32,-1252.06,427.28,522.49,444.17,493.53,0,0,0,0,0,0,0,0,0,0,0,0,0,0,0,0,0,0
2025-11-10 20:24:42.473500,-71.61,31.38,-589.28,-685.04,-71.35,50.69,-37.55,30.31,0,0,0,0,0,0,0,0,0,0,0,0,0,0,0,0,0,0
2025-11-10 20:24:42.590496,753.43,997.51,-98.17,-233.62,-543.15,-377.92,-495.14,-389.46,0,0,0,0,0,0,0,0,0,0,0,0,0,0,0,0,0,0
2025-11-10 20:24:42.707134,1598.33,2013.27,411.99,4943.31,1809997.13,625670.89,212035.61,108215.61,0,0,0,0,0,0,0,0,0,0,0,0,0,0,0,0,0,0
2025-11-10 20:24:42.823803,-2884.18,-3306.9,-3451.47,-3497.06,2078.44,2160.25,2010.05,2089.44,0,0,0,0,0,0,0,0,0,0,0,0,0,0,0,0,0,0
2025-11-10 20:24:42.940562,-2144.16,-2467.36,-2550.51,-2600.13,1441.69,1524.57,1414.87,1471.73,0,0,0,0,0,0,0,0,0,0,0,0,0,0,0,0,0,0
2025-11-10 20:24:43.057774,-1413.79,-1605.57,-1751.75,-1810.22,865.01,949.77,865.01,910.34,0,0,0,0,0,0,0,0,0,0,0,0,0,0,0,0,0,0
2025-11-10 20:24:43.174460,-689.86,-727.95,-1076.1,-1149.86,335.54,436.93,357.54,407.16,0,0,0,0,0,0,0,0,0,0,0,0,0,0,0,0,0,0
2025-11-10 20:24:43.291130,50.69,163.08,-505.6,-608.33,-146.18,-17.17,-106.48,-35.94,0,0,0,0,0,0,0,0,0,0,0,0,0,0,0,0,0,0
2025-11-10 20:24:43.407785,781.86,1070.47,-52.03,-185.34,-572.12,-405.82,-523.3,-415.74,0,0,0,0,0,0,0,0,0,0,0,0,0,0,0,0,0,0
2025-11-10 20:24:43.524714,-3372.61,-3968.86,-4155.28,-4202.75,2571.97,2665.85,2488.55,2582.43,0,0,0,0,0,0,0,0,0,0,0,0,0,0,0,0,0,0
2025-11-10 20:24:43.641472,-2697.77,-3157.76,-3292.41,-3341.23,1973.03,2059.4,1915.63,1992.08,0,0,0,0,0,0,0,0,0,0,0,0,0,0,0,0,0,0
2025-11-10 20:24:43.758289,-2000.66,-2316.09,-2405.67,-2455.83,1355.59,1432.3,1327.16,1380.8,0,0,0,0,0,0,0,0,0,0,0,0,0,0,0,0,0,0
2025-11-10 20:24:43.875332,-1304.89,-1481.38,-1640.17,-1699.18,783.47,867.43,785.08,828.27,0,0,0,0,0,0,0,0,0,0,0,0,0,0,0,0,0,0
2025-11-10 20:24:43.991961,-597.06,-620.93,-992.15,-1071.54,268.76,373.63,295.31,345.47,0,0,0,0,0,0,0,0,0,0,0,0,0,0,0,0,0,0
2025-11-10 20:24:44.108722,-4011.78,-4801.69,-5033.17,-5075.81,3178.15,3261.57,3049.4,3172.79,0,0,0,0,0,0,0,0,0,0,0,0,0,0,0,0,0,0
2025-11-10 20:24:44.225381,-3732.29,-4457.83,-4653.63,-4698.69,2940.77,3023.92,2824.63,2937.02,0,0,0,0,0,0,0,0,0,0,0,0,0,0,0,0,0,0
2025-11-10 20:24:44.342005,-3340.42,-3972.62,-4097.88,-4142.4,2782.52,2863.26,2681.14,2778.5,0,0,0,0,0,0,0,0,0,0,0,0,0,0,0,0,0,0
2025-11-10 20:24:44.458664,-2546.76,-3011.58,-3111.09,-3159.64,1878.35,1959.35,1824.44,1893.64,0,0,0,0,0,0,0,0,0,0,0,0,0,0,0,0,0,0
2025-11-10 20:24:44.575972,-1878.62,-2195.12,-2268.88,-2318.23,1266.0,1345.4,1244.01,1294.17,0,0,0,0,0,0,0,0,0,0,0,0,0,0,0,0,0,0
2025-11-10 20:24:44.692661,-1182.05,-1341.1,-1518.94,-1581.97,705.15,794.2,714.27,770.33,0,0,0,0,0,0,0,0,0,0,0,0,0,0,0,0,0,0
2025-11-10 20:24:44.809839,-4054.7,-4866.06,-5109.07,-5145.28,3226.16,3306.9,3091.51,3221.06,0,0,0,0,0,0,0,0,0,0,0,0,0,0,0,0,0,0
2025-11-10 20:24:44.926538,-3957.6,-4746.71,-4967.18,-5008.76,3158.3,3240.38,3029.02,3150.79,0,0,0,0,0,0,0,0,0,0,0,0,0,0,0,0,0,0
2025-11-10 20:24:45.043124,-3643.78,-4338.47,-4541.52,-4591.14,2858.97,2951.5,2757.04,2865.14,0,0,0,0,0,0,0,0,0,0,0,0,0,0,0,0,0,0
2025-11-10 20:24:45.159722,-3118.87,-3708.96,-3846.82,-3891.08,2412.11,2495.53,2329.77,2419.08,0,0,0,0,0,0,0,0,0,0,0,0,0,0,0,0,0,0
2025-11-10 20:24:45.276482,-2416.67,-2859.23,-2943.19,-2993.08,1782.06,1861.45,1732.44,1798.15,0,0,0,0,0,0,0,0,0,0,0,0,0,0,0,0,0,0
2025-11-10 20:24:45.393222,-1761.41,-2056.45,-2139.6,-2193.24,1178.03,1258.76,1165.69,1211.82,0,0,0,0,0,0,0,0,0,0,0,0,0,0,0,0,0,0
2025-11-10 20:24:45.509911,-3901.01,-4674.29,-4931.24,-4964.23,3103.58,3177.88,2970.01,3099.02,0,0,0,0,0,0,0,0,0,0,0,0,0,0,0,0,0,0
2025-11-10 20:24:45.626610,-4031.9,-4796.33,-5054.89,-5093.52,3204.97,3285.17,3067.91,3195.05,0,0,0,0,0,0,0,0,0,0,0,0,0,0,0,0,0,0
2025-11-10 20:24:45.743553,-3920.05,-4612.06,-4867.4,-4910.86,3095.27,3185.93,2982.08,3099.56,0,0,0,0,0,0,0,0,0,0,0,0,0,0,0,0,0,0
2025-11-10 20:24:45.860178,-3656.39,-4231.18,-4483.04,-4532.4,2843.14,2932.46,2740.68,2847.17,0,0,0,0,0,0,0,0,0,0,0,0,0,0,0,0,0,0
2025-11-10 20:24:45.976964,-3053.16,-3555.0,-3721.57,-3767.43,2331.91,2414.79,2251.98,2339.42,0,0,0,0,0,0,0,0,0,0,0,0,0,0,0,0,0,0
2025-11-10 20:24:46.235631,4410.62,5827.9,1180.98,812.44,-2231.33,-1785.81,-2199.14,-1767.04,0,0,0,0,0,0,0,0,0,0,0,0,0,0,0,0,0,0
2025-11-10 20:24:46.352866,4306.56,5855.53,1149.06,790.98,-2211.48,-1778.84,-2188.95,-1754.97,0,0,0,0,0,0,0,0,0,0,0,0,0,0,0,0,0,0
2025-11-10 20:24:46.472119,1429.62,1990.74,292.09,121.24,-924.83,-718.03,-875.74,-721.51,0,0,0,0,0,0,0,0,0,0,0,0,0,0,0,0,0,0
2025-11-10 20:24:46.699298,2562.31,3542.66,556.02,337.96,-1544.95,-1271.1,-1529.4,-1237.57,0,0,0,0,0,0,0,0,0,0,0,0,0,0,0,0,0,0
2025-11-10 20:24:46.927643,-3737.93,-4520.6,-4749.39,-4780.77,2941.85,3010.51,2814.71,2938.63,0,0,0,0,0,0,0,0,0,0,0,0,0,0,0,0,0,0
2025-11-10 20:24:47.044467,-3971.01,-4746.71,-5009.83,-5048.19,3156.42,3236.62,3027.41,3155.35,0,0,0,0,0,0,0,0,0,0,0,0,0,0,0,0,0,0
2025-11-10 20:24:47.167849,4249.42,5742.88,1130.28,775.96,-2197.53,-1771.6,-2177.15,-1747.46,0,0,0,0,0,0,0,0,0,0,0,0,0,0,0,0,0,0
2025-11-10 20:24:47.284326,3915.49,5241.04,987.86,660.36,-2059.94,-1665.65,-2037.67,-1638.03,0,0,0,0,0,0,0,0,0,0,0,0,0,0,0,0,0,0
2025-11-10 20:24:47.401086,3280.61,4406.87,781.33,505.6,-1810.76,-1478.97,-1790.37,-1447.32,0,0,0,0,0,0,0,0,0,0,0,0,0,0,0,0,0,0
2025-11-10 20:24:47.517709,2419.08,3289.46,502.65,293.43,-1489.16,-1228.45,-1472.8,-1196.0,0,0,0,0,0,0,0,0,0,0,0,0,0,0,0,0,0,0
2025-11-10 20:24:47.634470,1542.54,2153.81,159.06,11.0,-1087.64,-903.1,-1077.18,-870.11,0,0,0,0,0,0,0,0,0,0,0,0,0,0,0,0,0,0
2025-11-10 20:24:47.751046,713.47,1098.63,-267.68,-367.46,-673.77,-539.66,-663.58,-274.12,0,0,0,0,0,0,0,0,0,0,0,0,0,0,0,0,0,0
2025-11-10 20:24:47.867850,4400.97,5941.63,1179.1,808.42,-2219.53,-1783.94,-2190.56,-1764.36,0,0,0,0,0,0,0,0,0,0,0,0,0,0,0,0,0,0
2025-11-10 20:24:48.071099,4380.85,5884.5,1179.9,810.56,-2225.7,-1783.4,-2200.48,-1764.09,0,0,0,0,0,0,0,0,0,0,0,0,0,0,0,0,0,0
2025-11-10 20:24:48.188610,737.88,1128.94,-34.87,-166.83,-575.6,-409.31,-526.52,-420.57,0,0,0,0,0,0,0,0,0,0,0,0,0,0,0,0,0,0
2025-11-10 20:24:48.305579,1486.75,2130.21,330.72,155.03,-973.37,-756.11,-920.8,-761.21,0,0,0,0,0,0,0,0,0,0,0,0,0,0,0,0,0,0
2025-11-10 20:24:48.422301,2274.25,3161.79,604.84,376.31,-1322.87,-1044.99,-1274.59,-1044.72,0,0,0,0,0,0,0,0,0,0,0,0,0,0,0,0,0,0
2025-11-10 20:24:48.539100,3108.41,4327.48,863.94,575.6,-1673.43,-1334.4,-1635.88,-1329.03,0,0,0,0,0,0,0,0,0,0,0,0,0,0,0,0,0,0
2025-11-10 20:24:48.655872,3750.26,5203.22,1048.48,716.15,-1968.21,-1562.39,-1927.7,-1554.07,0,0,0,0,0,0,0,0,0,0,0,0,0,0,0,0,0,0
2025-11-10 20:24:48.772535,-593.3,-609.13,-970.96,-1046.6,265.54,369.07,292.09,341.71,0,0,0,0,0,0,0,0,0,0,0,0,0,0,0,0,0,0
2025-11-10 20:24:48.889322,115.6,304.7,-424.86,-526.52,-200.63,-71.88,-161.47,-89.05,0,0,0,0,0,0,0,0,0,0,0,0,0,0,0,0,0,0
2025-11-10 20:24:49.006282,841.95,1268.15,26.82,-112.12,-637.83,-465.9,-589.01,-477.43,0,0,0,0,0,0,0,0,0,0,0,0,0,0,0,0,0,0
2025-11-10 20:24:49.123024,1558.36,2273.44,371.75,191.24,-1009.58,-788.57,-959.43,-792.06,0,0,0,0,0,0,0,0,0,0,0,0,0,0,0,0,0,0
2025-11-10 20:24:49.239729,2293.56,3358.39,640.51,407.16,-1366.32,-1078.78,-1314.01,-1078.25,0,0,0,0,0,0,0,0,0,0,0,0,0,0,0,0,0,0
2025-11-10 20:24:49.356479,3117.53,-1124997.38,-1821.22,-2232.67,-2253.32,-2305.09,1277.27,1360.68,0,0,0,0,0,0,0,0,0,0,0,0,0,0,0,0,0,0
2025-11-10 20:24:49.473362,-1184.2,-1389.92,-1530.74,-1589.75,730.37,817.0,737.07,778.91,0,0,0,0,0,0,0,0,0,0,0,0,0,0,0,0,0,0
2025-11-10 20:24:49.590061,-522.76,-520.62,-909.81,-987.86,215.65,320.79,243.54,294.77,0,0,0,0,0,0,0,0,0,0,0,0,0,0,0,0,0,0
2025-11-10 20:24:49.707479,175.15,413.86,-371.49,-476.63,-252.66,-116.68,-210.55,-133.84,0,0,0,0,0,0,0,0,0,0,0,0,0,0,0,0,0,0
2025-11-10 20:24:49.854630,2633.66,3745.17,734.39,477.97,-1487.82,-1174.81,-1438.74,-1173.47,0,0,0,0,0,0,0,0,0,0,0,0,0,0,0,0,0,0
2025-11-10 20:24:49.971521,3386.02,4833.61,957.01,646.68,-1832.49,-1459.39,-1794.4,-1451.61,0,0,0,0,0,0,0,0,0,0,0,0,0,0,0,0,0,0
2025-11-10 20:24:50.088608,3963.5,5613.6,1112.31,765.5,-2074.96,-1650.9,-2036.33,-1640.71,0,0,0,0,0,0,0,0,0,0,0,0,0,0,0,0,0,0
2025-11-10 20:24:50.207440,-255.88,-167.37,-694.42,-782.13,32.45,148.06,65.18,125.53,0,0,0,0,0,0,0,0,0,0,0,0,0,0,0,0,0,0
2025-11-10 20:24:50.324074,454.1,781.6,-196.61,-316.23,-418.96,-269.29,-373.36,-283.51,0,0,0,0,0,0,0,0,0,0,0,0,0,0,0,0,0,0
2025-11-10 20:24:50.440732,1166.22,1778.3,201.97,44.52,-826.66,-630.32,-775.16,-637.83,0,0,0,0,0,0,0,0,0,0,0,0,0,0,0,0,0,0
2025-11-10 20:24:50.557382,1933.34,2831.61,513.37,305.5,-1197.34,-939.85,-1143.96,-942.8,0,0,0,0,0,0,0,0,0,0,0,0,0,0,0,0,0,0
2025-11-10 20:24:50.674050,-2091.32,-2582.16,-2622.93,-2673.09,1579.28,1658.95,1543.07,1600.74,0,0,0,0,0,0,0,0,0,0,0,0,0,0,0,0,0,0
2025-11-10 20:24:50.790615,-1481.65,-1790.11,-1863.33,-1915.63,994.56,1075.83,988.13,1030.5,0,0,0,0,0,0,0,0,0,0,0,0,0,0,0,0,0,0
2025-11-10 20:24:50.907363,-858.31,-957.28,-1216.92,-1284.51,466.44,563.53,486.82,530.54,0,0,0,0,0,0,0,0,0,0,0,0,0,0,0,0,0,0
2025-11-10 20:24:51.024118,-185.07,-70.54,-637.83,-727.68,-15.29,100.58,17.7,79.39,0,0,0,0,0,0,0,0,0,0,0,0,0,0,0,0,0,0
2025-11-10 20:24:51.140632,505.6,858.31,-154.5,-276.27,-455.44,-303.09,-408.77,-315.7,0,0,0,0,0,0,0,0,0,0,0,0,0,0,0,0,0,0
2025-11-10 20:24:51.257252,1238.91,1836.24,227.45,67.06,-854.28,-655.0,-803.32,-661.16,0,0,0,0,0,0,0,0,0,0,0,0,0,0,0,0,0,0
2025-11-10 20:24:51.374489,-2743.9,-3390.58,-3463.27,-3509.67,2150.86,2232.67,2083.0,2161.06,0,0,0,0,0,0,0,0,0,0,0,0,0,0,0,0,0,0
