0,-82638.86,-62543.22,61943.21,57441.66,27878.35,43964.09,98342.66,99186.75,0,0,0,0,0,0,0,0,0,0,0,0,0,0,0,0,0,0
0,-81886.51,-64753.89,63332.86,58835.6,28139.86,44390.29,99321.13,100202.78,0,0,0,0,0,0,0,0,0,0,0,0,0,0,0,0,0,0
0,-78874.12,-64097.29,63583.38,4934.19,-536140.62,-339469.51,-403190.76,-837703.81,0,0,0,0,0,0,0,0,0,0,0,0,0,0,0,0,0,0
0,-84133.12,-62655.33,65112.77,60526.2,27971.69,44592.53,100671.36,101642.05,0,0,0,0,0,0,0,0,0,0,0,0,0,0,0,0,0,0
0,-80747.64,-65372.41,65939.43,61304.3,27769.72,44607.82,101266.81,102290.87,0,0,0,0,0,0,0,0,0,0,0,0,0,0,0,0,0,0
0,-77232.87,-65803.98,66235.55,61504.13,27156.03,44250.01,101517.33,102599.6,0,0,0,0,0,0,0,0,0,0,0,0,0,0,0,0,0,0
0,-84687.54,-63048.55,68029.94,63337.96,27759.79,44987.35,102761.07,103884.91,0,0,0,0,0,0,0,0,0,0,0,0,0,0,0,0,0,0
0,-79825.23,-66114.85,68699.96,63937.97,27467.16,44927.27,103301.53,104485.19,0,0,0,0,0,0,0,0,0,0,0,0,0,0,0,0,0,0
0,-78799.28,-65532.81,69352.81,64515.18,27156.03,44850.56,103824.03,105071.52,0,0,0,0,0,0,0,0,0,0,0,0,0,0,0,0,0,0
0,-84299.69,-62900.76,70837.95,66017.48,27498.81,45351.6,104866.06,106160.23,0,0,0,0,0,0,0,0,0,0,0,0,0,0,0,0,0,0
0,-78762.8,-66870.69,71552.76,66674.89,27266.8,45334.7,105418.33,106764.0,0,0,0,0,0,0,0,0,0,0,0,0,0,0,0,0,0,0
0,-80118.12,-64873.25,72325.5,67382.73,27075.56,45354.01,106029.07,107428.11,0,0,0,0,0,0,0,0,0,0,0,0,0,0,0,0,0,0
0,-84514.0,-64091.92,74428.09,69533.05,27922.07,46330.07,107523.86,108966.63,0,0,0,0,0,0,0,0,0,0,0,0,0,0,0,0,0,0
0,-81739.52,-66079.98,75386.71,70438.57,27880.49,46503.61,108271.93,109760.29,0,0,0,0,0,0,0,0,0,0,0,0,0,0,0,0,0,0
0,-78623.06,-66147.3,75483.8,70401.55,27170.51,46080.09,108473.37,110007.32,0,0,0,0,0,0,0,0,0,0,0,0,0,0,0,0,0,0
0,-82115.03,-64392.33,77196.13,72129.97,27765.69,46819.3,109747.15,111321.34,0,0,0,0,0,0,0,0,0,0,0,0,0,0,0,0,0,0
0,-83067.48,-65673.36,79400.9,74383.29,28751.67,47945.29,111385.98,113004.96,0,0,0,0,0,0,0,0,0,0,0,0,0,0,0,0,0,0
0,-78315.14,-67518.98,79778.29,74650.17,28313.13,47760.22,111813.25,113485.34,0,0,0,0,0,0,0,0,0,0,0,0,0,0,0,0,0,0
0,-78685.82,-66034.92,80449.38,75236.77,28097.75,47776.31,112417.02,114147.04,0,0,0,0,0,0,0,0,0,0,0,0,0,0,0,0,0,0
0,-84470.55,-65297.58,83207.49,78081.25,29611.05,49369.55,114497.07,116260.09,0,0,0,0,0,0,0,0,0,0,0,0,0,0,0,0,0,0
0,-79779.63,-68290.12,84776.05,79660.54,30163.86,50109.3,115787.75,117592.34,0,0,0,0,0,0,0,0,0,0,0,0,0,0,0,0,0,0
0,-72144.72,-68031.55,84998.14,79776.14,29645.65,49855.83,116161.11,118025.79,0,0,0,0,0,0,0,0,0,0,0,0,0,0,0,0,0,0
0,-76873.72,-65410.5,86542.55,81306.34,30122.28,50503.32,117354.97,119277.84,0,0,0,0,0,0,0,0,0,0,0,0,0,0,0,0,0,0
0,-81107.86,-65689.98,89024.67,83846.4,31367.36,51865.61,119225.27,121192.4,0,0,0,0,0,0,0,0,0,0,0,0,0,0,0,0,0,0
0,-76419.36,-67659.26,89593.3,84340.99,31032.89,51770.12,119723.36,121741.45,0,0,0,0,0,0,0,0,0,0,0,0,0,0,0,0,0,0
0,-75207.8,-66731.22,90117.4,84787.58,30667.31,51637.62,120184.16,122255.9,0,0,0,0,0,0,0,0,0,0,0,0,0,0,0,0,0,0
0,-80832.67,-63963.18,91667.45,86351.85,31080.37,52215.64,121286.28,123410.32,0,0,0,0,0,0,0,0,0,0,0,0,0,0,0,0,0,0
0,-80711.97,-65354.44,92885.98,87557.77,31204.29,52530.53,122138.15,124318.25,0,0,0,0,0,0,0,0,0,0,0,0,0,0,0,0,0,0
0,-75400.12,-67758.77,93260.68,87842.08,30686.89,52257.75,122457.87,124699.66,0,0,0,0,0,0,0,0,0,0,0,0,0,0,0,0,0,0
0,-78045.58,-64964.45,94027.52,88556.62,30468.82,52257.75,123021.94,125321.66,0,0,0,0,0,0,0,0,0,0,0,0,0,0,0,0,0,0
0,-82500.73,-63923.21,95623.98,90174.26,30913.0,52857.76,124136.93,126490.03,0,0,0,0,0,0,0,0,0,0,0,0,0,0,0,0,0,0
0,-78908.18,-67009.36,96540.22,91045.98,30834.14,52990.8,124830.28,127245.34,0,0,0,0,0,0,0,0,0,0,0,0,0,0,0,0,0,0
0,-76507.07,-67153.13,96932.09,91351.22,30332.3,52733.04,125157.51,127635.87,0,0,0,0,0,0,0,0,0,0,0,0,0,0,0,0,0,0
0,-81436.43,-64415.94,98261.12,92668.45,30588.45,53164.87,126119.62,128656.45,0,0,0,0,0,0,0,0,0,0,0,0,0,0,0,0,0,0
0,-82901.72,-65268.07,99706.03,94125.69,30914.61,53661.35,127138.59,129725.31,0,0,0,0,0,0,0,0,0,0,0,0,0,0,0,0,0,0
0,-78326.95,-67540.71,100087.71,94418.59,30406.33,53403.05,127468.77,130113.7,0,0,0,0,0,0,0,0,0,0,0,0,0,0,0,0,0,0
0,-79212.07,-65857.35,100684.23,94949.13,30057.1,53281.01,127913.75,130619.03,0,0,0,0,0,0,0,0,0,0,0,0,0,0,0,0,0,0
0,-84453.38,-64108.55,102166.15,96448.49,30396.94,53779.1,128922.53,131679.3,0,0,0,0,0,0,0,0,0,0,0,0,0,0,0,0,0,0
0,-82447.62,-66499.48,103184.86,97435.0,30389.43,53971.14,129668.18,132481.82,0,0,0,0,0,0,0,0,0,0,0,0,0,0,0,0,0,0
0,-78665.71,-67528.64,103424.38,97580.38,29751.33,53590.27,129876.32,132750.04,0,0,0,0,0,0,0,0,0,0,0,0,0,0,0,0,0,0
0,-82448.96,-64959.62,104519.52,98646.29,29814.36,53841.06,130664.89,133601.11,0,0,0,0,0,0,0,0,0,0,0,0,0,0,0,0,0,0
0,-85490.05,-64617.1,105846.95,99985.78,30013.92,54206.91,131547.34,134531.3,0,0,0,0,0,0,0,0,0,0,0,0,0,0,0,0,0,0
0,-81038.66,-67428.59,106363.81,100431.03,29606.49,54038.74,131949.4,134993.98,0,0,0,0,0,0,0,0,0,0,0,0,0,0,0,0,0,0
0,-80051.87,-66352.76,106644.91,100625.76,28998.97,53683.61,132165.32,135267.83,0,0,0,0,0,0,0,0,0,0,0,0,0,0,0,0,0,0
0,-85341.19,-64395.82,108218.02,102218.46,29445.02,54282.28,133276.83,136425.47,0,0,0,0,0,0,0,0,0,0,0,0,0,0,0,0,0,0
0,-84949.59,-66197.46,109491.8,103477.22,29656.92,54680.59,134204.87,137407.16,0,0,0,0,0,0,0,0,0,0,0,0,0,0,0,0,0,0
0,-80289.79,-67671.87,109658.37,103546.95,28970.0,54253.85,134360.17,137621.74,0,0,0,0,0,0,0,0,0,0,0,0,0,0,0,0,0,0
0,-82635.91,-65530.93,110398.12,104240.84,28735.58,54227.03,134882.4,138200.83,0,0,0,0,0,0,0,0,0,0,0,0,0,0,0,0,0,0
0,-86947.83,-64738.07,111960.78,105823.08,29160.71,54809.34,135967.08,139339.16,0,0,0,0,0,0,0,0,0,0,0,0,0,0,0,0,0,0
0,-83206.96,-67164.93,112522.43,106326.53,28767.77,54647.87,136353.05,139780.38,0,0,0,0,0,0,0,0,0,0,0,0,0,0,0,0,0,0
0,-80758.1,-67085.54,112816.94,106531.98,28190.29,54308.3,136582.65,140075.42,0,0,0,0,0,0,0,0,0,0,0,0,0,0,0,0,0,0
0,-85586.88,-64629.17,114033.59,107737.37,28354.71,54644.92,137438.54,140986.03,0,0,0,0,0,0,0,0,0,0,0,0,0,0,0,0,0,0
0,-86809.16,-65521.01,115244.87,108945.17,28483.99,54957.93,138263.59,141864.46,0,0,0,0,0,0,0,0,0,0,0,0,0,0,0,0,0,0
0,-81847.34,-67841.38,115579.88,109197.03,27942.18,54654.57,138523.77,142187.66,0,0,0,0,0,0,0,0,0,0,0,0,0,0,0,0,0,0
0,-82556.52,-66202.02,116127.86,109681.97,27567.48,54504.1,138919.12,142640.96,0,0,0,0,0,0,0,0,0,0,0,0,0,0,0,0,0,0
0,-87767.79,-64703.2,117614.87,111183.2,27959.88,55048.59,139967.06,143740.93,0,0,0,0,0,0,0,0,0,0,0,0,0,0,0,0,0,0
0,-85447.94,-67238.42,118598.97,112134.58,27948.89,55231.25,140685.36,144522.53,0,0,0,0,0,0,0,0,0,0,0,0,0,0,0,0,0,0
0,-81553.91,-68137.5,118954.1,112399.58,27434.44,54962.76,140979.33,144880.87,0,0,0,0,0,0,0,0,0,0,0,0,0,0,0,0,0,0
0,-85356.75,-65428.47,119945.98,113360.89,27430.42,55143.27,141684.21,145649.05,0,0,0,0,0,0,0,0,0,0,0,0,0,0,0,0,0,0
0,-87849.06,-66179.22,121825.4,115280.01,28153.81,55999.16,143033.9,147047.56,0,0,0,0,0,0,0,0,0,0,0,0,0,0,0,0,0,0
0,-83323.63,-68590.26,122441.51,115812.16,27919.12,55987.09,143599.58,147678.15,0,0,0,0,0,0,0,0,0,0,0,0,0,0,0,0,0,0
0,-82317.0,-67039.94,122817.82,116100.5,27429.34,55744.35,143924.39,148060.36,0,0,0,0,0,0,0,0,0,0,0,0,0,0,0,0,0,0
0,-87401.66,-65396.01,124467.65,117774.73,27970.88,56425.63,145101.62,149288.28,0,0,0,0,0,0,0,0,0,0,0,0,0,0,0,0,0,0
0,-86766.52,-67231.99,125766.91,119057.36,28223.01,56858.54,146048.44,150297.86,0,0,0,0,0,0,0,0,0,0,0,0,0,0,0,0,0,0
0,-82071.31,-68288.51,125904.78,119090.89,27539.05,56429.66,146195.96,150507.34,0,0,0,0,0,0,0,0,0,0,0,0,0,0,0,0,0,0
0,-84388.2,-66185.66,126790.98,119939.27,27460.46,56548.48,146843.71,151216.25,0,0,0,0,0,0,0,0,0,0,0,0,0,0,0,0,0,0
0,-88570.03,-65865.4,128548.63,121727.77,28080.05,57307.54,148090.94,152513.1,0,0,0,0,0,0,0,0,0,0,0,0,0,0,0,0,0,0
0,-84850.35,-68072.59,129235.81,122351.12,27833.82,57285.01,148622.28,153102.11,0,0,0,0,0,0,0,0,0,0,0,0,0,0,0,0,0,0
0,-82251.55,-67662.21,129483.92,122502.93,27238.64,56930.69,148837.4,153375.43,0,0,0,0,0,0,0,0,0,0,0,0,0,0,0,0,0,0
0,-87051.1,-65571.16,130776.47,123798.17,27488.35,57337.59,149748.81,154343.17,0,0,0,0,0,0,0,0,0,0,0,0,0,0,0,0,0,0
0,-88147.05,-66577.8,132050.25,125066.85,27682.81,57708.8,150620.8,155270.94,0,0,0,0,0,0,0,0,0,0,0,0,0,0,0,0,0,0
0,-82994.26,-68444.61,132295.68,125215.72,27081.73,57360.38,150837.52,155545.6,0,0,0,0,0,0,0,0,0,0,0,0,0,0,0,0,0,0
0,-83765.39,-66817.85,132904.54,125758.6,26770.86,57269.99,151285.45,156055.22,0,0,0,0,0,0,0,0,0,0,0,0,0,0,0,0,0,0
0,-88801.24,-65431.15,134355.61,127231.4,27136.45,57772.91,152273.84,157092.43,0,0,0,0,0,0,0,0,0,0,0,0,0,0,0,0,0,0
0,-86492.39,-67689.04,135230.55,128070.12,27044.45,57885.02,152910.33,157789.0,0,0,0,0,0,0,0,0,0,0,0,0,0,0,0,0,0,0
0,-82487.05,-68200.26,135399.53,128142.54,26384.09,57476.79,153056.51,157999.02,0,0,0,0,0,0,0,0,0,0,0,0,0,0,0,0,0,0
0,-86216.13,-65965.98,136426.01,129145.15,26428.61,57700.76,153791.44,158791.61,0,0,0,0,0,0,0,0,0,0,0,0,0,0,0,0,0,0
0,-89182.11,-66331.3,137874.94,130610.44,26807.07,58231.03,154808.53,159864.76,0,0,0,0,0,0,0,0,0,0,0,0,0,0,0,0,0,0
0,-84329.73,-68597.77,138379.46,131041.48,26432.9,58081.63,155200.94,160322.08,0,0,0,0,0,0,0,0,0,0,0,0,0,0,0,0,0,0
0,-83394.98,-67634.59,138850.19,131428.52,26039.15,57913.19,155578.59,160766.52,0,0,0,0,0,0,0,0,0,0,0,0,0,0,0,0,0,0
0,-88590.69,-65730.49,140337.74,132929.21,26459.46,58483.43,156632.43,161878.3,0,0,0,0,0,0,0,0,0,0,0,0,0,0,0,0,0,0
0,-87824.11,-67612.32,141452.47,134032.14,26568.89,58775.25,157429.85,162726.68,0,0,0,0,0,0,0,0,0,0,0,0,0,0,0,0,0,0
0,-83033.15,-68569.07,141633.52,134121.72,25940.72,58385.79,157593.74,162955.2,0,0,0,0,0,0,0,0,0,0,0,0,0,0,0,0,0,0
0,-85338.51,-66794.79,142589.99,135042.79,25965.66,58590.45,158317.13,163747.53,0,0,0,0,0,0,0,0,0,0,0,0,0,0,0,0,0,0
0,-89494.59,-66146.5,144027.12,136491.72,26317.57,59096.85,159300.16,164786.89,0,0,0,0,0,0,0,0,0,0,0,0,0,0,0,0,0,0
0,-85561.94,-68347.79,144574.02,136985.25,25958.69,58955.49,159692.3,165231.6,0,0,0,0,0,0,0,0,0,0,0,0,0,0,0,0,0,0
0,-82962.07,-68068.57,144877.38,137195.27,25420.91,58662.6,159949.79,165555.61,0,0,0,0,0,0,0,0,0,0,0,0,0,0,0,0,0,0
0,-87741.77,-65991.47,146151.16,138464.49,25685.91,59087.19,160866.57,166530.59,0,0,0,0,0,0,0,0,0,0,0,0,0,0,0,0,0,0
0,-88939.91,-67164.13,147465.71,139783.6,25982.56,59531.63,161802.12,167522.74,0,0,0,0,0,0,0,0,0,0,0,0,0,0,0,0,0,0
0,-83731.86,-68937.34,147836.93,140064.16,25504.05,59294.79,162104.14,167895.57,0,0,0,0,0,0,0,0,0,0,0,0,0,0,0,0,0,0
0,-84220.56,-67183.44,148309.54,140475.61,25100.38,59101.14,162429.22,168284.22,0,0,0,0,0,0,0,0,0,0,0,0,0,0,0,0,0,0
0,-89406.35,-65750.6,149604.51,141777.82,25356.26,59520.64,163323.2,169232.91,0,0,0,0,0,0,0,0,0,0,0,0,0,0,0,0,0,0
0,-87046.81,-68118.19,150513.24,142651.69,25316.84,59672.72,163983.3,169959.79,0,0,0,0,0,0,0,0,0,0,0,0,0,0,0,0,0,0
0,-82953.49,-68872.96,150860.86,142920.17,24839.94,59428.1,164274.05,170318.41,0,0,0,0,0,0,0,0,0,0,0,0,0,0,0,0,0,0
0,-86605.58,-66465.14,151775.76,143804.5,24799.97,59575.89,164918.85,171027.85,0,0,0,0,0,0,0,0,0,0,0,0,0,0,0,0,0,0
0,-89643.19,-66676.23,153121.69,145156.87,25123.72,60055.47,165872.38,174682.63,0,0,0,0,0,0,0,0,0,0,0,0,0,0,0,0,0,0
0,-84751.91,-68889.59,153640.43,145612.84,24782.81,59923.5,166265.05,172497.7,0,0,0,0,0,0,0,0,0,0,0,0,0,0,0,0,0,0
0,-84136.34,-69113.56,154473.25,146403.83,24679.01,60027.3,166890.54,173189.17,0,0,0,0,0,0,0,0,0,0,0,0,0,0,0,0,0,0
0,-84049.97,-67818.85,155073.8,146941.34,24410.25,59973.39,167345.71,173716.5,0,0,0,0,0,0,0,0,0,0,0,0,0,0,0,0,0,0
0,-89368.8,-66152.4,156367.16,148229.88,24687.59,60406.03,168245.06,174685.04,0,0,0,0,0,0,0,0,0,0,0,0,0,0,0,0,0,0
0,-87562.06,-67981.4,157274.82,149114.2,24663.18,60561.06,168896.83,175400.12,0,0,0,0,0,0,0,0,0,0,0,0,0,0,0,0,0,0
0,-82995.33,-68915.34,157556.45,149314.83,24119.23,60253.68,169114.09,175684.97,0,0,0,0,0,0,0,0,0,0,0,0,0,0,0,0,0,0
0,-86106.69,-66529.52,158291.38,150013.55,23932.01,60256.63,169612.45,176244.48,0,0,0,0,0,0,0,0,0,0,0,0,0,0,0,0,0,0
0,-89648.82,-66274.97,159395.11,151119.42,19.04,-695217.62,-530057.64,1272309.14,0,0,0,0,0,0,0,0,0,0,0,0,0,0,0,0,0,0
0,-85135.2,-68751.99,76.98,1636979.89,-2133303.92,626195.26,360171.34,764313.74,0,0,0,0,0,0,0,0,0,0,0,0,0,0,0,0,0,0
0,-83213.13,-68157.62,160261.73,151856.22,23191.45,60128.16,170972.06,177795.06,0,0,0,0,0,0,0,0,0,0,0,0,0,0,0,0,0,0
0,-83775.85,-67986.76,161120.57,152677.78,23116.89,60248.86,171603.45,178497.27,0,0,0,0,0,0,0,0,0,0,0,0,0,0,0,0,0,0
0,-88512.9,-66585.57,162600.88,154173.65,23570.99,60842.7,172668.82,179630.77,0,0,0,0,0,0,0,0,0,0,0,0,0,0,0,0,0,0
0,-86910.28,-68268.12,163733.05,155306.35,23750.43,61202.11,173523.65,180545.94,0,0,0,0,0,0,0,0,0,0,0,0,0,0,0,0,0,0
0,-82768.15,-69335.11,164031.04,155510.73,23281.04,60954.28,173827.81,180926.54,0,0,0,0,0,0,0,0,0,0,0,0,0,0,0,0,0,0
0,-85226.93,-67457.83,165115.72,156564.3,23425.34,61248.51,174624.16,181814.89,0,0,0,0,0,0,0,0,0,0,0,0,0,0,0,0,0,0
0,-88177.63,-66965.11,166635.2,158123.47,23880.51,61837.8,175675.58,182934.98,0,0,0,0,0,0,0,0,0,0,0,0,0,0,0,0,0,0
0,-84614.04,-68718.47,167202.48,158635.77,23595.13,61754.65,176115.46,183446.48,0,0,0,0,0,0,0,0,0,0,0,0,0,0,0,0,0,0
0,-83174.5,-69086.73,167777.01,159157.46,23392.35,61757.33,176661.29,184071.43,0,0,0,0,0,0,0,0,0,0,0,0,0,0,0,0,0,0
0,-87435.19,-66932.65,169260.01,160653.06,23867.37,62364.58,177738.2,185228.27,0,0,0,0,0,0,0,0,0,0,0,0,0,0,0,0,0,0
0,-87531.21,-67617.69,170483.63,161880.98,24084.09,62734.46,178587.66,186150.41,0,0,0,0,0,0,0,0,0,0,0,0,0,0,0,0,0,0
0,-83212.86,-68530.98,170517.96,161830.02,23355.87,62243.61,178630.84,186254.21,0,0,0,0,0,0,0,0,0,0,0,0,0,0,0,0,0,0
0,-84266.97,-67825.56,171306.53,162568.16,23258.51,62336.69,179237.82,186952.93,0,0,0,0,0,0,0,0,0,0,0,0,0,0,0,0,0,0
0,-88107.35,-66718.34,172881.79,164159.25,23783.95,62979.61,180334.04,188129.62,0,0,0,0,0,0,0,0,0,0,0,0,0,0,0,0,0,0
0,-85490.05,-69235.6,174082.89,165342.91,24087.04,63438.0,181298.3,189174.34,0,0,0,0,0,0,0,0,0,0,0,0,0,0,0,0,0,0
0,-82565.64,-69314.45,174817.54,166007.83,24038.23,63590.08,181985.48,189953.25,0,0,0,0,0,0,0,0,0,0,0,0,0,0,0,0,0,0
0,-85893.46,-67136.77,175901.69,167071.05,24179.04,63879.23,182752.32,190799.49,0,0,0,0,0,0,0,0,0,0,0,0,0,0,0,0,0,0
0,-87641.45,-67616.35,177469.71,168661.07,24719.78,64552.46,183889.85,192013.72,0,0,0,0,0,0,0,0,0,0,0,0,0,0,0,0,0,0
0,-83065.6,-69551.03,177844.95,168960.13,24287.67,64327.69,184183.55,192379.31,0,0,0,0,0,0,0,0,0,0,0,0,0,0,0,0,0,0
0,-82356.43,-68398.21,178268.47,169316.06,23885.61,64140.47,184506.49,192788.08,0,0,0,0,0,0,0,0,0,0,0,0,0,0,0,0,0,0
0,-86955.61,-67259.61,179795.72,170848.14,24389.86,64745.58,185563.55,193945.45,0,0,0,0,0,0,0,0,0,0,0,0,0,0,0,0,0,0
0,-85613.43,-69000.37,180985.55,172036.63,24620.53,65130.21,186427.22,194894.15,0,0,0,0,0,0,0,0,0,0,0,0,0,0,0,0,0,0
0,-81097.13,-69813.88,181438.84,172402.21,24302.96,65018.09,186851.27,195405.38,0,0,0,0,0,0,0,0,0,0,0,0,0,0,0,0,0,0
0,-83387.2,-67615.01,182099.47,173032.53,24092.41,64993.95,187319.05,195930.02,0,0,0,0,0,0,0,0,0,0,0,0,0,0,0,0,0,0
0,-87988.26,-67795.25,183804.82,174778.92,24789.25,65784.13,188565.21,197245.91,0,0,0,0,0,0,0,0,0,0,0,0,0,0,0,0,0,0
0,-83981.58,-70126.63,184643.01,175564.0,24733.19,65928.7,189219.93,198006.85,0,0,0,0,0,0,0,0,0,0,0,0,0,0,0,0,0,0
0,-80978.31,-69300.77,184841.49,175671.02,24144.71,65573.58,189399.1,198269.98,0,0,0,0,0,0,0,0,0,0,0,0,0,0,0,0,0,0
0,-85368.82,-67257.74,186104.55,176958.48,24457.99,66022.31,190314.54,199225.11,0,0,0,0,0,0,0,0,0,0,0,0,0,0,0,0,0,0
0,-86684.71,-68502.28,187348.56,178220.46,24721.39,66446.9,191206.38,200182.39,0,0,0,0,0,0,0,0,0,0,0,0,0,0,0,0,0,0
0,-81462.45,-70211.38,187731.31,178515.24,24323.61,66256.2,191534.68,200595.18,0,0,0,0,0,0,0,0,0,0,0,0,0,0,0,0,0,0
0,-82198.18,-68586.77,188275.53,178999.91,24025.89,66166.08,191938.35,201077.44,0,0,0,0,0,0,0,0,0,0,0,0,0,0,0,0,0,0
0,-87239.39,-67880.01,189868.22,180625.6,24606.86,66850.31,193071.59,202283.1,0,0,0,0,0,0,0,0,0,0,0,0,0,0,0,0,0,0
0,-84911.23,-69549.42,190770.52,181488.73,24596.93,67030.55,193748.58,203022.31,0,0,0,0,0,0,0,0,0,0,0,0,0,0,0,0,0,0
0,-81140.85,-70020.41,191083.26,181716.99,24146.59,66801.76,194046.03,203403.46,0,0,0,0,0,0,0,0,0,0,0,0,0,0,0,0,0,0
0,-84711.94,-68215.02,192388.7,183012.23,24535.24,67327.47,195046.23,204485.19,0,0,0,0,0,0,0,0,0,0,0,0,0,0,0,0,0,0
0,-87562.86,-68267.59,193691.18,184335.09,24852.28,67784.79,195956.3,205456.15,0,0,0,0,0,0,0,0,0,0,0,0,0,0,0,0,0,0
0,-82909.5,-69986.62,194018.67,184586.68,24379.94,67514.16,196187.51,205757.36,0,0,0,0,0,0,0,0,0,0,0,0,0,0,0,0,0,0
0,-81675.68,-69373.73,194540.1,185038.64,24091.87,67435.83,196608.88,206258.67,0,0,0,0,0,0,0,0,0,0,0,0,0,0,0,0,0,0
0,-86939.79,-67565.65,195823.53,186328.78,24405.69,67880.81,197495.35,207221.58,0,0,0,0,0,0,0,0,0,0,0,0,0,0,0,0,0,0
0,-86445.72,-68953.97,196786.98,187275.6,24449.14,68098.61,198175.83,207956.77,0,0,0,0,0,0,0,0,0,0,0,0,0,0,0,0,0,0
0,-81696.6,-70471.56,197211.58,187625.63,24120.57,67977.64,198561.53,208427.5,0,0,0,0,0,0,0,0,0,0,0,0,0,0,0,0,0,0
0,-83758.42,-68702.37,198042.52,188420.1,24102.06,68133.21,199189.44,209130.51,0,0,0,0,0,0,0,0,0,0,0,0,0,0,0,0,0,0
0,-88124.25,-68000.98,199489.58,189882.71,24561.26,68712.3,200205.19,210218.95,0,0,0,0,0,0,0,0,0,0,0,0,0,0,0,0,0,0
0,-84459.82,-69889.79,200078.32,190415.39,24294.65,68646.05,200620.39,210709.26,0,0,0,0,0,0,0,0,0,0,0,0,0,0,0,0,0,0
0,-81550.42,-70039.46,200613.15,190878.07,24055.66,68600.99,201080.93,211261.79,0,0,0,0,0,0,0,0,0,0,0,0,0,0,0,0,0,0
0,-86046.34,-68000.71,201757.38,191996.56,24247.17,68957.72,201883.98,212136.73,0,0,0,0,0,0,0,0,0,0,0,0,0,0,0,0,0,0
0,-87543.02,-68743.41,202916.9,193165.46,24477.57,69321.43,202697.5,213019.18,0,0,0,0,0,0,0,0,0,0,0,0,0,0,0,0,0,0
0,-82432.07,-70323.77,203200.41,193373.87,23990.75,69041.94,202911.27,213317.17,0,0,0,0,0,0,0,0,0,0,0,0,0,0,0,0,0,0
0,-82607.75,-69309.63,203955.19,194075.54,23924.77,69153.52,203505.65,214003.81,0,0,0,0,0,0,0,0,0,0,0,0,0,0,0,0,0,0
0,-87670.96,-67885.91,205287.98,195421.74,24298.94,69655.09,204442.27,215007.5,0,0,0,0,0,0,0,0,0,0,0,0,0,0,0,0,0,0
0,-85733.33,-69583.75,206189.2,196292.92,24310.47,69844.19,205097.0,215740.28,0,0,0,0,0,0,0,0,0,0,0,0,0,0,0,0,0,0
0,-81592.0,-70296.41,206503.55,196524.39,23871.13,69632.3,205386.41,216096.47,0,0,0,0,0,0,0,0,0,0,0,0,0,0,0,0,0,0
0,-84817.89,-68551.1,207462.98,197463.7,23960.98,69873.43,206088.61,216871.1,0,0,0,0,0,0,0,0,0,0,0,0,0,0,0,0,0,0
0,-88016.69,-68392.04,208658.17,198664.8,24187.36,70252.15,206904.54,217755.42,0,0,0,0,0,0,0,0,0,0,0,0,0,0,0,0,0,0
0,-83461.5,-70144.87,209079.81,199022.07,23813.46,70064.4,207195.56,218129.59,0,0,0,0,0,0,0,0,0,0,0,0,0,0,0,0,0,0
0,-81842.25,-69508.65,209437.62,199303.16,23386.18,69848.48,207467.0,218475.06,0,0,0,0,0,0,0,0,0,0,0,0,0,0,0,0,0,0
0,-86873.8,-68032.63,210807.96,200687.99,23827.41,70410.94,208470.15,219556.52,0,0,0,0,0,0,0,0,0,0,0,0,0,0,0,0,0,0
0,-86841.62,-69259.74,211885.94,201755.77,23997.99,70738.44,209248.79,220403.83,0,0,0,0,0,0,0,0,0,0,0,0,0,0,0,0,0,0
0,-81876.31,-70427.57,212082.28,201878.35,23455.38,70399.41,209402.75,220639.33,0,0,0,0,0,0,0,0,0,0,0,0,0,0,0,0,0,0
0,-83500.12,-68493.16,212539.06,202280.95,23071.83,70203.61,209667.75,220990.7,0,0,0,0,0,0,0,0,0,0,0,0,0,0,0,0,0,0
0,-87953.93,-67897.98,213817.94,203568.68,23387.52,70662.53,210557.44,221941.01,0,0,0,0,0,0,0,0,0,0,0,0,0,0,0,0,0,0
0,-84636.84,-69652.14,214349.01,204044.77,23075.85,70537.27,210902.91,222364.26,0,0,0,0,0,0,0,0,0,0,0,0,0,0,0,0,0,0
0,-81391.37,-69976.42,214663.37,204265.52,22624.7,70296.95,211147.53,222698.73,0,0,0,0,0,0,0,0,0,0,0,0,0,0,0,0,0,0
0,-85798.24,-67930.7,215619.85,205216.63,22704.1,70503.48,211800.38,223425.07,0,0,0,0,0,0,0,0,0,0,0,0,0,0,0,0,0,0
0,-87814.19,-68695.4,216842.66,206434.08,22986.53,70932.63,212666.2,224363.04,0,0,0,0,0,0,0,0,0,0,0,0,0,0,0,0,0,0
0,-82550.62,-70371.78,217196.98,206710.08,22570.25,70718.59,212926.91,224710.39,0,0,0,0,0,0,0,0,0,0,0,0,0,0,0,0,0,0
0,-82646.11,-69237.74,217695.07,207159.62,22274.14,70612.64,213290.35,225163.15,0,0,0,0,0,0,0,0,0,0,0,0,0,0,0,0,0,0
0,-88124.52,-67654.7,218873.63,208330.67,22545.58,71016.32,214114.32,226061.69,0,0,0,0,0,0,0,0,0,0,0,0,0,0,0,0,0,0
0,-85837.4,-69654.02,219671.86,209101.27,22479.06,71122.8,214665.25,226690.4,0,0,0,0,0,0,0,0,0,0,0,0,0,0,0,0,0,0
0,-81091.77,-70234.18,219899.85,209253.35,21957.64,70801.2,214820.55,226939.04,0,0,0,0,0,0,0,0,0,0,0,0,0,0,0,0,0,0
0,-84306.93,-68361.2,220651.67,209971.11,21866.17,70866.92,215343.31,227532.07,0,0,0,0,0,0,0,0,0,0,0,0,0,0,0,0,0,0
0,-87690.81,-68492.89,221788.66,211114.81,22053.12,71205.68,216108.54,228360.34,0,0,0,0,0,0,0,0,0,0,0,0,0,0,0,0,0,0
0,-83311.03,-70255.1,222318.66,211587.14,21793.75,71132.46,216505.51,228843.67,0,0,0,0,0,0,0,0,0,0,0,0,0,0,0,0,0,0
0,-81392.44,-69450.98,222533.78,211729.03,21247.92,70803.88,216652.5,229062.81,0,0,0,0,0,0,0,0,0,0,0,0,0,0,0,0,0,0
0,-86499.9,-68416.99,223960.71,213167.5,21767.2,71432.33,217709.82,230212.14,0,0,0,0,0,0,0,0,0,0,0,0,0,0,0,0,0,0
0,-86485.69,-69913.66,225490.11,214711.38,22336.9,72127.56,218856.47,231451.32,0,0,0,0,0,0,0,0,0,0,0,0,0,0,0,0,0,0
0,-81346.58,-70444.2,225649.7,214777.63,21787.32,71767.6,219009.35,231692.72,0,0,0,0,0,0,0,0,0,0,0,0,0,0,0,0,0,0
0,-82845.39,-69060.18,226532.14,215626.82,21832.11,71970.11,219676.69,232456.61,0,0,0,0,0,0,0,0,0,0,0,0,0,0,0,0,0,0
0,-87739.62,-68429.86,227949.96,217056.44,22292.11,72546.52,220675.54,233522.79,0,0,0,0,0,0,0,0,0,0,0,0,0,0,0,0,0,0
0,-84399.47,-69949.6,228525.29,217581.08,22043.2,72474.63,221073.04,233998.07,0,0,0,0,0,0,0,0,0,0,0,0,0,0,0,0,0,0
0,-80905.89,-69996.0,228723.78,217696.14,21493.08,72162.42,221246.32,234245.11,0,0,0,0,0,0,0,0,0,0,0,0,0,0,0,0,0,0
0,-85315.44,-68225.21,229718.88,218678.64,21620.75,72421.53,221936.98,235005.51,0,0,0,0,0,0,0,0,0,0,0,0,0,0,0,0,0,0
0,-87494.47,-68716.59,230845.94,219805.43,21826.48,72769.41,222707.58,235844.78,0,0,0,0,0,0,0,0,0,0,0,0,0,0,0,0,0,0
0,-82274.62,-70182.15,231108.8,219985.68,21332.15,72482.41,222898.56,236115.68,0,0,0,0,0,0,0,0,0,0,0,0,0,0,0,0,0,0
0,-82031.88,-69227.82,231671.53,220491.81,21102.55,72425.01,223312.96,236634.69,0,0,0,0,0,0,0,0,0,0,0,0,0,0,0,0,0,0
0,-87416.68,-67985.15,232913.66,221745.21,21427.63,72880.99,224185.21,237569.7,0,0,0,0,0,0,0,0,0,0,0,0,0,0,0,0,0,0
0,-85735.48,-69575.43,233769.55,222579.37,21428.97,73054.79,224807.48,238263.59,0,0,0,0,0,0,0,0,0,0,0,0,0,0,0,0,0,0
0,-81084.26,-70128.24,234065.13,222795.29,21002.23,72825.73,225058.54,238598.33,0,0,0,0,0,0,0,0,0,0,0,0,0,0,0,0,0,0
0,-83978.09,-68206.97,234601.57,223297.13,20710.14,72700.74,225378.79,238980.01,0,0,0,0,0,0,0,0,0,0,0,0,0,0,0,0,0,0
0,-87704.22,-68591.33,236084.3,224776.91,21224.05,73341.52,226433.17,240126.65,0,0,0,0,0,0,0,0,0,0,0,0,0,0,0,0,0,0
0,-83213.13,-70228.82,236517.47,225154.29,20908.89,73214.12,226772.2,240523.08,0,0,0,0,0,0,0,0,0,0,0,0,0,0,0,0,0,0
0,-81257.26,-69704.72,236907.73,225470.53,20529.09,73023.41,227052.23,240910.13,0,0,0,0,0,0,0,0,0,0,0,0,0,0,0,0,0,0
0,-86319.12,-68138.84,238138.33,226706.76,20881.27,73504.87,227954.52,241877.87,0,0,0,0,0,0,0,0,0,0,0,0,0,0,0,0,0,0
0,-86546.04,-69234.26,239074.42,227625.15,20922.84,73710.86,228590.74,242600.19,0,0,0,0,0,0,0,0,0,0,0,0,0,0,0,0,0,0
0,-81304.73,-70277.64,239335.67,227810.49,20472.77,73459.0,228818.73,242898.99,0,0,0,0,0,0,0,0,0,0,0,0,0,0,0,0,0,0
0,-82840.3,-69285.22,240432.69,228871.03,20741.26,73874.48,229682.4,243879.6,0,0,0,0,0,0,0,0,0,0,0,0,0,0,0,0,0,0
0,-87611.68,-68236.21,241777.55,230226.08,21161.83,74405.29,230626.0,244902.6,0,0,0,0,0,0,0,0,0,0,0,0,0,0,0,0,0,0
0,-84286.28,-70157.74,242493.97,230906.56,21073.04,74486.02,231161.37,245524.87,0,0,0,0,0,0,0,0,0,0,0,0,0,0,0,0,0,0
0,-80730.74,-69919.29,242643.64,230978.44,20494.76,74130.09,231271.34,245720.13,0,0,0,0,0,0,0,0,0,0,0,0,0,0,0,0,0,0
0,-85036.49,-68006.88,243403.24,231720.34,20400.35,74177.57,231750.92,246273.47,0,0,0,0,0,0,0,0,0,0,0,0,0,0,0,0,0,0
0,-87142.03,-68718.74,244502.41,232811.2,20582.2,74498.9,232492.01,247104.15,0,0,0,0,0,0,0,0,0,0,0,0,0,0,0,0,0,0
0,-82014.45,-70683.45,245182.35,233431.59,20518.36,74599.48,233061.45,247775.78,0,0,0,0,0,0,0,0,0,0,0,0,0,0,0,0,0,0
0,-81642.42,-69225.4,245567.25,233767.4,20161.63,74411.72,233330.74,248127.95,0,0,0,0,0,0,0,0,0,0,0,0,0,0,0,0,0,0
0,-86916.99,-68206.97,246865.44,235061.3,20539.82,74928.59,234259.05,249127.34,0,0,0,0,0,0,0,0,0,0,0,0,0,0,0,0,0,0
0,-85286.74,-69923.58,247814.13,235986.4,20667.23,75188.76,234948.92,249907.06,0,0,0,0,0,0,0,0,0,0,0,0,0,0,0,0,0,0
0,-80741.2,-70357.03,248110.52,236194.54,20215.81,74948.43,235175.03,250237.78,0,0,0,0,0,0,0,0,0,0,0,0,0,0,0,0,0,0
0,-83782.56,-68541.17,248915.99,236958.16,20155.73,75049.02,235719.78,250882.85,0,0,0,0,0,0,0,0,0,0,0,0,0,0,0,0,0,0
0,-87374.04,-68984.54,250201.84,238246.16,20538.48,75528.6,236595.79,251865.07,0,0,0,0,0,0,0,0,0,0,0,0,0,0,0,0,0,0
0,-82855.32,-70285.68,250694.83,238685.23,20271.06,75431.5,236954.14,252317.56,0,0,0,0,0,0,0,0,0,0,0,0,0,0,0,0,0,0
0,-80944.24,-69545.66,251060.95,238980.28,19880.0,75242.4,237224.77,252682.88,0,0,0,0,0,0,0,0,0,0,0,0,0,0,0,0,0,0
0,-86100.79,-68394.72,252417.61,240339.62,20363.33,75824.44,238217.19,253766.76,0,0,0,0,0,0,0,0,0,0,0,0,0,0,0,0,0,0
0,-86143.17,-69514.01,253582.49,241499.14,20659.72,76243.41,239065.04,254715.19,0,0,0,0,0,0,0,0,0,0,0,0,0,0,0,0,0,0
0,-80901.33,-70005.66,253646.87,241478.76,20013.04,75817.2,239100.71,254817.38,0,0,0,0,0,0,0,0,0,0,0,0,0,0,0,0,0,0
0,-82427.77,-68752.53,254489.08,242279.4,20073.92,76027.22,239747.39,255554.99,0,0,0,0,0,0,0,0,0,0,0,0,0,0,0,0,0,0
0,-87146.85,-68252.57,255660.4,243461.18,20334.1,76412.38,240543.2,256436.63,0,0,0,0,0,0,0,0,0,0,0,0,0,0,0,0,0,0
0,-83827.08,-70088.81,256489.2,244248.4,20363.87,76597.46,241169.77,257168.07,0,0,0,0,0,0,0,0,0,0,0,0,0,0,0,0,0,0
0,-80415.05,-69880.67,256780.76,244461.64,19935.79,76368.13,241399.9,257481.62,0,0,0,0,0,0,0,0,0,0,0,0,0,0,0,0,0,0
0,-84913.91,-68382.39,257956.37,245625.18,20258.99,76827.86,242282.08,258445.07,0,0,0,0,0,0,0,0,0,0,0,0,0,0,0,0,0,0
0,-86800.04,-69030.94,259089.34,246762.98,20511.66,77225.09,243099.61,259335.83,0,0,0,0,0,0,0,0,0,0,0,0,0,0,0,0,0,0
0,-81507.51,-70468.61,259538.07,247161.28,20269.72,77158.04,243493.9,259804.41,0,0,0,0,0,0,0,0,0,0,0,0,0,0,0,0,0,0
0,-81330.48,-69173.91,260001.82,247564.69,19965.56,77047.8,243829.71,260224.98,0,0,0,0,0,0,0,0,0,0,0,0,0,0,0,0,0,0
0,39466.03,-1138249.91,-307361.86,-2025635.75,1239277.47,1872145.79,-1362065.52,1709727.57,0,0,0,0,0,0,0,0,0,0,0,0,0,0,0,0,0,0
0,-84799.38,-69760.24,261945.35,249478.71,20205.35,77576.46,245193.08,261741.77,0,0,0,0,0,0,0,0,0,0,0,0,0,0,0,0,0,0
0,-80182.5,-69496.58,261557.24,248991.89,19102.69,76713.6,244786.72,261414.81,0,0,0,0,0,0,0,0,0,0,0,0,0,0,0,0,0,0
0,-83508.71,-68415.65,262531.15,249944.08,19262.55,77003.81,245499.92,262222.69,0,0,0,0,0,0,0,0,0,0,0,0,0,0,0,0,0,0
0,-87013.55,-68539.56,263746.46,251163.68,19582.27,77441.82,246346.97,263161.2,0,0,0,0,0,0,0,0,0,0,0,0,0,0,0,0,0,0
0,-82356.16,-70326.45,264423.98,251787.83,19491.61,77517.19,246870.53,263801.17,0,0,0,0,0,0,0,0,0,0,0,0,0,0,0,0,0,0
0,-80555.86,-69395.46,264820.68,252115.06,19132.2,77351.69,247163.16,264190.63,0,0,0,0,0,0,0,0,0,0,0,0,0,0,0,0,0,0
0,-85776.78,-68122.21,265939.16,253237.02,19399.35,77729.89,247948.78,265054.84,0,0,0,0,0,0,0,0,0,0,0,0,0,0,0,0,0,0
0,-85720.45,-69300.24,266894.3,254172.31,19512.27,77987.65,248623.62,265819.0,0,0,0,0,0,0,0,0,0,0,0,0,0,0,0,0,0,0
0,-80540.04,-70401.02,267361.27,254577.32,19287.23,77927.56,249027.83,266320.3,0,0,0,0,0,0,0,0,0,0,0,0,0,0,0,0,0,0
0,-82288.3,-68947.26,268225.48,255393.52,19316.73,78134.09,249673.17,267076.15,0,0,0,0,0,0,0,0,0,0,0,0,0,0,0,0,0,0
0,-86834.91,-68237.28,269202.61,256382.72,19455.14,78375.76,250304.3,267778.62,0,0,0,0,0,0,0,0,0,0,0,0,0,0,0,0,0,0
0,-83265.7,-69931.63,269858.67,256982.46,19312.71,78403.39,250768.86,268345.91,0,0,0,0,0,0,0,0,0,0,0,0,0,0,0,0,0,0
0,-79982.14,-69879.33,270195.83,257249.34,18962.15,78240.85,251056.66,268709.35,0,0,0,0,0,0,0,0,0,0,0,0,0,0,0,0,0,0
0,-84664.74,-68633.17,271646.9,258705.24,19575.3,78950.29,252177.55,269942.63,0,0,0,0,0,0,0,0,0,0,0,0,0,0,0,0,0,0
0,-86260.38,-68682.53,272455.32,259494.62,19509.32,79048.73,252685.29,270522.52,0,0,0,0,0,0,0,0,0,0,0,0,0,0,0,0,0,0
0,-80970.53,-70248.4,272810.45,259792.61,19168.14,78884.04,252975.24,270900.98,0,0,0,0,0,0,0,0,0,0,0,0,0,0,0,0,0,0
0,-81088.28,-69028.8,273224.31,260143.71,18811.67,78716.67,253245.88,271271.39,0,0,0,0,0,0,0,0,0,0,0,0,0,0,0,0,0,0
0,-86338.17,-68257.66,274459.47,261386.65,19208.64,79211.81,254132.08,272227.6,0,0,0,0,0,0,0,0,0,0,0,0,0,0,0,0,0,0
0,-84287.62,-69721.35,275284.25,262182.19,19229.29,79390.98,254740.67,272923.37,0,0,0,0,0,0,0,0,0,0,0,0,0,0,0,0,0,0
0,-79913.2,-70130.38,275603.97,262415.81,18840.37,79196.52,254988.77,273270.98,0,0,0,0,0,0,0,0,0,0,0,0,0,0,0,0,0,0
0,-83269.18,-68406.26,276377.78,263160.39,18822.4,79322.31,255528.17,273884.13,0,0,0,0,0,0,0,0,0,0,0,0,0,0,0,0,0,0
0,-86517.34,-68606.62,277485.27,264251.25,19032.42,79661.34,256263.36,274716.96,0,0,0,0,0,0,0,0,0,0,0,0,0,0,0,0,0,0
0,-81830.45,-70373.39,278053.9,264762.21,18877.39,79664.83,256708.34,275250.18,0,0,0,0,0,0,0,0,0,0,0,0,0,0,0,0,0,0
0,-80306.68,-69244.45,278212.95,264851.79,18296.42,79300.59,256782.1,275411.38,0,0,0,0,0,0,0,0,0,0,0,0,0,0,0,0,0,0
0,-85475.57,-68315.6,279429.06,266074.61,18691.51,79795.45,257671.25,276377.25,0,0,0,0,0,0,0,0,0,0,0,0,0,0,0,0,0,0
0,-82083.38,-68583.02,279991.52,266560.9,18351.94,79679.85,258082.97,276889.55,0,0,0,0,0,0,0,0,0,0,0,0,0,0,0,0,0,0
0,-86443.85,-68514.89,281457.08,268022.17,18807.38,80254.92,259105.16,278030.56,0,0,0,0,0,0,0,0,0,0,0,0,0,0,0,0,0,0
0,-81011.84,-70181.08,281910.64,268409.75,18435.36,80090.5,259439.63,278468.03,0,0,0,0,0,0,0,0,0,0,0,0,0,0,0,0,0,0
0,-80846.08,-68804.83,282399.34,268839.17,18074.87,79937.34,259785.1,278903.35,0,0,0,0,0,0,0,0,0,0,0,0,0,0,0,0,0,0
0,-86590.56,-68158.96,283517.56,269947.19,18193.96,80206.37,260501.79,279713.38,0,0,0,0,0,0,0,0,0,0,0,0,0,0,0,0,0,0
0,-81976.09,-70186.98,284347.16,270721.0,18159.9,80361.94,261153.56,280476.47,0,0,0,0,0,0,0,0,0,0,0,0,0,0,0,0,0,0
0,-79962.02,-69088.61,284757.01,271058.69,17746.3,80148.17,261435.2,280860.29,0,0,0,0,0,0,0,0,0,0,0,0,0,0,0,0,0,0
0,-81519.58,-68675.55,285701.95,271964.21,17779.29,80341.55,262117.28,281639.74,0,0,0,0,0,0,0,0,0,0,0,0,0,0,0,0,0,0
0,-82956.44,-69799.4,286615.51,272850.95,17759.44,80504.09,262718.1,282315.93,0,0,0,0,0,0,0,0,0,0,0,0,0,0,0,0,0,0
0,-79509.26,-69565.78,-1124997.38,-81117.52,-70224.8,287339.17,273518.55,17614.34,0,0,0,0,0,0,0,0,0,0,0,0,0,0,0,0,0,0
0,-85557.11,-67844.6,287985.58,274126.34,17423.63,616.64,1897406.57,393932.84,0,0,0,0,0,0,0,0,0,0,0,0,0,0,0,0,0,0
0,-84049.17,-69635.51,288868.3,274966.14,17360.87,80642.23,264270.83,284142.78,0,0,0,0,0,0,0,0,0,0,0,0,0,0,0,0,0,0
0,-79117.12,-69666.36,289348.95,275365.25,17047.05,80520.72,264649.56,284632.82,0,0,0,0,0,0,0,0,0,0,0,0,0,0,0,0,0,0
0,-84760.22,-68019.22,290432.56,276437.6,17198.59,80816.84,265397.09,285482.01,0,0,0,0,0,0,0,0,0,0,0,0,0,0,0,0,0,0
0,-84880.92,-69179.54,291278.26,277253.53,17093.99,80903.48,265952.57,286136.47,0,0,0,0,0,0,0,0,0,0,0,0,0,0,0,0,0,0
0,-79132.68,-69842.85,291660.74,277553.13,16696.22,80719.48,266266.93,286546.04,0,0,0,0,0,0,0,0,0,0,0,0,0,0,0,0,0,0
0,-83661.05,-68027.26,292577.79,278440.13,16708.29,80900.26,266899.12,287274.26,0,0,0,0,0,0,0,0,0,0,0,0,0,0,0,0,0,0
0,-85678.34,-69071.18,293790.15,279632.11,16967.39,81301.52,267753.68,288239.59,0,0,0,0,0,0,0,0,0,0,0,0,0,0,0,0,0,0
0,-84144.12,-69660.19,294665.62,280454.21,16953.17,81462.98,268404.65,288997.85,0,0,0,0,0,0,0,0,0,0,0,0,0,0,0,0,0,0
0,-78877.07,-69655.36,294897.9,280591.27,16372.74,81124.49,268560.49,289255.61,0,0,0,0,0,0,0,0,0,0,0,0,0,0,0,0,0,0
0,-17577.59,631495.84,702063.96,356185.58,-1683100.2,703382.0,-209666.15,-347355.21,0,0,0,0,0,0,0,0,0,0,0,0,0,0,0,0,0,0
0,157871.08,1739964.11,704284.83,-139520.74,-369075.47,-1845383.78,1618242.24,1354651.89,0,0,0,0,0,0,0,0,0,0,0,0,0,0,0,0,0,0
0,-78890.48,-69511.6,297123.6,282690.36,15982.75,81266.38,270105.97,291081.65,0,0,0,0,0,0,0,0,0,0,0,0,0,0,0,0,0,0
0,-83067.21,-67966.38,298053.25,283575.49,15985.43,81432.68,270730.12,291821.68,0,0,0,0,0,0,0,0,0,0,0,0,0,0,0,0,0,0
0,-85494.88,-69159.42,299377.73,284906.67,16335.99,81935.05,271686.6,292852.99,0,0,0,0,0,0,0,0,0,0,0,0,0,0,0,0,0,0
0,-79199.2,-69675.75,299537.59,284972.12,15740.81,81539.43,271798.72,293076.68,0,0,0,0,0,0,0,0,0,0,0,0,0,0,0,0,0,0
0,-81490.88,-68622.71,300828.0,286245.63,16132.42,82029.47,272776.38,294183.09,0,0,0,0,0,0,0,0,0,0,0,0,0,0,0,0,0,0
0,-85566.23,-69210.65,302512.96,287955.81,16749.32,82768.42,273986.59,295503.28,0,0,0,0,0,0,0,0,0,0,0,0,0,0,0,0,0,0
0,-79535.55,-71392.09,304419.74,289795.8,17557.2,83832.98,275616.04,297322.35,0,0,0,0,0,0,0,0,0,0,0,0,0,0,0,0,0,0
0,-80036.32,-69358.44,306442.67,291634.99,18506.71,84962.19,277106.54,298974.86,0,0,0,0,0,0,0,0,0,0,0,0,0,0,0,0,0,0
0,-84826.21,-69308.82,308261.47,293488.13,19373.06,85808.16,278358.06,300365.05,0,0,0,0,0,0,0,0,0,0,0,0,0,0,0,0,0,0
0,-78436.38,-69974.55,308859.61,294016.53,19186.65,85799.58,278876.8,153.96,0,0,0,0,0,0,0,0,0,0,0,0,0,0,0,0,0,0
0,-77726.67,-68500.14,309547.06,294615.2,18942.57,85739.23,279322.31,301572.31,0,0,0,0,0,0,0,0,0,0,0,0,0,0,0,0,0,0
0,-79582.49,-68370.32,310886.28,295946.38,19385.94,86278.62,280340.21,302704.2,0,0,0,0,0,0,0,0,0,0,0,0,0,0,0,0,0,0
0,-84097.18,-68737.51,312329.04,297389.14,19756.35,86805.41,281322.17,303776.82,0,0,0,0,0,0,0,0,0,0,0,0,0,0,0,0,0,0
0,-78573.44,-69823.0,312920.2,297899.29,19570.47,86736.48,281781.9,304383.8,0,0,0,0,0,0,0,0,0,0,0,0,0,0,0,0,0,0
0,-79032.37,-68477.34,313872.39,298820.9,19657.37,86967.15,282522.73,305251.77,0,0,0,0,0,0,0,0,0,0,0,0,0,0,0,0,0,0
0,-84324.9,-68838.63,315892.63,300850.26,20550.55,87973.51,283994.45,306848.22,0,0,0,0,0,0,0,0,0,0,0,0,0,0,0,0,0,0
0,-77597.38,-69280.39,316557.28,301438.47,20538.48,88028.23,284559.86,307560.34,0,0,0,0,0,0,0,0,0,0,0,0,0,0,0,0,0,0
0,-78322.65,-68631.56,317366.5,302191.36,20382.64,88077.85,285118.84,308226.87,0,0,0,0,0,0,0,0,0,0,0,0,0,0,0,0,0,0
0,-84152.44,-68457.49,319209.98,304081.79,21230.49,88977.73,286480.06,309702.36,0,0,0,0,0,0,0,0,0,0,0,0,0,0,0,0,0,0
0,-80448.57,-69557.46,319746.69,304553.85,20857.93,88770.66,286792.0,310163.7,0,0,0,0,0,0,0,0,0,0,0,0,0,0,0,0,0,0
0,-77891.89,-68779.35,320219.3,304939.29,20516.49,88629.31,287160.53,310645.15,0,0,0,0,0,0,0,0,0,0,0,0,0,0,0,0,0,0
0,-83752.52,-68173.44,321807.43,306549.42,21100.67,89304.96,288293.5,311877.9,0,0,0,0,0,0,0,0,0,0,0,0,0,0,0,0,0,0
0,2466.83,1935786.84,227161.93,-2041240.58,310639.52,-577600.33,1974535.37,-693492.42,0,0,0,0,0,0,0,0,0,0,0,0,0,0,0,0,0,0
0,-78171.11,-70082.1,325901.29,310401.61,22596.81,91595.57,291607.37,315541.26,0,0,0,0,0,0,0,0,0,0,0,0,0,0,0,0,0,0
0,-83254.97,-68272.42,326981.15,311472.61,22999.94,91943.72,292343.63,316317.22,0,0,0,0,0,0,0,0,0,0,0,0,0,0,0,0,0,0
0,-82543.38,-70076.47,328419.88,312864.95,23398.79,92479.89,293358.05,317482.64,0,0,0,0,0,0,0,0,0,0,0,0,0,0,0,0,0,0
0,-77140.07,-69405.92,328969.47,313344.8,23248.32,92471.84,293871.15,318100.89,0,0,0,0,0,0,0,0,0,0,0,0,0,0,0,0,0,0
0,-81820.79,-67975.23,330176.73,314554.74,23509.83,92848.16,294702.1,319036.44,0,0,0,0,0,0,0,0,0,0,0,0,0,0,0,0,0,0
0,-83267.04,-69769.89,331867.86,316229.24,24176.36,93619.56,295945.84,320406.25,0,0,0,0,0,0,0,0,0,0,0,0,0,0,0,0,0,0
0,-77111.64,-69400.55,332051.86,316319.63,23637.77,93237.35,296092.02,320676.61,0,0,0,0,0,0,0,0,0,0,0,0,0,0,0,0,0,0
0,-80708.75,-68192.49,333488.19,317755.42,24098.58,93810.53,297153.91,321877.71,0,0,0,0,0,0,0,0,0,0,0,0,0,0,0,0,0,0
0,-83796.24,-69404.58,335162.96,319451.92,24785.22,95581.06,39470.05,2091730.21,0,0,0,0,0,0,0,0,0,0,0,0,0,0,0,0,0,0
0,-77569.22,-69599.04,335626.98,319829.57,24457.46,94425.83,298773.69,323759.81,0,0,0,0,0,0,0,0,0,0,0,0,0,0,0,0,0,0
0,-76964.92,-69054.82,336258.64,320392.57,24149.54,94323.64,299181.39,324282.58,0,0,0,0,0,0,0,0,0,0,0,0,0,0,0,0,0,0
0,-83674.2,-69119.73,338373.56,322570.25,25325.69,95471.63,300704.08,325945.81,0,0,0,0,0,0,0,0,0,0,0,0,0,0,0,0,0,0
0,-82027.86,-69085.93,339186.54,323359.9,25422.25,95675.74,301285.58,326586.59,0,0,0,0,0,0,0,0,0,0,0,0,0,0,0,0,0,0
0,-76766.44,-69461.98,339083.81,323137.27,24696.98,95155.66,301239.72,326625.75,0,0,0,0,0,0,0,0,0,0,0,0,0,0,0,0,0,0
0,-80063.41,-68108.0,340058.26,324072.29,24769.13,95384.19,301913.22,327393.13,0,0,0,0,0,0,0,0,0,0,0,0,0,0,0,0,0,0
0,-83293.06,-68777.48,341307.9,325310.94,25037.08,95793.22,302767.24,328336.2,0,0,0,0,0,0,0,0,0,0,0,0,0,0,0,0,0,0
0,-77556.08,-69476.46,341594.63,325490.64,24522.37,95494.43,302987.98,328678.99,0,0,0,0,0,0,0,0,0,0,0,0,0,0,0,0,0,0
0,-79175.86,-68200.26,342769.7,326639.97,24855.5,95904.0,303841.73,329657.72,0,0,0,0,0,0,0,0,0,0,0,0,0,0,0,0,0,0
0,-83399.0,-68851.5,344508.58,328397.62,25652.38,96781.62,305086.01,330981.39,0,0,0,0,0,0,0,0,0,0,0,0,0,0,0,0,0,0
0,-77543.74,-69627.47,344783.51,328612.73,25340.17,96614.25,305335.99,331304.06,0,0,0,0,0,0,0,0,0,0,0,0,0,0,0,0,0,0
0,-77665.78,-68205.9,345435.55,329199.33,25250.59,96682.11,305839.17,331905.41,0,0,0,0,0,0,0,0,0,0,0,0,0,0,0,0,0,0
0,-79287.98,-67707.01,346372.18,330097.07,25269.9,96859.4,306484.78,332648.65,0,0,0,0,0,0,0,0,0,0,0,0,0,0,0,0,0,0
0,-81217.29,-68024.58,347601.97,331291.19,25571.11,97282.12,307379.29,333642.41,0,0,0,0,0,0,0,0,0,0,0,0,0,0,0,0,0,0
0,-82112.88,-69301.58,348833.1,332488.8,25848.72,97710.47,308271.93,334642.88,0,0,0,0,0,0,0,0,0,0,0,0,0,0,0,0,0,0
0,-76415.33,-69052.13,348954.88,332500.06,25190.77,97277.83,308346.5,334818.83,0,0,0,0,0,0,0,0,0,0,0,0,0,0,0,0,0,0
0,-80299.71,-67723.1,349932.54,333443.39,25251.39,97494.55,309019.46,335590.77,0,0,0,0,0,0,0,0,0,0,0,0,0,0,0,0,0,0
0,-82835.74,-68943.5,351100.91,334591.65,25479.38,97860.67,309830.83,336494.67,0,0,0,0,0,0,0,0,0,0,0,0,0,0,0,0,0,0
0,-76880.16,-69194.29,351415.0,334800.32,24992.02,97606.93,310080.28,336854.63,0,0,0,0,0,0,0,0,0,0,0,0,0,0,0,0,0,0
0,-79330.36,-67746.97,352264.72,335588.09,24928.99,97714.22,310644.08,337520.89,0,0,0,0,0,0,0,0,0,0,0,0,0,0,0,0,0,0
0,-81125.56,-67515.76,353084.41,336363.25,24819.29,97773.77,311181.86,338150.4,0,0,0,0,0,0,0,0,0,0,0,0,0,0,0,0,0,0
0,-82276.23,-68896.83,354132.61,337363.98,24877.49,98008.19,311876.55,338950.77,0,0,0,0,0,0,0,0,0,0,0,0,0,0,0,0,0,0
0,-76527.45,-68983.2,354440.8,337563.53,24410.52,97740.78,312110.44,339300.8,0,0,0,0,0,0,0,0,0,0,0,0,0,0,0,0,0,0
0,-83153.85,-68134.01,76.98,1937825.05,-2162426.0,-2127698.91,1830751.53,781342.55,0,0,0,0,0,0,0,0,0,0,0,0,0,0,0,0,0,0
0,-82648.25,-68483.24,356415.17,339459.05,24450.21,98109.04,313402.46,340784.6,0,0,0,0,0,0,0,0,0,0,0,0,0,0,0,0,0,0
0,-77025.81,-69150.03,356738.38,339683.82,23994.51,97870.06,313665.05,341149.92,0,0,0,0,0,0,0,0,0,0,0,0,0,0,0,0,0,0
0,-78855.34,-67848.09,357747.96,340634.93,24108.77,98134.26,314382.81,341973.62,0,0,0,0,0,0,0,0,0,0,0,0,0,0,0,0,0,0
0,-82419.73,-68063.47,358997.87,341864.73,24353.65,98511.91,315208.93,342906.23,0,0,0,0,0,0,0,0,0,0,0,0,0,0,0,0,0,0
0,-77401.31,-69165.06,359410.4,342171.57,23949.18,98317.18,315501.83,343321.17,0,0,0,0,0,0,0,0,0,0,0,0,0,0,0,0,0,0
0,-78186.67,-67913.54,360235.18,342936.54,23911.89,98456.93,316108.81,344046.43,0,0,0,0,0,0,0,0,0,0,0,0,0,0,0,0,0,0
0,-82679.1,-67972.54,361610.34,344298.83,24313.69,98981.57,317069.58,345112.61,0,0,0,0,0,0,0,0,0,0,0,0,0,0,0,0,0,0
0,-78091.72,-69288.7,362180.05,344781.63,24045.74,98916.66,317487.47,345636.72,0,0,0,0,0,0,0,0,0,0,0,0,0,0,0,0,0,0
0,-77530.06,-68225.21,362802.32,345327.19,23836.52,98894.13,317938.08,346202.39,0,0,0,0,0,0,0,0,0,0,0,0,0,0,0,0,0,0
0,-82894.75,-67556.0,363893.44,346393.37,23952.13,99151.89,318627.41,346999.55,0,0,0,0,0,0,0,0,0,0,0,0,0,0,0,0,0,0
0,-78295.56,-69196.97,364507.4,346938.66,23730.58,99109.77,319038.32,347524.19,0,0,0,0,0,0,0,0,0,0,0,0,0,0,0,0,0,0
0,-81303.39,-67124.16,365034.99,347408.85,23422.12,98975.93,319345.43,347949.85,0,0,0,0,0,0,0,0,0,0,0,0,0,0,0,0,0,0
0,-82201.4,-67685.55,366355.17,348723.94,23822.31,99504.6,320335.97,349079.87,0,0,0,0,0,0,0,0,0,0,0,0,0,0,0,0,0,0
0,-79113.91,-69013.24,367130.33,349451.09,23723.34,99551.0,320862.22,349733.52,0,0,0,0,0,0,0,0,0,0,0,0,0,0,0,0,0,0
0,-76484.54,-68557.53,367595.96,349831.96,23389.67,99425.47,321229.95,350207.47,0,0,0,0,0,0,0,0,0,0,0,0,0,0,0,0,0,0
0,-81880.87,-67362.34,368703.18,350928.45,23584.13,99728.29,321968.1,351058.53,0,0,0,0,0,0,0,0,0,0,0,0,0,0,0,0,0,0
0,-80244.19,-68855.53,369693.45,351901.82,23697.85,99975.59,322679.96,351880.63,0,0,0,0,0,0,0,0,0,0,0,0,0,0,0,0,0,0
0,-76227.58,-68812.34,370026.58,352148.85,23230.88,99737.41,322945.49,352264.72,0,0,0,0,0,0,0,0,0,0,0,0,0,0,0,0,0,0
0,-81187.52,-67456.76,371415.97,353517.58,23697.59,100286.46,323934.96,353391.52,0,0,0,0,0,0,0,0,0,0,0,0,0,0,0,0,0,0
0,-81319.75,-68676.36,372598.82,354678.71,23944.89,100669.75,324776.91,354373.74,0,0,0,0,0,0,0,0,0,0,0,0,0,0,0,0,0,0
0,-76323.6,-68900.05,372863.29,354846.08,23418.1,100328.57,324916.65,354647.06,0,0,0,0,0,0,0,0,0,0,0,0,0,0,0,0,0,0
0,-80250.89,-67547.68,373982.57,355928.08,23623.29,100663.58,325695.03,355577.25,0,0,0,0,0,0,0,0,0,0,0,0,0,0,0,0,0,0
0,-81694.46,-67535.34,375295.51,357199.45,23976.0,101146.64,326646.94,356671.59,0,0,0,0,0,0,0,0,0,0,0,0,0,0,0,0,0,0
0,-80762.66,-68722.76,376385.29,358262.14,24139.08,101460.19,327426.93,357567.45,0,0,0,0,0,0,0,0,0,0,0,0,0,0,0,0,0,0
0,-76248.5,-68972.74,377111.37,358922.23,24096.7,101531.27,328011.65,358321.96,0,0,0,0,0,0,0,0,0,0,0,0,0,0,0,0,0,0
0,-80724.04,-67346.25,378268.74,360053.05,24311.01,101870.57,328797.0,359235.52,0,0,0,0,0,0,0,0,0,0,0,0,0,0,0,0,0,0
0,-81688.02,-68593.21,379524.28,361297.6,24663.45,102350.69,329724.78,360280.77,0,0,0,0,0,0,0,0,0,0,0,0,0,0,0,0,0,0
0,-76172.33,-68709.35,379635.06,361298.67,23969.83,101875.4,329742.21,360427.22,0,0,0,0,0,0,0,0,0,0,0,0,0,0,0,0,0,0
0,-80013.25,-67435.03,380605.21,362227.52,24020.26,102066.37,330389.7,361206.14,0,0,0,0,0,0,0,0,0,0,0,0,0,0,0,0,0,0
0,-81645.11,-67236.28,381585.29,363168.17,24049.49,102237.77,331042.55,361997.12,0,0,0,0,0,0,0,0,0,0,0,0,0,0,0,0,0,0
0,-82829.84,-67672.94,382762.78,364297.11,24265.41,102616.23,331892.81,362978.81,0,0,0,0,0,0,0,0,0,0,0,0,0,0,0,0,0,0
0,-79777.48,-68878.33,383485.91,364975.98,24098.58,102620.52,332396.53,363590.35,0,0,0,0,0,0,0,0,0,0,0,0,0,0,0,0,0,0
0,-75949.17,-68368.17,384176.31,365599.33,23995.31,102676.58,332955.5,364279.95,0,0,0,0,0,0,0,0,0,0,0,0,0,0,0,0,0,0
0,-81951.95,-67417.06,385368.28,366780.3,24261.12,103066.57,333787.52,365207.19,0,0,0,0,0,0,0,0,0,0,0,0,0,0,0,0,0,0
0,-80575.71,-69118.92,386622.21,367980.32,24495.54,103451.73,334652.26,366230.99,0,0,0,0,0,0,0,0,0,0,0,0,0,0,0,0,0,0
0,-76891.7,-70141.65,389638.36,370917.07,25397.84,105175.32,337091.47,369012.71,0,0,0,0,0,0,0,0,0,0,0,0,0,0,0,0,0,0
0,-82301.44,-69909.1,393710.49,374859.65,27804.58,108088.74,340336.94,372411.33,0,0,0,0,0,0,0,0,0,0,0,0,0,0,0,0,0,0
0,-81906.89,-69681.38,395506.23,376438.4,29080.78,109232.7,341638.08,373706.3,0,0,0,0,0,0,0,0,0,0,0,0,0,0,0,0,0,0
0,-76123.51,-68396.87,395526.34,376340.23,28193.24,108602.65,341505.04,373717.03,0,0,0,0,0,0,0,0,0,0,0,0,0,0,0,0,0,0
0,-79941.1,-68097.54,397357.22,378155.82,29161.25,109600.16,342924.2,375249.91,0,0,0,0,0,0,0,0,0,0,0,0,0,0,0,0,0,0
0,-82032.42,-68525.88,398340.52,379122.49,29228.84,109786.31,343550.49,375963.65,0,0,0,0,0,0,0,0,0,0,0,0,0,0,0,0,0,0
0,-76030.97,-68896.83,398675.79,379370.32,28822.48,109547.06,343820.32,376336.21,0,0,0,0,0,0,0,0,0,0,0,0,0,0,0,0,0,0
0,-75545.49,-68543.59,399409.65,380053.22,28668.52,109574.95,344337.72,376962.51,0,0,0,0,0,0,0,0,0,0,0,0,0,0,0,0,0,0
0,-80450.18,-67508.52,400576.14,381196.37,28911.8,109918.54,345131.66,377885.45,0,0,0,0,0,0,0,0,0,0,0,0,0,0,0,0,0,0
0,-81539.16,-68780.43,402012.19,382600.78,29384.94,110476.44,346157.87,379065.36,0,0,0,0,0,0,0,0,0,0,0,0,0,0,0,0,0,0
0,-77603.55,-17577.59,631629.68,-1477634.94,1271910.03,1412230.07,-983924.45,-1474841.95,0,0,0,0,0,0,0,0,0,0,0,0,0,0,0,0,0,0
0,-79345.65,-67265.78,403115.92,383567.98,28790.57,110218.14,346846.93,380005.74,0,0,0,0,0,0,0,0,0,0,0,0,0,0,0,0,0,0
0,-82101.08,-68326.6,404444.69,384887.36,29148.37,110692.9,347778.73,381075.14,0,0,0,0,0,0,0,0,0,0,0,0,0,0,0,0,0,0
0,-76070.67,-69232.11,405525.35,385910.89,29454.41,111120.98,348718.84,382146.14,0,0,0,0,0,0,0,0,0,0,0,0,0,0,0,0,0,0
0,-78221.27,-67879.74,406724.57,387090.8,29762.6,111573.2,349662.98,383202.13,0,0,0,0,0,0,0,0,0,0,0,0,0,0,0,0,0,0
0,-82423.48,-68351.54,408176.98,388526.85,30237.35,112147.99,350673.64,384347.16,0,0,0,0,0,0,0,0,0,0,0,0,0,0,0,0,0,0
0,-76595.85,-69025.31,408682.58,388961.37,29955.98,112036.15,351058.27,384856.25,0,0,0,0,0,0,0,0,0,0,0,0,0,0,0,0,0,0
0,-77121.29,-67722.03,409523.45,389757.45,29912.0,112148.53,351663.37,385598.15,0,0,0,0,0,0,0,0,0,0,0,0,0,0,0,0,0,0
0,-82416.51,-67848.36,410846.85,391089.7,30264.17,112586.0,352553.33,386628.11,0,0,0,0,0,0,0,0,0,0,0,0,0,0,0,0,0,0
0,-77343.92,-68727.59,411163.62,391331.1,29755.89,112262.26,352708.63,386918.33,0,0,0,0,0,0,0,0,0,0,0,0,0,0,0,0,0,0
0,-76229.73,-67889.4,411976.33,392090.97,29714.85,112371.42,353311.32,387663.98,0,0,0,0,0,0,0,0,0,0,0,0,0,0,0,0,0,0
0,-82218.29,-67741.34,413757.05,393887.78,30539.37,113232.68,354614.07,389129.54,0,0,0,0,0,0,0,0,0,0,0,0,0,0,0,0,0,0
0,-78294.22,-68848.82,414196.93,394268.12,-1124997.38,-82286.96,-67971.2,414494.93,0,0,0,0,0,0,0,0,0,0,0,0,0,0,0,0,0,0
0,-75526.99,-68154.94,414934.0,394922.58,30002.92,113024.54,355393.79,390191.16,0,0,0,0,0,0,0,0,0,0,0,0,0,0,0,0,0,0
0,-81616.67,-67709.42,416480.83,396470.21,30603.47,113712.53,356520.05,391448.04,0,0,0,0,0,0,0,0,0,0,0,0,0,0,0,0,0,0
0,-79276.45,-68815.3,417268.6,397193.87,30487.06,113759.46,357045.76,392102.24,0,0,0,0,0,0,0,0,0,0,0,0,0,0,0,0,0,0
0,-75080.13,-70311.97,-1973590.7,1683195.42,-255125.84,-1943884.43,-1404354.83,-2242889.6,0,0,0,0,0,0,0,0,0,0,0,0,0,0,0,0,0,0
0,9869.19,97761.7,438456.71,-1342431.48,1445808.38,56058.17,447231.02,2057835.4,0,0,0,0,0,0,0,0,0,0,0,0,0,0,0,0,0,0
0,-80208.78,-68663.75,420553.23,616.64,1545500.73,733068.96,-345101.62,-1011016.1,0,0,0,0,0,0,0,0,0,0,0,0,0,0,0,0,0,0
0,-74940.92,-68516.77,421048.9,400778.65,30757.97,114591.49,38.36,-1254977.51,0,0,0,0,0,0,0,0,0,0,0,0,0,0,0,0,0,0
0,-79810.74,-67439.32,422543.43,402254.67,31300.58,115202.76,360880.78,396689.62,0,0,0,0,0,0,0,0,0,0,0,0,0,0,0,0,0,0
0,-81207.64,-67298.77,423472.82,403137.65,31282.34,115324.0,361486.43,397427.76,0,0,0,0,0,0,0,0,0,0,0,0,0,0,0,0,0,0
0,-79349.14,-68629.69,424057.54,403660.14,30943.57,115166.55,361805.07,397880.52,0,0,0,0,0,0,0,0,0,0,0,0,0,0,0,0,0,0
0,-78625.74,-67300.65,424682.49,402099.63,78955.12,-1388805.0,976415.07,-561710.39,0,0,0,0,0,0,0,0,0,0,0,0,0,0,0,0,0,0
0,-80369.98,-67210.53,425877.69,405377.56,31013.85,115485.2,363064.91,399437.27,0,0,0,0,0,0,0,0,0,0,0,0,0,0,0,0,0,0
0,-37880.57,2230000.78,-2035290.9,-2047084.57,-2199499.23,66449.59,181789.14,202146.84,0,0,0,0,0,0,0,0,0,0,0,0,0,0,0,0,0,0
0,-77545.89,-54931.11,78955.12,2038928.78,167826.9,-394712.83,-711853.49,-711687.73,0,0,0,0,0,0,0,0,0,0,0,0,0,0,0,0,0,0
0,-79309.97,-66821.07,428247.69,407574.83,30667.84,115591.41,364594.03,401402.8,0,0,0,0,0,0,0,0,0,0,0,0,0,0,0,0,0,0
0,-81076.21,-68609.57,429634.39,408966.63,31106.38,116112.3,365606.57,402562.58,0,0,0,0,0,0,0,0,0,0,0,0,0,0,0,0,0,0
0,-75142.89,-68484.58,429966.98,409199.98,30614.2,115817.52,365806.66,402901.08,0,0,0,0,0,0,0,0,0,0,0,0,0,0,0,0,0,0
0,-74826.13,-68329.55,431064.54,410249.26,30781.84,116116.05,366604.89,403863.99,0,0,0,0,0,0,0,0,0,0,0,0,0,0,0,0,0,0
0,-79946.46,-67130.33,432554.24,411727.96,31340.0,116727.33,367668.11,405096.2,0,0,0,0,0,0,0,0,0,0,0,0,0,0,0,0,0,0
0,-80455.55,-68401.16,433584.21,412722.79,31430.66,116966.05,368375.41,405927.68,0,0,0,0,0,0,0,0,0,0,0,0,0,0,0,0,0,0
0,-74806.81,-68330.35,433931.82,412969.29,30970.4,116689.51,368586.23,406266.98,0,0,0,0,0,0,0,0,0,0,0,0,0,0,0,0,0,0
0,-78842.47,-67042.09,435315.04,414335.07,31424.23,117231.85,369594.48,407435.89,0,0,0,0,0,0,0,0,0,0,0,0,0,0,0,0,0,0
0,-81119.12,-68154.94,436590.43,415581.22,31710.95,117637.13,370470.49,408456.47,0,0,0,0,0,0,0,0,0,0,0,0,0,0,0,0,0,0
0,-75131.63,-68491.82,437140.82,416048.19,31470.9,117543.79,370861.02,408997.47,0,0,0,0,0,0,0,0,0,0,0,0,0,0,0,0,0,0
0,-77667.93,-67226.62,438226.85,417091.04,31639.34,117825.16,371617.67,409917.74,0,0,0,0,0,0,0,0,0,0,0,0,0,0,0,0,0,0
0,-79393.93,-67153.13,439335.4,418158.56,31797.32,118108.67,372376.2,410833.98,0,0,0,0,0,0,0,0,0,0,0,0,0,0,0,0,0,0
0,-80620.77,-68631.56,440840.66,419645.04,32336.45,118751.59,373493.07,412110.71,0,0,0,0,0,0,0,0,0,0,0,0,0,0,0,0,0,0
0,-74759.07,-68471.97,441234.41,419956.98,31924.46,118518.51,373767.19,412516.53,0,0,0,0,0,0,0,0,0,0,0,0,0,0,0,0,0,0
0,-78280.27,-67002.66,442226.29,420902.99,31989.64,118722.36,374429.7,413320.66,0,0,0,0,0,0,0,0,0,0,0,0,0,0,0,0,0,0
0,-81213.27,-68057.84,443596.63,422246.24,32370.24,119196.84,375353.18,414418.22,0,0,0,0,0,0,0,0,0,0,0,0,0,0,0,0,0,0
0,-75091.13,-68565.31,444144.07,422721.8,32143.59,119138.64,375792.26,414964.31,0,0,0,0,0,0,0,0,0,0,0,0,0,0,0,0,0,0
0,-77185.4,-67319.43,445316.46,423831.7,32387.94,119482.23,376591.56,415950.03,0,0,0,0,0,0,0,0,0,0,0,0,0,0,0,0,0,0
0,-81473.18,-67737.05,446516.48,424998.19,32587.23,119789.88,377348.21,416853.93,0,0,0,0,0,0,0,0,0,0,0,0,0,0,0,0,0,0
0,-75712.33,-68451.86,447059.09,425463.82,32308.01,119699.22,377752.42,9.39,0,0,0,0,0,0,0,0,0,0,0,0,0,0,0,0,0,0
0,-74679.68,-68370.32,448030.05,426377.65,32359.51,119892.07,378448.18,418221.05,0,0,0,0,0,0,0,0,0,0,0,0,0,0,0,0,0,0
0,-77818.13,-67220.72,449270.3,427573.38,32651.61,120281.26,379304.61,419255.04,0,0,0,0,0,0,0,0,0,0,0,0,0,0,0,0,0,0
0,-81156.94,-1124997.38,-79551.64,-66968.33,450253.87,428489.35,32655.63,120443.26,0,0,0,0,0,0,0,0,0,0,0,0,0,0,0,0,0,0
0,-80023.98,-68247.2,451546.16,429758.57,33005.66,120902.46,380877.99,421104.16,0,0,0,0,0,0,0,0,0,0,0,0,0,0,0,0,0,0
0,-74421.38,-68111.48,451953.32,430063.54,32578.11,120649.26,381119.93,421495.22,0,0,0,0,0,0,0,0,0,0,0,0,0,0,0,0,0,0
0,-78433.16,-66822.15,452829.33,430913.53,32550.75,120747.42,381686.68,422185.89,0,0,0,0,0,0,0,0,0,0,0,0,0,0,0,0,0,0
0,-80591.53,-67848.9,454014.33,432057.23,32732.61,121071.7,382473.37,423114.21,0,0,0,0,0,0,0,0,0,0,0,0,0,0,0,0,0,0
0,-74561.39,-67908.71,454076.82,432021.82,32019.14,120537.14,382422.14,423182.6,0,0,0,0,0,0,0,0,0,0,0,0,0,0,0,0,0,0
0,-77478.03,-67219.38,455239.03,433139.77,32263.22,120887.97,383243.17,424162.95,0,0,0,0,0,0,0,0,0,0,0,0,0,0,0,0,0,0
0,-78516.04,-66804.44,456012.31,433855.11,32062.86,120849.35,383692.17,424738.55,0,0,0,0,0,0,0,0,0,0,0,0,0,0,0,0,0,0
0,-74776.24,-68257.4,456610.71,308.19,-1117652.96,317473.79,-717.22,1657013.04,0,0,0,0,0,0,0,0,0,0,0,0,0,0,0,0,0,0
0,-76514.58,-67046.11,457286.89,434975.74,1968750.65,1106373.2,1108003.44,1239308.31,0,0,0,0,0,0,0,0,0,0,0,0,0,0,0,0,0,0
0,-77827.52,-66833.14,458299.69,435938.65,31555.12,120793.29,385082.89,426544.75,0,0,0,0,0,0,0,0,0,0,0,0,0,0,0,0,0,0
0,-79042.29,-67646.12,459633.29,437246.23,31882.35,121215.47,385976.07,427568.55,0,0,0,0,0,0,0,0,0,0,0,0,0,0,0,0,0,0
0,-73815.74,-68281.54,460271.12,437809.76,31739.65,121246.05,386519.48,428227.03,0,0,0,0,0,0,0,0,0,0,0,0,0,0,0,0,0,0
0,-76344.26,-67170.56,461286.6,438780.72,31838.9,121480.74,387245.02,429081.58,0,0,0,0,0,0,0,0,0,0,0,0,0,0,0,0,0,0
0,-79427.72,-67539.9,462737.95,440213.29,32216.28,121951.47,388199.89,430191.48,0,0,0,0,0,0,0,0,0,0,0,0,0,0,0,0,0,0
0,-74303.36,-68294.68,463230.67,440618.84,31878.32,121771.22,388523.63,430663.82,0,0,0,0,0,0,0,0,0,0,0,0,0,0,0,0,0,0
0,-75441.16,-67124.97,463945.21,441271.15,31710.42,121763.98,389000.26,431279.39,0,0,0,0,0,0,0,0,0,0,0,0,0,0,0,0,0,0
0,552513.63,554092.38,1183186.04,-2194649.26,566525.49,1702794.86,-1638742.37,-508438.5,0,0,0,0,0,0,0,0,0,0,0,0,0,0,0,0,0,0
0,-73926.78,-67504.5,465538.71,442732.96,31423.69,121801.53,390022.18,432571.41,0,0,0,0,0,0,0,0,0,0,0,0,0,0,0,0,0,0
0,-79156.28,-66844.41,467068.91,444248.4,31947.53,122418.44,391104.45,433782.42,0,0,0,0,0,0,0,0,0,0,0,0,0,0,0,0,0,0
0,-76091.59,-67175.66,468186.85,445249.14,31940.02,122612.36,391850.38,434733.27,0,0,0,0,0,0,0,0,0,0,0,0,0,0,0,0,0,0
0,-76746.59,-69144.4,471603.18,448580.44,32973.47,124598.81,394449.44,437549.32,0,0,0,0,0,0,0,0,0,0,0,0,0,0,0,0,0,0
0,-76321.46,-68801.88,475180.98,451920.86,33000.29,126689.59,397358.02,440682.41,0,0,0,0,0,0,0,0,0,0,0,0,0,0,0,0,0,0
0,-79878.6,-67996.15,477429.75,454096.14,36100.39,128414.25,399014.29,442332.5,0,0,0,0,0,0,0,0,0,0,0,0,0,0,0,0,0,0
0,-77762.88,-69186.51,480283.35,456825.82,37634.08,130150.45,401198.95,444767.14,0,0,0,0,0,0,0,0,0,0,0,0,0,0,0,0,0,0
0,-76112.78,-69062.33,481872.56,458313.64,38369.0,130891.81,402363.29,446100.47,0,0,0,0,0,0,0,0,0,0,0,0,0,0,0,0,0,0
0,-76513.77,-67227.43,492369.38,468346.44,42159.23,135319.87,410014.3,454875.85,0,0,0,0,0,0,0,0,0,0,0,0,0,0,0,0,0,0
0,-79588.66,-67921.05,494257.39,470226.94,42976.5,136205.8,411388.93,456396.93,0,0,0,0,0,0,0,0,0,0,0,0,0,0,0,0,0,0
0,-74789.11,-68611.45,495058.83,470967.5,42953.17,136314.43,412026.49,457151.71,0,0,0,0,0,0,0,0,0,0,0,0,0,0,0,0,0,0
0,-75303.56,-67525.69,496052.86,471896.89,43031.75,136522.03,412739.69,458025.04,0,0,0,0,0,0,0,0,0,0,0,0,0,0,0,0,0,0
0,-76716.01,-67273.83,496939.33,472734.0,42918.03,136559.58,413295.17,458714.9,0,0,0,0,0,0,0,0,0,0,0,0,0,0,0,0,0,0
0,-79375.15,-67617.69,498355.54,474122.05,43254.38,137018.51,414232.61,459816.48,0,0,0,0,0,0,0,0,0,0,0,0,0,0,0,0,0,0
0,-74707.57,-68234.33,498758.14,474436.13,42810.74,136730.17,414468.37,460190.11,0,0,0,0,0,0,0,0,0,0,0,0,0,0,0,0,0,0
0,-75907.59,-67022.24,499142.77,474746.73,42234.07,136360.3,414617.24,460462.09,0,0,0,0,0,0,0,0,0,0,0,0,0,0,0,0,0,0
0,-79670.2,-67161.71,500444.17,476019.98,42465.81,136715.69,415448.45,461436.81,0,0,0,0,0,0,0,0,0,0,0,0,0,0,0,0,0,0
0,-79175.33,-67649.34,501699.72,477237.97,42776.41,137134.92,416385.88,462509.42,0,0,0,0,0,0,0,0,0,0,0,0,0,0,0,0,0,0
0,-75113.93,-67395.6,502183.59,483398.47,315824.5,1968217.43,109392.83,1515451.13,0,0,0,0,0,0,0,0,0,0,0,0,0,0,0,0,0,0
0,-79481.9,-66999.17,503434.84,478852.39,42595.36,137279.76,417531.19,-1124997.38,0,0,0,0,0,0,0,0,0,0,0,0,0,0,0,0,0,0
0,-76100.98,-68288.24,504314.87,479671.8,42552.98,137379.54,418153.19,464706.96,0,0,0,0,0,0,0,0,0,0,0,0,0,0,0,0,0,0
0,-75187.69,-67888.59,504713.98,479981.87,41962.89,137008.05,418305.54,464986.17,0,0,0,0,0,0,0,0,0,0,0,0,0,0,0,0,0,0
0,-79212.88,-67113.17,505371.12,157906.48,2109111.2,-1246070.43,-1791089.16,-2214678.66,0,0,0,0,0,0,0,0,0,0,0,0,0,0,0,0,0,0
0,-76659.68,-67798.2,507283.81,482458.08,42589.46,137852.14,420123.27,467122.02,0,0,0,0,0,0,0,0,0,0,0,0,0,0,0,0,0,0
0,-74223.7,-67457.56,507592.8,482663.0,41978.99,137438.54,420238.07,467390.51,0,0,0,0,0,0,0,0,0,0,0,0,0,0,0,0,0,0
0,-74485.22,-67725.78,509104.49,484117.3,42414.04,138028.36,421379.08,468698.08,0,0,0,0,0,0,0,0,0,0,0,0,0,0,0,0,0,0
0,-78307.1,-67165.47,510743.32,485694.17,42752.54,138492.65,422282.99,469806.1,0,0,0,0,0,0,0,0,0,0,0,0,0,0,0,0,0,0
0,-75533.69,-67915.68,511755.59,486632.14,43022.37,138773.21,423045.54,470670.31,0,0,0,0,0,0,0,0,0,0,0,0,0,0,0,0,0,0
0,-74206.0,-67773.79,512742.64,487532.56,43080.57,138977.86,423815.34,471588.43,0,0,0,0,0,0,0,0,0,0,0,0,0,0,0,0,0,0
0,-78208.66,-68052.21,515687.44,490429.34,43953.9,140436.72,425884.12,473949.31,0,0,0,0,0,0,0,0,0,0,0,0,0,0,0,0,0,0
0,-78437.72,-69253.03,520497.17,495174.97,46368.69,143868.6,429878.2,478098.69,0,0,0,0,0,0,0,0,0,0,0,0,0,0,0,0,0,0
0,-73615.11,-70418.18,524194.33,498764.31,48756.66,146591.05,433025.77,481405.32,0,0,0,0,0,0,0,0,0,0,0,0,0,0,0,0,0,0
0,-70712.96,-68622.44,525777.91,500088.78,49526.72,147431.11,434203.53,482663.81,0,0,0,0,0,0,0,0,0,0,0,0,0,0,0,0,0,0
0,-73434.06,-68199.19,527193.85,501528.59,49951.85,147886.02,435117.36,483702.36,0,0,0,0,0,0,0,0,0,0,0,0,0,0,0,0,0,0
0,-70925.39,-68495.31,527612.81,501859.31,49534.77,147630.4,435399.8,484126.95,0,0,0,0,0,0,0,0,0,0,0,0,0,0,0,0,0,0
0,-74692.55,-67182.63,528674.69,502873.72,49632.4,147851.15,436095.29,484936.71,0,0,0,0,0,0,0,0,0,0,0,0,0,0,0,0,0,0
0,-75832.22,-67155.01,529630.63,503758.31,49527.53,147904.79,436678.14,485651.25,0,0,0,0,0,0,0,0,0,0,0,0,0,0,0,0,0,0
0,-73444.79,-67661.68,530606.42,504668.12,49454.84,148001.35,437292.63,486388.59,0,0,0,0,0,0,0,0,0,0,0,0,0,0,0,0,0,0
0,-71654.95,-67444.69,530974.42,504930.44,48943.61,147697.46,2467.63,1115382.74,0,0,0,0,0,0,0,0,0,0,0,0,0,0,0,0,0,0
0,-71546.59,-67075.08,531873.5,505754.14,48789.92,147691.82,438013.88,487369.21,0,0,0,0,0,0,0,0,0,0,0,0,0,0,0,0,0,0
0,-71133.26,-67449.25,532913.12,506732.61,48765.25,147826.2,438655.46,488139.27,0,0,0,0,0,0,0,0,0,0,0,0,0,0,0,0,0,0
0,-68304.07,-68056.77,533297.75,506996.54,48210.03,147482.34,438862.8,488480.98,0,0,0,0,0,0,0,0,0,0,0,0,0,0,0,0,0,0
0,-69323.57,-67012.58,534224.99,507856.19,48099.25,147537.33,439427.13,489171.65,0,0,0,0,0,0,0,0,0,0,0,0,0,0,0,0,0,0
0,-66033.04,-67586.04,534867.38,508400.68,47686.19,147321.68,439784.67,489667.86,0,0,0,0,0,0,0,0,0,0,0,0,0,0,0,0,0,0
0,-69426.57,-66657.46,536012.15,509497.97,47739.57,147521.24,440485.53,490498.54,0,0,0,0,0,0,0,0,0,0,0,0,0,0,0,0,0,0
0,-70652.07,-66696.35,536983.1,510391.68,47665.0,147612.97,441098.69,491248.76,0,0,0,0,0,0,0,0,0,0,0,0,0,0,0,0,0,0
0,-68911.85,-67576.65,537668.68,510980.43,47369.42,147506.48,441524.62,491810.14,0,0,0,0,0,0,0,0,0,0,0,0,0,0,0,0,0,0
0,-69921.17,-67284.29,538063.5,511274.13,46796.5,147135.0,441684.75,492106.53,0,0,0,0,0,0,0,0,0,0,0,0,0,0,0,0,0,0
0,-72263.27,-140624.2,553255.26,-1695858.4,1754919.31,1751564.93,-2244125.83,-2231566.38,0,0,0,0,0,0,0,0,0,0,0,0,0,0,0,0,0,0
0,-69993.32,-67474.73,539661.83,512713.94,46377.01,147063.12,442647.39,-1124997.38,0,0,0,0,0,0,0,0,0,0,0,0,0,0,0,0,0,0
0,-70941.21,-67445.76,540445.84,513410.51,46100.74,146978.63,443106.86,493929.09,0,0,0,0,0,0,0,0,0,0,0,0,0,0,0,0,0,0
0,-74991.35,-66898.86,541747.78,514668.47,46297.88,147305.05,443937.54,494889.32,0,0,0,0,0,0,0,0,0,0,0,0,0,0,0,0,0,0
0,-73443.18,-67302.26,542516.77,515361.01,46041.19,147224.32,444394.05,495472.7,0,0,0,0,0,0,0,0,0,0,0,0,0,0,0,0,0,0
0,-71408.72,-67420.55,542742.61,515466.69,45334.43,146732.67,444443.67,495659.65,0,0,0,0,0,0,0,0,0,0,0,0,0,0,0,0,0,0
0,-74000.54,-66845.48,543858.95,516541.99,45405.51,146932.49,445119.32,496460.29,0,0,0,0,0,0,0,0,0,0,0,0,0,0,0,0,0,0
0,-70507.23,-67478.75,544377.15,516975.97,45001.84,146713.89,445436.09,496892.39,0,0,0,0,0,0,0,0,0,0,0,0,0,0,0,0,0,0
0,-72729.98,-67210.8,545327.73,517851.71,44944.97,146820.91,452636.75,157926.33,0,0,0,0,0,0,0,0,0,0,0,0,0,0,0,0,0,0
0,-75371.42,-66804.44,546609.55,519092.23,45091.96,147115.15,446864.9,498580.04,0,0,0,0,0,0,0,0,0,0,0,0,0,0,0,0,0,0
0,-75117.15,-66963.23,547384.71,519782.37,44787.8,146996.33,447301.83,499151.08,0,0,0,0,0,0,0,0,0,0,0,0,0,0,0,0,0,0
0,-72932.49,-66990.32,547401.07,519675.88,43910.71,-2249995.04,-143659.39,-134631.34,0,0,0,0,0,0,0,0,0,0,0,0,0,0,0,0,0,0
0,-74128.21,-66895.64,548364.52,520558.06,43777.41,146371.37,447758.61,499877.69,0,0,0,0,0,0,0,0,0,0,0,0,0,0,0,0,0,0
0,-76077.38,-66768.5,549361.5,521504.61,43640.35,146400.88,448307.12,500554.14,0,0,0,0,0,0,0,0,0,0,0,0,0,0,0,0,0,0
0,-72536.32,-67440.13,549862.81,521892.46,43180.35,146131.58,448580.44,500966.13,0,0,0,0,0,0,0,0,0,0,0,0,0,0,0,0,0,0
0,-73725.88,-67154.2,550648.96,522585.54,42964.97,146097.79,449069.41,501594.31,0,0,0,0,0,0,0,0,0,0,0,0,0,0,0,0,0,0
0,-76602.02,-66805.78,552095.21,523991.29,43294.88,146549.74,450021.32,502675.5,0,0,0,0,0,0,0,0,0,0,0,0,0,0,0,0,0,0
0,-72688.41,-67315.14,553008.5,524718.97,42493.17,146090.28,450512.17,503405.6,0,0,0,0,0,0,0,0,0,0,0,0,0,0,0,0,0,0
0,-73375.59,-67296.36,553983.21,525607.86,42404.39,146181.47,451130.95,504166.54,0,0,0,0,0,0,0,0,0,0,0,0,0,0,0,0,0,0
0,-76909.13,-66760.19,555267.46,526843.01,42614.67,146518.36,451958.68,505131.87,0,0,0,0,0,0,0,0,0,0,0,0,0,0,0,0,0,0
0,-73463.3,-67368.78,556744.01,528127.79,42009.56,146279.91,452798.75,506257.59,0,0,0,0,0,0,0,0,0,0,0,0,0,0,0,0,0,0
0,-75451.62,-66740.07,558223.52,529403.99,41269.28,145912.72,453557.01,507320.82,0,0,0,0,0,0,0,0,0,0,0,0,0,0,0,0,0,0
0,-76430.09,-66808.47,559494.35,530600.25,41455.69,146248.8,454419.07,508337.38,0,0,0,0,0,0,0,0,0,0,0,0,0,0,0,0,0,0
0,-74252.67,-67039.67,560175.9,531171.03,41078.3,146067.48,454797.8,508868.46,0,0,0,0,0,0,0,0,0,0,0,0,0,0,0,0,0,0
0,-72933.29,-67294.48,561892.51,532731.54,40878.75,146178.52,455867.2,510202.86,0,0,0,0,0,0,0,0,0,0,0,0,0,0,0,0,0,0
0,-75823.1,-66883.03,564087.63,534779.13,40811.69,146446.74,457214.47,511847.59,0,0,0,0,0,0,0,0,0,0,0,0,0,0,0,0,0,0
0,-72973.79,-67236.55,564535.03,535109.05,40276.86,146113.61,457415.37,512198.69,0,0,0,0,0,0,0,0,0,0,0,0,0,0,0,0,0,0
0,-73272.59,-67196.58,565448.59,535929.0,40111.37,146124.88,457959.86,512902.5,0,0,0,0,0,0,0,0,0,0,0,0,0,0,0,0,0,0
0,-73942.87,-66946.6,566837.43,537157.98,39602.55,145929.35,458708.73,513911.55,0,0,0,0,0,0,0,0,0,0,0,0,0,0,0,0,0,0
0,-73048.09,-67240.84,569288.17,539357.93,39175.54,145959.65,460163.29,515775.95,0,0,0,0,0,0,0,0,0,0,0,0,0,0,0,0,0,0
0,-73423.06,-67085.27,570162.03,540129.07,38961.77,145927.2,460664.06,516430.68,0,0,0,0,0,0,0,0,0,0,0,0,0,0,0,0,0,0
0,-77148.92,-66381.19,571229.02,541121.22,38942.73,146049.24,461284.19,517199.93,0,0,0,0,0,0,0,0,0,0,0,0,0,0,0,0,0,0
0,-73128.82,-67128.72,572393.9,542106.12,38283.17,145715.3,461885.81,518068.43,0,0,0,0,0,0,0,0,0,0,0,0,0,0,0,0,0,0
0,-73128.29,-67074.0,573858.38,543400.02,37852.14,145592.46,462708.98,519164.65,0,0,0,0,0,0,0,0,0,0,0,0,0,0,0,0,0,0
0,-76865.14,-66517.98,575702.4,545096.79,37656.34,145687.68,463760.14,520496.91,0,0,0,0,0,0,0,0,0,0,0,0,0,0,0,0,0,0
0,-75948.63,-66628.76,576473.27,545765.19,37356.74,145570.47,464168.9,521061.24,0,0,0,0,0,0,0,0,0,0,0,0,0,0,0,0,0,0
0,-73095.3,-66970.74,576976.18,546148.48,36868.31,145278.1,464408.16,521451.5,0,0,0,0,0,0,0,0,0,0,0,0,0,0,0,0,0,0
0,-77029.02,-66482.85,579080.91,548115.08,36936.17,145624.11,465714.66,523035.89,0,0,0,0,0,0,0,0,0,0,0,0,0,0,0,0,0,0
0,-77559.83,-66432.42,580667.44,549500.44,36319.26,145378.15,466550.44,524182.26,0,0,0,0,0,0,0,0,0,0,0,0,0,0,0,0,0,0
0,-74277.61,-66781.64,582154.19,550763.49,35642.54,145072.92,467353.76,525310.4,0,0,0,0,0,0,0,0,0,0,0,0,0,0,0,0,0,0
0,-75343.79,-66417.4,583047.37,551551.26,35404.09,145016.32,467837.9,525954.13,0,0,0,0,0,0,0,0,0,0,0,0,0,0,0,0,0,0
0,-74162.82,-66667.65,583908.62,552327.49,1687501.17,2211385.44,2217033.91,292033.57,0,0,0,0,0,0,0,0,0,0,0,0,0,0,0,0,0,0
0,-66863.18,-67354.03,585561.94,553786.61,34826.07,144922.44,469258.66,527819.61,0,0,0,0,0,0,0,0,0,0,0,0,0,0,0,0,0,0
0,-70450.64,-66555.53,587428.75,555495.98,34698.67,145080.96,470375.27,529218.38,0,0,0,0,0,0,0,0,0,0,0,0,0,0,0,0,0,0
0,-74189.91,-66108.41,589134.64,557037.45,34419.72,145081.77,471329.6,530455.41,0,0,0,0,0,0,0,0,0,0,0,0,0,0,0,0,0,0
0,157921.23,-2074477.98,-1790662.96,-1755632.51,-1019396.4,-2214276.06,-1738390.19,-1738158.72,0,0,0,0,0,0,0,0,0,0,0,0,0,0,0,0,0,0
0,-71300.36,-66518.52,591162.66,558883.61,34352.13,145336.31,472642.27,532064.74,0,0,0,0,0,0,0,0,0,0,0,0,0,0,0,0,0,0
0,-74806.01,-65997.63,592853.52,560405.23,34078.27,145349.72,473604.65,533302.85,0,0,0,0,0,0,0,0,0,0,0,0,0,0,0,0,0,0
0,-73866.43,-66380.65,594438.17,561790.32,33493.55,145099.2,474449.28,534444.66,0,0,0,0,0,0,0,0,0,0,0,0,0,0,0,0,0,0
0,-73870.45,-66309.04,596608.61,563801.44,33447.95,145357.23,475795.48,536088.59,0,0,0,0,0,0,0,0,0,0,0,0,0,0,0,0,0,0
0,-72679.82,-66440.47,597251.81,564362.56,33068.69,145134.07,476132.09,536557.44,0,0,0,0,0,0,0,0,0,0,0,0,0,0,0,0,0,0
0,-70200.66,-65142.81,597917.0,564902.49,32622.64,144884.36,476477.83,537070.81,0,0,0,0,0,0,0,0,0,0,0,0,0,0,0,0,0,0
0,-64269.76,-65533.08,600197.68,567034.84,32839.9,145330.94,477994.35,538916.44,0,0,0,0,0,0,0,0,0,0,0,0,0,0,0,0,0,0
0,-66946.87,-65633.93,601965.25,568667.77,32522.05,145288.57,478927.49,540109.49,0,0,0,0,0,0,0,0,0,0,0,0,0,0,0,0,0,0
0,-64406.28,-65228.64,603101.17,569599.57,31775.86,144863.97,479525.62,540995.96,0,0,0,0,0,0,0,0,0,0,0,0,0,0,0,0,0,0
0,-71146.67,-65575.99,605793.84,572186.03,32110.34,145417.58,481193.42,542993.13,0,0,0,0,0,0,0,0,0,0,0,0,0,0,0,0,0,0
0,-70430.52,-65173.66,607668.7,573909.08,32024.77,145573.42,482355.36,544484.71,0,0,0,0,0,0,0,0,0,0,0,0,0,0,0,0,0,0
0,-72002.83,-65279.61,608756.61,574919.73,31996.34,145683.65,483012.76,545306.8,0,0,0,0,0,0,0,0,0,0,0,0,0,0,0,0,0,0
0,-72372.44,-65519.93,609980.77,576069.6,32056.96,145881.87,483779.07,546248.8,0,0,0,0,0,0,0,0,0,0,0,0,0,0,0,0,0,0
0,-71791.74,-65168.83,611991.89,577950.36,32188.39,146183.08,485072.97,547880.38,0,0,0,0,0,0,0,0,0,0,0,0,0,0,0,0,0,0
0,-69959.26,-66184.85,614457.91,580291.93,32525.54,146734.81,486733.26,549875.95,0,0,0,0,0,0,0,0,0,0,0,0,0,0,0,0,0,0
0,-69033.09,-66195.58,616158.7,581829.64,32367.29,146827.08,487772.88,551182.99,0,0,0,0,0,0,0,0,0,0,0,0,0,0,0,0,0,0
