0,-2140.13,-2544.61,-2358.2,-2780.91,-8712.35,-6654.56,-7130.38,-5541.18,0,0,0,0,0,0,0,0,0,0,0,0,0,0,0,0,0,0
0,-2081.93,-2497.4,-2317.16,-2742.29,-9793.28,-7131.19,-7752.93,-5815.83,0,0,0,0,0,0,0,0,0,0,0,0,0,0,0,0,0,0
0,-2040.89,-2457.44,-2278.27,-2703.13,-10000.62,-7294.8,-7930.22,-5938.68,0,0,0,0,0,0,0,0,0,0,0,0,0,0,0,0,0,0
0,-1996.9,-2411.04,-2238.57,-2659.41,-11686.12,-7932.1,-8803.55,-6326.53,0,0,0,0,0,0,0,0,0,0,0,0,0,0,0,0,0,0
0,-1966.6,-2375.63,-2189.22,-2621.86,-8085.25,-6611.65,-6947.19,-5633.98,0,0,0,0,0,0,0,0,0,0,0,0,0,0,0,0,0,0
0,-1912.95,-2319.31,-2136.38,-2571.17,-6030.68,-5381.32,-5473.58,-4835.49,0,0,0,0,0,0,0,0,0,0,0,0,0,0,0,0,0,0
0,-1900.08,-2312.6,-2128.33,-2563.92,-8146.41,-6757.83,-7072.99,-5781.23,0,0,0,0,0,0,0,0,0,0,0,0,0,0,0,0,0,0
0,-1848.04,-2275.32,-2093.2,-2529.06,-10449.35,-7933.71,-8547.4,-6481.56,0,0,0,0,0,0,0,0,0,0,0,0,0,0,0,0,0,0
0,-1814.25,-2242.06,-2065.03,-2499.55,-12093.28,-8642.08,-9063.18,9887.16,0,0,0,0,0,0,0,0,0,0,0,0,0,0,0,0,0,0
0,-1782.33,-2210.14,-2026.95,-2469.78,-9116.29,-7439.91,-7841.97,-6268.86,0,0,0,0,0,0,0,0,0,0,0,0,0,0,0,0,0,0
0,-1746.92,-2162.4,-1982.42,-2430.62,-6215.75,-5644.44,-5711.23,-5129.99,0,0,0,0,0,0,0,0,0,0,0,0,0,0,0,0,0,0
0,-1728.95,-2151.94,-1971.96,-2418.28,-7429.99,-6413.43,-6620.5,-5611.18,0,0,0,0,0,0,0,0,0,0,0,0,0,0,0,0,0,0
0,-1718.49,-2151.67,-1968.47,-2417.74,-9724.08,-7867.46,-8321.29,-6605.48,0,0,0,0,0,0,0,0,0,0,0,0,0,0,0,0,0,0
0,-1698.91,-2129.41,-1958.82,-2402.45,-14188.35,-9774.51,-10853.83,-7719.4,0,0,0,0,0,0,0,0,0,0,0,0,0,0,0,0,0,0
0,-1683.62,-2121.36,-1945.94,-2393.6,-13598.8,-9775.31,-10737.96,-7792.62,0,0,0,0,0,0,0,0,0,0,0,0,0,0,0,0,0,0
0,-1677.45,-2115.46,-1934.41,-2385.02,-12384.83,-9503.6,-10251.94,-7739.51,0,0,0,0,0,0,0,0,0,0,0,0,0,0,0,0,0,0
0,-1664.85,-2109.56,-1927.17,-2381.53,-11679.95,-9293.05,-9921.76,-7665.75,0,0,0,0,0,0,0,0,0,0,0,0,0,0,0,0,0,0
0,-1645.27,-2086.49,-1902.76,-2367.59,-7475.05,-6888.99,-6956.31,-6298.63,0,0,0,0,0,0,0,0,0,0,0,0,0,0,0,0,0,0
0,-1634.54,-2076.57,-1891.76,-2361.95,-7130.92,-6684.87,-6700.69,-6228.36,0,0,0,0,0,0,0,0,0,0,0,0,0,0,0,0,0,0
0,-1624.08,-2067.18,-1892.57,-2348.01,-15105.93,-10778.19,-11883.53,-8546.32,0,0,0,0,0,0,0,0,0,0,0,0,0,0,0,0,0,0
0,-1624.08,-2070.67,-1895.52,-2354.17,-14892.7,-10842.29,-11893.99,-8646.64,0,0,0,0,0,0,0,0,0,0,0,0,0,0,0,0,0,0
0,-1630.78,-2084.61,-1896.32,-2371.07,-8281.05,-7624.45,-7719.67,-6944.24,0,0,0,0,0,0,0,0,0,0,0,0,0,0,0,0,0,0
0,-1638.83,-2094.54,-1904.1,-2381.0,-7948.19,-7440.18,-7476.66,-6905.88,0,0,0,0,0,0,0,0,0,0,0,0,0,0,0,0,0,0
0,-1645.27,-2103.66,-1921.53,-2387.97,-13592.09,-10769.34,-11546.64,-8844.58,0,0,0,0,0,0,0,0,0,0,0,0,0,0,0,0,0,0
0,-1658.95,-2122.7,-1931.73,-2408.89,-9764.31,-8781.02,-8999.35,-7795.84,0,0,0,0,0,0,0,0,0,0,0,0,0,0,0,0,0,0
0,-1669.14,-2134.77,-1945.94,-2420.16,-12095.15,-10228.34,-10739.57,-8687.41,0,0,0,0,0,0,0,0,0,0,0,0,0,0,0,0,0,0
0,-1682.28,-2148.18,-1956.67,-2440.27,-8658.71,-8073.99,-8141.58,-7449.57,0,0,0,0,0,0,0,0,0,0,0,0,0,0,0,0,0,0
0,-1694.08,-2165.08,-1973.84,-2453.95,-10505.68,-9401.14,-9665.07,-8303.85,0,0,0,0,0,0,0,0,0,0,0,0,0,0,0,0,0,0
0,-1706.96,-2172.05,-1985.91,-2461.46,-13328.97,-11099.52,-11729.3,-9347.77,0,0,0,0,0,0,0,0,0,0,0,0,0,0,0,0,0,0
0,-1723.05,-2195.66,-2001.46,-2491.5,-8656.56,-8152.04,-8183.42,-7615.06,0,0,0,0,0,0,0,0,0,0,0,0,0,0,0,0,0,0
0,-1737.54,-2212.82,-2020.78,-2506.52,-10268.03,-9364.13,-9557.78,-8414.09,0,0,0,0,0,0,0,0,0,0,0,0,0,0,0,0,0,0
0,-1755.51,-2223.01,-2044.11,-2519.94,-15219.39,-12175.62,-13048.14,-10065.26,0,0,0,0,0,0,0,0,0,0,0,0,0,0,0,0,0,0
0,-1794.67,-2273.98,-2077.1,-2566.87,-10001.96,-9322.02,-9427.97,-8564.83,0,0,0,0,0,0,0,0,0,0,0,0,0,0,0,0,0,0
0,-1802.44,-2279.61,-2096.68,-2581.63,-14564.66,-12055.73,-12780.73,-10147.6,0,0,0,0,0,0,0,0,0,0,0,0,0,0,0,0,0,0
0,-1823.9,-2296.24,-2118.68,-2602.82,-16015.74,-12771.34,-13710.65,-10566.83,0,0,0,0,0,0,0,0,0,0,0,0,0,0,0,0,0,0
0,-1856.89,-2336.2,-2149.79,-2635.81,-13932.2,-11948.44,-12528.6,-10253.82,0,0,0,0,0,0,0,0,0,0,0,0,0,0,0,0,0,0
0,-1870.04,-2352.83,-2171.25,-35155.72,1265565.8,-703199.07,2249931.74,-1125083.48,0,0,0,0,0,0,0,0,0,0,0,0,0,0,0,0,0,0
0,-1911.61,-2403.26,-2206.92,-2702.86,-10450.69,-9767.0,-9874.28,-9010.08,0,0,0,0,0,0,0,0,0,0,0,0,0,0,0,0,0,0
0,-1911.07,-2387.97,-2217.92,-2705.54,-17957.39,-13647.08,-14863.19,-11159.6,0,0,0,0,0,0,0,0,0,0,0,0,0,0,0,0,0,0
0,-1951.31,-2435.18,-2258.96,-2747.92,-16215.03,-13200.22,-14087.23,-11068.4,0,0,0,0,0,0,0,0,0,0,0,0,0,0,0,0,0,0
0,-2008.44,-2503.84,-2304.29,-2803.71,-9957.43,-9482.68,-9499.85,-8973.6,0,0,0,0,0,0,0,0,0,0,0,0,0,0,0,0,0,0
0,-2027.21,-2516.45,-2327.35,-2818.73,-13433.04,-11998.86,-12404.68,-10600.09,0,0,0,0,0,0,0,0,0,0,0,0,0,0,0,0,0,0
0,-2076.57,-2574.92,-2374.29,-2874.26,-10022.07,-9574.95,-9578.44,-9107.44,0,0,0,0,0,0,0,0,0,0,0,0,0,0,0,0,0,0
0,-2080.59,-2566.87,-2394.94,-2887.93,-17346.38,-13958.22,-14958.14,-11692.29,0,0,0,0,0,0,0,0,0,0,0,0,0,0,0,0,0,0
0,-2132.89,-2630.98,-2442.96,-2940.77,-13424.46,-12089.52,-12444.91,617.71,0,0,0,0,0,0,0,0,0,0,0,0,0,0,0,0,0,0
0,-2174.74,-2671.75,-2480.78,-2978.33,-13117.08,-11992.16,-12286.13,-10804.74,0,0,0,0,0,0,0,0,0,0,0,0,0,0,0,0,0,0
0,-2208.53,-2711.71,-2519.13,-3021.24,-12874.6,-11810.3,-12073.96,-10696.65,0,0,0,0,0,0,0,0,0,0,0,0,0,0,0,0,0,0
0,-2258.42,-2767.24,-2564.19,-3071.4,-10378.81,-9953.41,-9942.14,-9526.13,0,0,0,0,0,0,0,0,0,0,0,0,0,0,0,0,0,0
0,-2290.61,-2794.06,-2597.99,-3101.71,-11921.35,-11233.63,-11349.23,-10457.13,0,0,0,0,0,0,0,0,0,0,0,0,0,0,0,0,0,0
0,-2338.62,-2849.04,-2647.61,-3154.81,-10674.92,-10233.7,-10230.21,-9790.33,0,0,0,0,0,0,0,0,0,0,0,0,0,0,0,0,0,0
0,-2330.3,-2826.78,-2656.19,-3157.76,-18233.66,-14826.72,-15847.83,-12551.93,0,0,0,0,0,0,0,0,0,0,0,0,0,0,0,0,0,0
0,-2430.62,-2939.97,-2740.14,-3248.42,-11806.82,-11229.61,-11294.51,-10589.09,0,0,0,0,0,0,0,0,0,0,0,0,0,0,0,0,0,0
0,-2440.01,-2941.31,-2768.31,-3272.83,-18055.83,-14967.26,-15905.23,-12796.28,0,0,0,0,0,0,0,0,0,0,0,0,0,0,0,0,0,0
0,-2497.14,-2997.37,-2826.78,-3331.04,-18431.87,-15210.0,-16188.47,-12998.52,0,0,0,0,0,0,0,0,0,0,0,0,0,0,0,0,0,0
0,-2593.43,-3110.02,-2913.68,-3422.77,-12529.14,-11856.44,-11961.58,-11114.81,0,0,0,0,0,0,0,0,0,0,0,0,0,0,0,0,0,0
0,-2646.54,-3163.67,-2974.03,-3483.39,-13877.48,-12896.6,-13131.83,-11858.05,0,0,0,0,0,0,0,0,0,0,0,0,0,0,0,0,0,0
0,-2698.84,-3212.21,-3033.58,-3542.93,-16604.75,-14661.49,-15249.97,-12994.5,0,0,0,0,0,0,0,0,0,0,0,0,0,0,0,0,0,0
0,-2781.99,-3303.41,-3104.66,-3614.81,-12335.48,-11822.37,-11858.05,-11274.4,0,0,0,0,0,0,0,0,0,0,0,0,0,0,0,0,0,0
0,-2786.82,-3296.44,-3125.04,-3633.86,-18348.19,-15640.23,-16476.01,-13626.7,0,0,0,0,0,0,0,0,0,0,0,0,0,0,0,0,0,0
0,-2847.17,-3356.78,-3178.15,-3687.77,-17198.86,-15220.46,-15844.88,-13507.34,0,0,0,0,0,0,0,0,0,0,0,0,0,0,0,0,0,0
0,-2916.9,-3440.47,-3246.28,-3760.46,-13551.86,-12826.06,-12955.07,-12037.49,0,0,0,0,0,0,0,0,0,0,0,0,0,0,0,0,0,0
0,-2931.92,-3445.03,-3276.59,-3790.5,-19270.33,-16248.82,-17183.57,-14130.15,0,0,0,0,0,0,0,0,0,0,0,0,0,0,0,0,0,0
0,-2969.21,-3477.22,-3315.48,-3831.0,-21247.39,-16981.87,-18271.21,-14493.85,0,0,0,0,0,0,0,0,0,0,0,0,0,0,0,0,0,0
0,-3062.28,-3585.85,-3395.68,-3909.05,-14550.18,-13710.65,-13897.06,-12793.87,0,0,0,0,0,0,0,0,0,0,0,0,0,0,0,0,0,0
0,-3134.43,-3665.24,-3463.8,-3981.47,-12548.18,-12106.42,-12101.32,-11682.36,0,0,0,0,0,0,0,0,0,0,0,0,0,0,0,0,0,0
0,-3203.09,-3720.22,-3547.49,-4064.62,-18679.71,-16399.03,-17133.95,-14566.81,0,0,0,0,0,0,0,0,0,0,0,0,0,0,0,0,0,0
0,-3281.68,-3797.47,-3630.64,-4150.72,-20526.14,-17290.59,-18322.71,-15090.65,0,0,0,0,0,0,0,0,0,0,0,0,0,0,0,0,0,0
0,-3414.18,-3948.21,-3760.46,-4281.88,-15383.81,-14478.03,-14688.05,-13538.18,0,0,0,0,0,0,0,0,0,0,0,0,0,0,0,0,0,0
0,-3515.57,-4048.26,-3857.55,-4378.71,-14879.82,-14192.11,-14314.41,-13450.21,0,0,0,0,0,0,0,0,0,0,0,0,0,0,0,0,0,0
0,-3629.57,-4167.88,-3973.42,-4496.46,-14017.23,-13523.7,-13550.52,-13028.83,0,0,0,0,0,0,0,0,0,0,0,0,0,0,0,0,0,0
0,-3663.63,-4190.68,-4029.75,-4557.07,-22517.68,-18461.91,-19719.33,-16090.57,0,0,0,0,0,0,0,0,0,0,0,0,0,0,0,0,0,0
0,-3765.82,-4291.8,-4133.02,-4662.75,-22801.46,-18695.0,-19970.39,-16317.22,0,0,0,0,0,0,0,0,0,0,0,0,0,0,0,0,0,0
0,-3872.31,-4400.43,-4240.3,-4772.45,-23114.21,-18952.22,-20253.9,-16561.03,0,0,0,0,0,0,0,0,0,0,0,0,0,0,0,0,0,0
0,-4009.63,-4547.15,-4371.73,-4900.66,-18325.39,-16930.37,-17357.65,-15637.01,0,0,0,0,0,0,0,0,0,0,0,0,0,0,0,0,0,0
0,-4071.33,-4604.28,-4446.57,-4979.79,-23483.55,-19338.73,-20640.67,-16971.14,0,0,0,0,0,0,0,0,0,0,0,0,0,0,0,0,0,0
0,-4252.64,-4806.25,-4612.33,-5141.79,-14495.73,-14087.5,-14064.7,-13740.96,0,0,0,0,0,0,0,0,0,0,0,0,0,0,0,0,0,0
0,-4275.17,-4810.81,-4654.71,-5189.54,-23595.93,-19631.63,-20879.66,-17334.58,0,0,0,0,0,0,0,0,0,0,0,0,0,0,0,0,0,0
0,-4433.42,-4987.3,-4799.55,-5331.96,-15607.78,-15077.23,-15120.15,-14562.52,0,0,0,0,0,0,0,0,0,0,0,0,0,0,0,0,0,0
0,-4521.67,-5070.45,-4892.08,-5421.82,-17507.85,-16663.76,-16862.78,-15799.82,0,0,0,0,0,0,0,0,0,0,0,0,0,0,0,0,0,0
0,-4588.99,-5136.16,-4970.67,-5503.89,-20684.93,-18704.39,-19329.88,-17153.8,0,0,0,0,0,0,0,0,0,0,0,0,0,0,0,0,0,0
0,-4740.27,-5301.12,-5109.88,-5643.9,-15358.87,-14946.34,-14927.03,-14600.61,0,0,0,0,0,0,0,0,0,0,0,0,0,0,0,0,0,0
0,-4759.58,-5309.97,-5146.09,-5685.48,-21587.22,-19322.63,-20046.03,-17654.3,0,0,0,0,0,0,0,0,0,0,0,0,0,0,0,0,0,0
0,-4918.37,-5481.36,-5289.85,-5826.83,-15558.42,-15153.14,-15128.2,-14820.28,0,0,0,0,0,0,0,0,0,0,0,0,0,0,0,0,0,0
0,-4994.27,-5556.46,-5368.17,-5905.96,-16281.81,-15788.29,-15812.16,-15330.17,0,0,0,0,0,0,0,0,0,0,0,0,0,0,0,0,0,0
0,-5002.86,-5553.25,-5394.73,-5937.87,-24438.95,-20778.27,-21945.03,-18637.87,0,0,0,0,0,0,0,0,0,0,0,0,0,0,0,0,0,0
0,-5111.22,-5668.58,-5502.55,-6043.82,-21040.59,-19280.79,-19831.18,-17884.97,0,0,0,0,0,0,0,0,0,0,0,0,0,0,0,0,0,0
0,-5238.89,-5803.23,-5620.57,-6160.77,-17178.75,-16602.61,-16667.78,-16053.56,0,0,0,0,0,0,0,0,0,0,0,0,0,0,0,0,0,0
0,-5257.13,-5808.86,-5651.95,-6199.93,-25483.13,-21419.32,-22715.63,-19178.6,0,0,0,0,0,0,0,0,0,0,0,0,0,0,0,0,0,0
0,-5414.31,-5981.86,-5798.94,-6341.28,-17111.15,-16596.71,-16633.45,-16123.03,0,0,0,0,0,0,0,0,0,0,0,0,0,0,0,0,0,0
0,-5464.2,-6023.71,-5857.14,-6403.77,-21575.69,-19923.18,-20462.31,-18561.42,0,0,0,0,0,0,0,0,0,0,0,0,0,0,0,0,0,0
0,-5522.13,-6076.81,-5922.32,-6471.63,-25260.51,-21691.03,-22866.1,-19579.59,0,0,0,0,0,0,0,0,0,0,0,0,0,0,0,0,0,0
0,-5621.91,-6180.88,-6018.61,-6568.73,-23532.9,-21095.58,-21913.65,-19371.72,0,0,0,0,0,0,0,0,0,0,0,0,0,0,0,0,0,0
0,-5690.57,-6247.67,-6093.98,-6644.37,-26142.69,-22136.54,-23429.1,-19934.72,0,0,0,0,0,0,0,0,0,0,0,0,0,0,0,0,0,0
0,-5835.68,-6408.87,-6232.38,-6780.36,-18732.82,-18050.46,-18169.28,-17402.71,0,0,0,0,0,0,0,0,0,0,0,0,0,0,0,0,0,0
0,-5893.35,-6462.78,-6297.83,-6846.88,-21243.63,-19900.92,-20304.06,-18762.86,0,0,0,0,0,0,0,0,0,0,0,0,0,0,0,0,0,0
0,-6003.32,-6573.56,-6400.29,-6947.46,-19608.83,-18837.42,-19005.33,-18096.87,0,0,0,0,0,0,0,0,0,0,0,0,0,0,0,0,0,0
0,-6067.69,-6639.0,-6475.93,-7027.12,-22102.74,-20550.82,-21027.72,-19307.08,0,0,0,0,0,0,0,0,0,0,0,0,0,0,0,0,0,0
0,-6193.49,-6769.63,-6592.6,-7141.92,-18421.14,-17888.73,-17935.4,-17409.68,0,0,0,0,0,0,0,0,0,0,0,0,0,0,0,0,0,0
0,-6232.65,-6798.33,-6638.74,-7190.73,-23730.58,-21670.64,-22360.77,-20149.02,0,0,0,0,0,0,0,0,0,0,0,0,0,0,0,0,0,0
0,-6295.68,-6859.48,-6707.13,-7263.96,-26892.9,-23040.45,-24298.13,-20919.62,0,0,0,0,0,0,0,0,0,0,0,0,0,0,0,0,0,0
0,-6433.28,-7006.2,-6842.58,-7393.78,-22226.13,-20897.9,-21309.88,-19768.42,0,0,0,0,0,0,0,0,0,0,0,0,0,0,0,0,0,0
0,-6546.2,-7128.24,-6956.58,-7507.5,-19789.61,-19105.91,-19223.39,-18478.28,0,0,0,0,0,0,0,0,0,0,0,0,0,0,0,0,0,0
0,-6573.02,-7140.31,-6989.84,-7547.47,-27424.78,-23486.5,-24761.35,-21362.99,0,0,0,0,0,0,0,0,0,0,0,0,0,0,0,0,0,0
0,-6674.95,-7248.67,-7093.1,-7649.39,-24976.46,-22574.28,-23356.68,-20961.2,0,0,0,0,0,0,0,0,0,0,0,0,0,0,0,0,0,0
0,-6794.84,-7375.27,-7211.12,-7764.46,-21995.19,-20847.2,-21169.07,-19873.56,0,0,0,0,0,0,0,0,0,0,0,0,0,0,0,0,0,0
0,-6846.07,-7417.38,-7265.84,-7825.35,-27456.97,-23798.44,-25004.09,-21752.72,0,0,0,0,0,0,0,0,0,0,0,0,0,0,0,0,0,0
0,-6954.7,-7530.84,-7373.12,-7930.49,-24587.54,-22665.47,-23318.59,-21223.25,0,0,0,0,0,0,0,0,0,0,0,0,0,0,0,0,0,0
0,-7057.43,-7639.47,-7473.71,-8028.39,-22111.86,-21144.39,-21414.49,-20257.92,0,0,0,0,0,0,0,0,0,0,0,0,0,0,0,0,0,0
0,-7094.71,-7670.05,-7516.09,-8078.01,-27111.77,-23987.8,-25066.85,-22061.98,0,0,0,0,0,0,0,0,0,0,0,0,0,0,0,0,0,0
0,-7208.97,-7795.57,-7634.1,-8193.34,-23016.57,-21795.9,-22159.88,-20758.15,0,0,0,0,0,0,0,0,0,0,0,0,0,0,0,0,0,0
0,-7316.26,-7902.32,-7735.22,-8293.12,-21688.08,-20923.65,-21097.72,-20203.47,0,0,0,0,0,0,0,0,0,0,0,0,0,0,0,0,0,0
0,-7348.72,-7928.61,-7778.94,-8344.89,-28235.08,-24593.44,-25809.56,-22552.82,0,0,0,0,0,0,0,0,0,0,0,0,0,0,0,0,0,0
0,-7453.59,-8037.78,-7882.74,-8446.01,-25332.66,-23374.65,-24023.47,-21943.69,0,0,0,0,0,0,0,0,0,0,0,0,0,0,0,0,0,0
0,-7575.9,-8165.72,-7997.54,-8555.98,-21421.2,-20796.24,-20901.65,-20212.32,0,0,0,0,0,0,0,0,0,0,0,0,0,0,0,0,0,0
0,-7612.91,-8192.81,-8039.65,-8605.06,-26572.65,-24258.97,-25092.34,-22605.39,0,0,0,0,0,0,0,0,0,0,0,0,0,0,0,0,0,0
0,-7737.91,-8332.28,-8160.35,-8720.13,-20627.53,-20160.56,-20181.48,-19764.39,0,0,0,0,0,0,0,0,0,0,0,0,0,0,0,0,0,0
0,-7798.52,-8392.36,-8224.99,-8782.89,-21269.65,-20731.33,-20792.49,-20241.83,0,0,0,0,0,0,0,0,0,0,0,0,0,0,0,0,0,0
0,-7864.24,-8463.44,-8295.54,-8853.44,-20822.53,-20335.17,-20362.26,-19919.96,0,0,0,0,0,0,0,0,0,0,0,0,0,0,0,0,0,0
0,-7862.09,-8447.35,-8297.95,-8865.51,-28975.91,-25439.68,-26681.54,-23389.67,0,0,0,0,0,0,0,0,0,0,0,0,0,0,0,0,0,0
0,-7931.56,-8515.21,-8366.62,-8933.37,-29048.86,-25546.43,-26792.59,-23494.01,0,0,0,0,0,0,0,0,0,0,0,0,0,0,0,0,0,0
0,-8066.48,-8663.54,-8492.95,-9052.19,-20669.37,-20243.17,-20235.93,-19918.89,0,0,0,0,0,0,0,0,0,0,0,0,0,0,0,0,0,0
0,-8056.82,-8645.03,-8494.56,-9063.72,-28428.47,-25298.06,-26341.44,-23479.79,0,0,0,0,0,0,0,0,0,0,0,0,0,0,0,0,0,0
0,-8163.84,-8759.56,-8598.63,-9160.82,-22825.06,-4394.0,158171.22,-1019564.84,0,0,0,0,0,0,0,0,0,0,0,0,0,0,0,0,0,0
0,-8204.61,-8807.3,-8649.86,-9217.41,-23902.24,-22967.76,-23223.91,-22114.28,0,0,0,0,0,0,0,0,0,0,0,0,0,0,0,0,0,0
0,-8215.61,-8820.44,-8675.34,-9252.01,-29613.74,-25984.97,-27198.67,-23977.07,0,0,0,0,0,0,0,0,0,0,0,0,0,0,0,0,0,0
0,38.36,-133144.6,-143062.33,-140659.07,-149838.67,-397254.22,-379298.44,-384727.23,0,0,0,0,0,0,0,0,0,0,0,0,0,0,0,0,0,0
0,-8487.05,-9102.08,-8934.44,-9498.24,-20644.16,-20235.93,-20217.15,-19952.95,0,0,0,0,0,0,0,0,0,0,0,0,0,0,0,0,0,0
0,-8544.71,-9131.04,-8982.72,-9553.22,-29403.45,-26364.78,-27522.68,-24401.13,0,0,0,0,0,0,0,0,0,0,0,0,0,0,0,0,0,0
0,-8767.07,-9368.69,-9207.22,-9771.82,-22366.94,-21852.49,-21897.29,-21409.13,0,0,0,0,0,0,0,0,0,0,0,0,0,0,0,0,0,0
0,-8862.56,-9452.64,-9302.71,-9869.73,-26756.38,-25222.69,-25771.74,-23962.32,0,0,0,0,0,0,0,0,0,0,0,0,0,0,0,0,0,0
0,-9066.94,-9674.46,-9515.41,-10079.47,-22228.0,-21795.36,-21794.29,-21470.28,0,0,0,0,0,0,0,0,0,0,0,0,0,0,0,0,0,0
0,-9132.65,-9727.03,-9584.34,-10158.6,-29937.48,-27058.66,-28134.76,-25208.74,0,0,0,0,0,0,0,0,0,0,0,0,0,0,0,0,0,0
0,-9206.95,-9804.28,-9661.05,-10236.65,-29832.6,-26915.7,-27897.39,-25178.43,0,0,0,0,0,0,0,0,0,0,0,0,0,0,0,0,0,0
0,-9279.1,-9880.19,-9734.27,-10310.14,-28705.0,-26488.69,-27262.78,-24974.59,0,0,0,0,0,0,0,0,0,0,0,0,0,0,0,0,0,0
0,-9419.65,-10025.56,-9863.29,-10431.11,-22834.18,-22347.36,-22375.53,-21954.42,0,0,0,0,0,0,0,0,0,0,0,0,0,0,0,0,0,0
0,-9430.65,-10031.73,-9883.94,-10458.47,-28392.26,-26381.94,-27064.03,-24988.27,0,0,0,0,0,0,0,0,0,0,0,0,0,0,0,0,0,0
0,-9509.77,-10108.44,-9959.58,-10532.23,-26970.42,-25654.53,-26094.94,-24566.09,0,0,0,0,0,0,0,0,0,0,0,0,0,0,0,0,0,0
0,-9620.28,-10228.07,-10065.26,-10633.35,-22667.35,-22249.19,-22238.73,-21952.27,0,0,0,0,0,0,0,0,0,0,0,0,0,0,0,0,0,0
0,-9652.47,-10262.4,-10109.25,-10681.09,-24810.7,-24080.07,-24235.64,-23431.78,0,0,0,0,0,0,0,0,0,0,0,0,0,0,0,0,0,0
0,-9681.43,-10279.57,-10135.8,-10711.13,-30142.4,-27604.49,-28587.52,-25873.93,0,0,0,0,0,0,0,0,0,0,0,0,0,0,0,0,0,0
0,-9793.28,-10397.58,-10242.55,-10811.18,-25075.97,-24368.94,-24525.85,-23719.31,0,0,0,0,0,0,0,0,0,0,0,0,0,0,0,0,0,0
0,-9862.48,-10469.47,-10314.97,-10884.14,-25147.59,-24438.14,-24593.71,-23801.66,0,0,0,0,0,0,0,0,0,0,0,0,0,0,0,0,0,0
0,-9894.4,-10498.97,-10352.79,-10927.86,-28431.42,-26660.35,-27250.44,-25388.45,0,0,0,0,0,0,0,0,0,0,0,0,0,0,0,0,0,0
0,-10022.07,-10633.35,-10477.25,-11045.87,-24109.04,-23598.08,-23646.36,-23174.02,0,0,0,0,0,0,0,0,0,0,0,0,0,0,0,0,0,0
0,-10061.5,-10676.27,-10528.21,-11103.0,-27113.65,-25947.42,-26298.52,-24984.24,0,0,0,0,0,0,0,0,0,0,0,0,0,0,0,0,0,0
0,-10124.8,-10739.83,-10593.39,-11171.94,-28460.92,-26875.47,-27409.5,-25659.09,0,0,0,0,0,0,0,0,0,0,0,0,0,0,0,0,0,0
0,-10243.89,-10863.22,-10711.13,-11283.79,-24747.4,-24186.28,-24257.36,-23700.27,0,0,0,0,0,0,0,0,0,0,0,0,0,0,0,0,0,0
0,-10284.66,-10892.99,-10753.51,-11332.07,-29470.77,-27657.33,-28328.42,-26274.12,0,0,0,0,0,0,0,0,0,0,0,0,0,0,0,0,0,0
0,-10346.35,-10955.48,-10814.94,-11393.22,-30265.78,-28135.84,-28942.91,-26593.84,0,0,0,0,0,0,0,0,0,0,0,0,0,0,0,0,0,0
0,-10454.98,-11074.57,-10920.61,-11495.14,-24763.23,-24243.15,-24293.57,-23808.9,0,0,0,0,0,0,0,0,0,0,0,0,0,0,0,0,0,0
0,-10496.02,-11109.71,-10962.73,-11539.4,-27042.84,-26148.05,-26401.79,-25335.07,0,0,0,0,0,0,0,0,0,0,0,0,0,0,0,0,0,0
0,-10586.41,-11209.49,-11054.99,-11627.91,-23922.89,-23513.32,-23496.69,-23240.0,0,0,0,0,0,0,0,0,0,0,0,0,0,0,0,0,0,0
0,-10596.07,-11207.61,-11065.72,-11646.96,-29984.42,-28138.25,-28823.29,-26741.63,0,0,0,0,0,0,0,0,0,0,0,0,0,0,0,0,0,0
0,-10691.29,-11311.95,-11163.09,-2249995.04,-21407.52,-22644.55,-22341.46,-23496.42,0,0,0,0,0,0,0,0,0,0,0,0,0,0,0,0,0,0
0,-10765.85,-11388.39,-11235.24,-11814.33,-25080.53,-24570.11,-24615.17,-24149.0,0,0,0,0,0,0,0,0,0,0,0,0,0,0,0,0,0,0
0,-10824.32,-11439.62,-11291.83,-11870.12,-26460.26,-25781.93,-25925.16,-25168.24,0,0,0,0,0,0,0,0,0,0,0,0,0,0,0,0,0,0
0,-10904.52,-11527.6,-11376.05,-11953.27,-24510.56,-24079.53,-24077.12,-23775.64,0,0,0,0,0,0,0,0,0,0,0,0,0,0,0,0,0,0
0,-10974.8,-11601.63,-11447.67,-12026.76,-24483.47,-24050.57,-24049.22,-23744.79,0,0,0,0,0,0,0,0,0,0,0,0,0,0,0,0,0,0
0,-11040.51,-11665.46,-11510.16,-12086.57,-24348.56,-23938.45,-23923.16,-23668.35,0,0,0,0,0,0,0,0,0,0,0,0,0,0,0,0,0,0
0,-11079.94,-11696.04,-11551.2,-12130.02,-27238.91,-26389.99,-26600.81,-25662.57,0,0,0,0,0,0,0,0,0,0,0,0,0,0,0,0,0,0
0,-11166.84,-11784.02,-11631.4,-12207.54,-25533.29,-25006.24,-25059.34,-24573.33,0,0,0,0,0,0,0,0,0,0,0,0,0,0,0,0,0,0
0,-11164.7,-11784.82,-11642.13,-12228.19,-30185.58,-28425.78,-29013.99,-27170.51,0,0,0,0,0,0,0,0,0,0,0,0,0,0,0,0,0,0
0,-11203.59,-11817.81,-11681.02,-12268.96,-33489.8,-30034.31,-31230.84,-28140.4,0,0,0,0,0,0,0,0,0,0,0,0,0,0,0,0,0,0
0,-11273.33,-11882.72,-11744.32,-12332.8,-4394.0,158158.88,-773483.68,-527389.38,0,0,0,0,0,0,0,0,0,0,0,0,0,0,0,0,0,0
0,-11361.84,-11978.75,-11835.25,-12418.09,-28663.96,-27547.09,-27888.81,-26637.29,0,0,0,0,0,0,0,0,0,0,0,0,0,0,0,0,0,0
0,-11401.53,-12018.71,-11879.77,-12463.96,-30880.81,-28975.64,-29632.24,-27651.7,0,0,0,0,0,0,0,0,0,0,0,0,0,0,0,0,0,0
0,-11494.34,-12119.29,-11971.5,-12554.62,-26491.38,-25912.29,-25997.04,-25429.22,0,0,0,0,0,0,0,0,0,0,0,0,0,0,0,0,0,0
0,-11541.55,-12162.21,-12020.32,-12602.63,-28238.03,-27304.08,-27563.45,-26520.34,0,0,0,0,0,0,0,0,0,0,0,0,0,0,0,0,0,0
0,-11582.58,-12208.61,-12068.06,-12657.35,-29600.06,-28203.16,-28640.9,-27167.83,0,0,0,0,0,0,0,0,0,0,0,0,0,0,0,0,0,0
0,-11655.27,-12287.2,-12142.9,-12728.96,-27742.63,-26905.51,-27103.46,-26220.2,0,0,0,0,0,0,0,0,0,0,0,0,0,0,0,0,0,0
0,-11731.98,-12360.16,-12216.12,-12798.7,-26950.57,-26335.0,-26439.07,-25824.58,0,0,0,0,0,0,0,0,0,0,0,0,0,0,0,0,0,0
0,-11737.88,-12358.01,-12224.17,-12816.94,-34324.5,-30744.02,-31964.96,-28855.21,0,0,0,0,0,0,0,0,0,0,0,0,0,0,0,0,0,0
0,-11858.05,-12494.8,-12346.75,-12932.27,-25574.86,-25149.47,-25146.52,-24860.32,0,0,0,0,0,0,0,0,0,0,0,0,0,0,0,0,0,0
0,-11909.01,-12541.74,-12398.24,-12981.09,-26741.36,-26197.14,-26263.66,-25756.99,0,0,0,0,0,0,0,0,0,0,0,0,0,0,0,0,0,0
0,-11954.07,-12583.58,-12443.57,-13028.03,-28467.09,-27610.39,-27833.82,-26886.2,0,0,0,0,0,0,0,0,0,0,0,0,0,0,0,0,0,0
0,-12040.97,-12677.46,-12530.74,-13112.52,-25530.61,-25115.94,-25104.94,-24849.86,0,0,0,0,0,0,0,0,0,0,0,0,0,0,0,0,0,0
0,-12087.11,-12722.25,-12577.95,-13160.26,-26642.92,-26150.2,-26188.29,-25770.67,0,0,0,0,0,0,0,0,0,0,0,0,0,0,0,0,0,0
0,-12127.88,-12762.49,-12621.4,-13205.86,-28186.53,-27441.15,-27609.86,-26814.31,0,0,0,0,0,0,0,0,0,0,0,0,0,0,0,0,0,0
0,-12209.15,-12849.66,-12702.41,-13283.37,-25798.02,-25384.43,-25371.55,-25115.67,0,0,0,0,0,0,0,0,0,0,0,0,0,0,0,0,0,0
0,-12237.31,-12874.87,-12733.52,-13320.12,-28343.44,-27540.12,-27724.39,-26884.32,0,0,0,0,0,0,0,0,0,0,0,0,0,0,0,0,0,0
0,-12307.59,-1124997.38,-12263.06,-12888.55,-12752.56,-13345.87,-34213.72,-31112.02,0,0,0,0,0,0,0,0,0,0,0,0,0,0,0,0,0,0
0,-12329.85,-12961.51,-12824.98,-13418.29,-32349.86,-30230.91,-30934.45,-28871.03,0,0,0,0,0,0,0,0,0,0,0,0,0,0,0,0,0,0
0,-12375.44,-13001.47,-12867.63,-13460.4,-35327.11,-31587.84,-32834.8,-29679.99,0,0,0,0,0,0,0,0,0,0,0,0,0,0,0,0,0,0
0,-12500.97,-13139.61,-12994.77,-13577.34,-26742.97,-26281.63,-26302.28,-25942.86,0,0,0,0,0,0,0,0,0,0,0,0,0,0,0,0,0,0
0,-12546.03,-13179.84,-13039.29,-13625.35,-28434.64,-27741.28,-27881.83,-27166.76,0,0,0,0,0,0,0,0,0,0,0,0,0,0,0,0,0,0
0,-12590.83,-13221.41,-13083.82,-13672.56,-30308.7,-29170.1,-29521.2,-28260.83,0,0,0,0,0,0,0,0,0,0,0,0,0,0,0,0,0,0
0,-12679.61,-13320.92,-13173.94,-13758.93,-26697.1,-26261.24,-26265.27,-25959.49,0,0,0,0,0,0,0,0,0,0,0,0,0,0,0,0,0,0
0,-12725.47,-13362.77,-13221.95,-13808.01,-28042.5,-27450.53,-27540.39,-26971.22,0,0,0,0,0,0,0,0,0,0,0,0,0,0,0,0,0,0
0,-12783.68,-13419.36,-13279.62,-13867.56,-28814.44,-28104.19,-28255.46,-27508.2,0,0,0,0,0,0,0,0,0,0,0,0,0,0,0,0,0,0
0,-12823.91,-13457.72,-13322.0,-13912.62,-30779.96,-29603.54,-29979.32,-28658.6,0,0,0,0,0,0,0,0,0,0,0,0,0,0,0,0,0,0
0,-12864.95,-13496.88,-13363.57,-13956.61,-33123.14,-31044.96,-31761.11,-29663.36,0,0,0,0,0,0,0,0,0,0,0,0,0,0,0,0,0,0
0,-12956.41,-13596.39,-13457.45,-14045.92,-28491.23,-27884.78,-27986.71,-27381.33,0,0,0,0,0,0,0,0,0,0,0,0,0,0,0,0,0,0
0,-13027.22,-13671.49,-13530.14,-14117.54,-26965.05,-26541.8,-26537.51,-26262.31,0,0,0,0,0,0,0,0,0,0,0,0,0,0,0,0,0,0
0,-13085.69,-13730.23,-13587.0,-14175.48,-27135.37,-26710.24,-26707.29,-26423.78,0,0,0,0,0,0,0,0,0,0,0,0,0,0,0,0,0,0
0,-13087.04,-13720.57,-13589.95,-14186.2,-34413.28,-31868.4,-32773.38,-30275.7,0,0,0,0,0,0,0,0,0,0,0,0,0,0,0,0,0,0
0,-13196.2,-13842.08,-13703.14,-14293.49,-27963.91,-27453.75,-27497.2,-27065.9,0,0,0,0,0,0,0,0,0,0,0,0,0,0,0,0,0,0
0,-13235.36,-13874.53,-13740.15,-14332.38,-30941.16,-29872.3,-30195.24,-29001.65,0,0,0,0,0,0,0,0,0,0,0,0,0,0,0,0,0,0
0,-13277.47,-13914.23,-13782.26,-14378.52,-33131.18,-31309.43,-31942.43,-30027.06,0,0,0,0,0,0,0,0,0,0,0,0,0,0,0,0,0,0
0,-13322.53,-13958.75,-13828.93,-14428.41,-35637.44,-32464.66,-33528.69,-30720.68,0,0,0,0,0,0,0,0,0,0,0,0,0,0,0,0,0,0
0,-13433.04,-14074.09,-13937.83,-14529.26,-29467.29,-28794.86,-28930.04,-28227.84,0,0,0,0,0,0,0,0,0,0,0,0,0,0,0,0,0,0
0,-13507.34,-14157.24,-14015.88,-14606.51,-27717.14,-27276.73,-27282.09,-26974.44,0,0,0,0,0,0,0,0,0,0,0,0,0,0,0,0,0,0
0,-13566.35,-14215.17,-14074.89,-14664.98,-27753.62,-8788.53,316300.32,-281360.26,0,0,0,0,0,0,0,0,0,0,0,0,0,0,0,0,0,0
0,-13622.14,-14268.01,-14129.34,-14719.96,-28400.57,-27917.24,-27952.11,-27552.19,0,0,0,0,0,0,0,0,0,0,0,0,0,0,0,0,0,0
0,-13676.85,-14329.17,-14189.69,-14781.39,-28124.84,-27658.94,-27680.13,-27324.74,0,0,0,0,0,0,0,0,0,0,0,0,0,0,0,0,0,0
0,-13743.37,-14391.93,-14253.26,-14843.35,-27861.98,-27444.9,-27436.05,-27179.09,0,0,0,0,0,0,0,0,0,0,0,0,0,0,0,0,0,0
0,-13735.32,-14372.89,-14244.41,-14844.95,-36259.18,-33044.55,-34140.23,-31274.83,0,0,0,0,0,0,0,0,0,0,0,0,0,0,0,0,0,0
0,-13799.43,-14438.06,-14309.85,-14910.4,-35819.03,-32996.27,-34002.37,-31304.33,0,0,0,0,0,0,0,0,0,0,0,0,0,0,0,0,0,0
0,-13867.83,-14510.75,-14381.2,-14981.48,-34166.25,-32124.82,-32805.83,-30793.1,0,0,0,0,0,0,0,0,0,0,0,0,0,0,0,0,0,0
0,-13913.96,-14550.98,-14421.97,-15022.79,-37156.64,-33516.08,-34747.48,-31625.93,0,0,0,0,0,0,0,0,0,0,0,0,0,0,0,0,0,0
0,-14019.64,-14666.86,-14532.21,-15126.05,-30245.93,-29518.78,-29671.13,-28925.48,0,0,0,0,0,0,0,0,0,0,0,0,0,0,0,0,0,0
0,-14091.79,-14741.96,-14604.9,-15196.32,-28799.15,-28310.72,-28344.51,-27951.3,0,0,0,0,0,0,0,0,0,0,0,0,0,0,0,0,0,0
0,-14152.68,-14806.87,-14667.66,-15259.36,-28318.76,-27897.66,-27892.02,-27630.24,0,0,0,0,0,0,0,0,0,0,0,0,0,0,0,0,0,0
0,-14216.25,-14864.0,-14727.74,-15317.29,-28567.67,-28137.45,-28139.86,-27850.45,0,0,0,0,0,0,0,0,0,0,0,0,0,0,0,0,0,0
0,-14214.1,-14855.15,-14726.67,-15326.68,-35696.45,-33158.01,-34040.99,-31600.18,0,0,0,0,0,0,0,0,0,0,0,0,0,0,0,0,0,0
0,-14279.28,-14923.28,-14796.41,-15394.27,-34119.04,-32336.45,-32931.09,-31106.12,0,0,0,0,0,0,0,0,0,0,0,0,0,0,0,0,0,0
0,-14320.85,-14959.75,-14833.15,-15434.77,-37515.52,-33972.06,-35173.95,-32106.58,0,0,0,0,0,0,0,0,0,0,0,0,0,0,0,0,0,0
0,-14384.69,-15025.2,-14896.72,-15499.68,-562498.42,2242786.06,2242460.98,-7471.83,0,0,0,0,0,0,0,0,0,0,0,0,0,0,0,0,0,0
0,-14449.33,-15093.33,-14966.73,-15565.4,-34952.94,-32911.78,-33608.35,-31559.95,0,0,0,0,0,0,0,0,0,0,0,0,0,0,0,0,0,0
0,-14562.52,-15216.17,-14899.67,2470.85,-1376862.19,-2036316.58,-1903656.66,1986051.44,0,0,0,0,0,0,0,0,0,0,0,0,0,0,0,0,0,0
0,-14611.07,-15262.84,-15129.27,-15721.77,-29498.13,-29042.96,-29062.81,-28721.1,0,0,0,0,0,0,0,0,0,0,0,0,0,0,0,0,0,0
0,-14658.81,-15308.98,-15176.48,-15771.39,-30779.69,-30155.27,-30270.61,-29641.36,0,0,0,0,0,0,0,0,0,0,0,0,0,0,0,0,0,0
0,-14730.69,-15387.57,-15251.58,-15844.35,-28993.88,-28572.77,-28568.75,-28310.18,0,0,0,0,0,0,0,0,0,0,0,0,0,0,0,0,0,0
0,-14753.49,-15409.02,-15279.47,-15877.34,-32170.15,-31224.67,-31474.92,-30472.58,0,0,0,0,0,0,0,0,0,0,0,0,0,0,0,0,0,0
0,-14833.15,-15485.73,-15354.84,-15950.03,-30473.65,-29926.75,-30000.51,-29494.91,0,0,0,0,0,0,0,0,0,0,0,0,0,0,0,0,0,0
0,-14848.17,-15498.88,-15371.74,-15973.63,-35841.29,-33630.34,-34397.72,-32206.89,0,0,0,0,0,0,0,0,0,0,0,0,0,0,0,0,0,0
0,-14958.14,-15619.85,-15485.47,-16078.5,-29321.64,-28900.54,-28895.44,-28639.82,0,0,0,0,0,0,0,0,0,0,0,0,0,0,0,0,0,0
0,-14975.58,-15624.4,-15497.54,-16097.01,-35234.3,-33436.96,-34075.86,-32165.05,0,0,0,0,0,0,0,0,0,0,0,0,0,0,0,0,0,0
0,-15026.27,-15672.42,-15544.74,-16147.44,-36930.8,-34354.54,-35293.31,-32745.48,0,0,0,0,0,0,0,0,0,0,0,0,0,0,0,0,0,0
0,-15078.04,-15722.57,-15595.17,-16199.74,-38260.1,-34888.03,-36073.03,-33053.4,0,0,0,0,0,0,0,0,0,0,0,0,0,0,0,0,0,0
0,-15134.1,-15779.97,-15652.03,-16256.6,-38543.88,-35028.31,-36261.86,-33152.37,0,0,0,0,0,0,0,0,0,0,0,0,0,0,0,0,0,0
0,-15189.08,-15837.1,-15710.77,-16316.41,-37977.67,-34866.04,-35972.45,-33105.7,0,0,0,0,0,0,0,0,0,0,0,0,0,0,0,0,0,0
0,-15251.04,-15901.48,-15776.22,-16381.59,-36915.78,-34402.28,-35268.9,-32876.37,0,0,0,0,0,0,0,0,0,0,0,0,0,0,0,0,0,0
0,-15303.34,-15948.15,-15822.35,-16430.14,-38669.95,-35233.5,-36461.68,-33365.61,0,0,0,0,0,0,0,0,0,0,0,0,0,0,0,0,0,0
0,-15390.78,-16047.66,-15918.91,-16521.6,-33073.25,-32102.83,-32374.26,-31326.86,0,0,0,0,0,0,0,0,0,0,0,0,0,0,0,0,0,0
0,-15424.04,-16072.6,-15947.61,-16551.64,-37584.99,-34830.36,-35794.08,-33216.48,0,0,0,0,0,0,0,0,0,0,0,0,0,0,0,0,0,0
0,-15489.76,-16141.53,-16013.33,-16618.7,-35896.81,-34012.29,-34661.12,-32736.9,0,0,0,0,0,0,0,0,0,0,0,0,0,0,0,0,0,0
0,-15556.28,-16215.03,-16084.4,-16688.71,-34036.7,-32850.36,-33215.67,-31942.43,0,0,0,0,0,0,0,0,0,0,0,0,0,0,0,0,0,0
0,-15589.0,-16240.51,-16114.98,-16721.16,-38250.72,-35234.3,-36287.34,-33533.52,0,0,0,0,0,0,0,0,0,0,0,0,0,0,0,0,0,0
0,-15644.52,-16294.96,-16166.75,-16775.34,-38854.75,-35556.17,-36730.17,-33742.19,0,0,0,0,0,0,0,0,0,0,0,0,0,0,0,0,0,0
0,-15732.23,-16386.96,-16260.09,-16863.05,-34230.62,-33115.9,-33469.41,-32228.89,0,0,0,0,0,0,0,0,0,0,0,0,0,0,0,0,0,0
0,-15818.33,-16481.37,-16349.94,-16946.73,-30571.82,-30134.35,-30141.06,-29846.82,0,0,0,0,0,0,0,0,0,0,0,0,0,0,0,0,0,0
0,-15815.65,-16472.52,-16347.26,-16956.12,-37698.72,-35116.56,-36005.17,-33586.36,0,0,0,0,0,0,0,0,0,0,0,0,0,0,0,0,0,0
0,-15879.21,-16539.84,-16414.32,-17022.64,-35934.09,-34206.75,-34785.3,-33025.24,0,0,0,0,0,0,0,0,0,0,0,0,0,0,0,0,0,0
0,-15928.3,-16584.1,-16459.91,-17069.31,-36991.69,-34916.73,-35655.68,-33541.83,0,0,0,0,0,0,0,0,0,0,0,0,0,0,0,0,0,0
0,-16016.81,-16679.59,-16552.18,-17155.14,-32382.85,-31763.26,-31879.13,-31258.73,0,0,0,0,0,0,0,0,0,0,0,0,0,0,0,0,0,0
0,-16087.89,-16755.76,-16625.41,-17226.22,-30675.35,-30252.37,-30250.49,-29992.46,0,0,0,0,0,0,0,0,0,0,0,0,0,0,0,0,0,0
0,-16142.07,-16809.4,-16678.51,-17278.79,-30988.9,-30556.0,-30562.43,-30276.51,0,0,0,0,0,0,0,0,0,0,0,0,0,0,0,0,0,0
0,-16188.74,-16853.39,-16724.92,-17326.27,-32186.24,-31633.44,-31711.49,-31200.53,0,0,0,0,0,0,0,0,0,0,0,0,0,0,0,0,0,0
0,-16200.28,-16855.54,-16731.89,-17343.43,-39523.43,-36232.89,-37406.36,-34425.62,0,0,0,0,0,0,0,0,0,0,0,0,0,0,0,0,0,0
0,-16257.14,-16911.87,-16787.68,-17399.76,-39963.31,-36408.58,-37653.12,-34538.81,0,0,0,0,0,0,0,0,0,0,0,0,0,0,0,0,0,0
0,-17037.12,-17698.56,-17572.49,-18180.55,-36048.09,-34771.36,-35174.49,-33827.49,0,0,0,0,0,0,0,0,0,0,0,0,0,0,0,0,0,0
0,-17119.74,-17780.1,-17651.35,-18254.58,-33046.96,-32515.62,-32584.28,-32113.55,0,0,0,0,0,0,0,0,0,0,0,0,0,0,0,0,0,0
0,-17162.65,-17821.4,-17693.73,-18299.1,-34810.25,-33980.1,-34200.85,-33301.5,0,0,0,0,0,0,0,0,0,0,0,0,0,0,0,0,0,0
0,-17181.7,-17835.62,-17710.09,-18325.12,-40931.85,-37462.95,-38702.67,-35618.13,0,0,0,0,0,0,0,0,0,0,0,0,0,0,0,0,0,0
0,-17241.24,-17895.7,-17770.71,-18384.4,-40573.51,-37351.37,-38497.75,-35590.77,0,0,0,0,0,0,0,0,0,0,0,0,0,0,0,0,0,0
0,-17302.93,-17959.8,-17834.55,-18449.58,-39580.56,-36924.63,-37841.95,-35380.22,0,0,0,0,0,0,0,0,0,0,0,0,0,0,0,0,0,0
0,-17382.06,-18039.73,-17913.4,-18522.53,-36376.93,-35194.34,-35582.19,-34275.95,0,0,0,0,0,0,0,0,0,0,0,0,0,0,0,0,0,0
0,-17426.85,-18082.65,-17957.39,-18568.93,-38412.19,-36499.23,-37193.39,-35196.22,0,0,0,0,0,0,0,0,0,0,0,0,0,0,0,0,0,0
0,-17473.79,-1124997.38,-17471.91,-18130.39,-18005.67,-18620.16,-40221.6,-37332.33,0,0,0,0,0,0,0,0,0,0,0,0,0,0,0,0,0,0
0,-17537.36,-18198.52,-1124997.38,-17581.61,-18252.43,-18122.35,-18727.99,-32746.02,0,0,0,0,0,0,0,0,0,0,0,0,0,0,0,0,0,0
0,-17605.75,-18270.94,-18145.95,-19774.86,79066.97,-2144566.78,-1608433.67,-1836950.38,0,0,0,0,0,0,0,0,0,0,0,0,0,0,0,0,0,0
0,1235.16,-32547.27,-369827.56,-306793.5,-620728.38,1614577.0,-1297898.22,-1851471.86,0,0,0,0,0,0,0,0,0,0,0,0,0,0,0,0,0,0
0,-17699.9,-18354.36,-18230.17,-18845.2,-41189.61,-37938.24,-39101.78,-36165.57,0,0,0,0,0,0,0,0,0,0,0,0,0,0,0,0,0,0
0,-17755.96,-18410.42,-18287.3,-18901.53,-41670.53,-38132.16,-39377.78,-36288.95,0,0,0,0,0,0,0,0,0,0,0,0,0,0,0,0,0,0
0,-17846.88,-18512.88,-18388.96,-18968.05,617.44,-75737.0,-246437.09,-213821.42,0,0,0,0,0,0,0,0,0,0,0,0,0,0,0,0,0,0
0,-17922.52,-18586.9,-18460.3,-35155.72,1265066.1,1686920.48,-575.07,1265030.16,0,0,0,0,0,0,0,0,0,0,0,0,0,0,0,0,0,0
0,-17966.51,-18624.72,617.44,-91529.85,-259346.02,-227691.66,-385345.75,-1635795.96,0,0,0,0,0,0,0,0,0,0,0,0,0,0,0,0,0,0
0,-18010.5,-18670.05,-18545.33,-19156.34,-38091.13,-36582.65,-37113.73,-35478.65,0,0,0,0,0,0,0,0,0,0,0,0,0,0,0,0,0,0
0,-18097.67,-18763.39,-18636.79,-19241.9,-33915.73,-33416.03,-33466.46,-33050.45,0,0,0,0,0,0,0,0,0,0,0,0,0,0,0,0,0,0
0,-18140.32,-18804.97,-18680.25,-19289.11,-35560.73,-34814.27,-34998.54,-34204.6,0,0,0,0,0,0,0,0,0,0,0,0,0,0,0,0,0,0
0,-18216.76,-18887.31,-18760.98,-19365.28,-33097.66,-32678.7,-32674.67,-32432.47,0,0,0,0,0,0,0,0,0,0,0,0,0,0,0,0,0,0
0,-18230.44,-18889.46,-18766.88,-19380.03,-39628.3,-37587.67,-38332.79,-36239.06,0,0,0,0,0,0,0,0,0,0,0,0,0,0,0,0,0,0
0,-18300.71,-18959.2,-18837.69,-19449.24,-39466.29,-37533.76,-38236.23,-36231.82,0,0,0,0,0,0,0,0,0,0,0,0,0,0,0,0,0,0
0,-18386.01,-19051.73,-18926.74,-19532.92,-35056.47,-34448.15,-34558.92,-33969.37,0,0,0,0,0,0,0,0,0,0,0,0,0,0,0,0,0,0
0,-18430.8,-19092.5,-18969.39,-19578.52,-36976.4,-35975.13,-36282.24,-35175.83,0,0,0,0,0,0,0,0,0,0,0,0,0,0,0,0,0,0
0,-18472.64,-19134.61,-19012.04,-19622.77,-39033.92,-37368.27,-37965.33,-36189.71,0,0,0,0,0,0,0,0,0,0,0,0,0,0,0,0,0,0
0,-18560.08,-19231.44,-19103.5,-19708.87,-34710.2,-34174.83,-34246.18,-33772.77,0,0,0,0,0,0,0,0,0,0,0,0,0,0,0,0,0,0
0,-18607.56,-19272.21,-19146.95,-19756.08,-36508.35,-35669.09,-35898.15,-34988.08,0,0,0,0,0,0,0,0,0,0,0,0,0,0,0,0,0,0
0,-18651.81,-19317.54,-19192.55,-19806.51,-38434.72,-36979.08,-37458.93,-35950.45,0,0,0,0,0,0,0,0,0,0,0,0,0,0,0,0,0,0
0,-18747.57,-19417.85,-19289.11,-19897.16,-34001.56,-33563.56,-33576.43,-33286.22,0,0,0,0,0,0,0,0,0,0,0,0,0,0,0,0,0,0
0,-18795.04,-19463.18,-19337.12,-19944.37,-35220.63,-34652.53,-34742.92,-34218.82,0,0,0,0,0,0,0,0,0,0,0,0,0,0,0,0,0,0
0,-18809.53,-19469.62,-19344.63,-19961.81,-42586.78,-39257.35,-40445.3,-37473.41,0,0,0,0,0,0,0,0,0,0,0,0,0,0,0,0,0,0
0,-18885.43,-19546.6,-19422.68,-20035.3,-39175.01,-37628.44,-38175.88,-36518.01,0,0,0,0,0,0,0,0,0,0,0,0,0,0,0,0,0,0
0,-18932.11,-19592.2,-19468.55,-20084.11,-41110.76,-38730.56,-39597.45,-37251.86,0,0,0,0,0,0,0,0,0,0,0,0,0,0,0,0,0,0
0,-18988.43,-19651.47,-19527.82,-20144.46,-41054.97,-38651.71,-39492.04,-37208.68,0,0,0,0,0,0,0,0,0,0,0,0,0,0,0,0,0,0
0,-19095.99,-19770.3,-19641.82,-20250.68,-34154.18,-33724.76,-33729.59,-33467.8,0,0,0,0,0,0,0,0,0,0,0,0,0,0,0,0,0,0
0,-19118.25,-19781.29,-19656.3,-19774.86,79064.02,-421913.11,404258.54,52694.68,0,0,0,0,0,0,0,0,0,0,0,0,0,0,0,0,0,0
0,-19196.3,-19865.78,-19742.67,-20354.21,-36493.07,-35745.27,-35916.66,-35163.76,0,0,0,0,0,0,0,0,0,0,0,0,0,0,0,0,0,0
0,-19267.11,-19940.62,-19812.94,-20422.88,-35030.72,-34531.03,-34576.89,-34180.46,0,0,0,0,0,0,0,0,0,0,0,0,0,0,0,0,0,0
0,-19293.4,-19960.2,-19836.28,-20451.31,-39182.78,-37725.0,-38209.14,-36699.86,0,0,0,0,0,0,0,0,0,0,0,0,0,0,0,0,0,0
0,-19344.36,-20002.31,-19879.73,-20495.03,-41290.73,-39053.23,-39872.92,-37635.95,0,0,0,0,0,0,0,0,0,0,0,0,0,0,0,0,0,0
0,-19398.81,-20057.83,-19933.64,-20550.55,-41765.22,-39236.7,-40125.58,-37748.61,0,0,0,0,0,0,0,0,0,0,0,0,0,0,0,0,0,0
0,-19448.7,-20104.5,-19978.97,-20597.76,-43536.81,-40050.48,-41291.0,-38233.55,0,0,0,0,0,0,0,0,0,0,0,0,0,0,0,0,0,0
0,-19515.49,-20175.31,-20049.78,-20664.54,-40927.29,-38958.28,-39680.07,-37647.49,0,0,0,0,0,0,0,0,0,0,0,0,0,0,0,0,0,0
0,-19599.71,-20265.16,-20140.44,-20750.11,-36481.0,-35861.94,-35981.57,-35378.34,0,0,0,0,0,0,0,0,0,0,0,0,0,0,0,0,0,0
0,-19665.15,-20337.05,-20212.06,-20819.84,-34735.95,-34311.89,-34314.57,-34062.18,0,0,0,0,0,0,0,0,0,0,0,0,0,0,0,0,0,0
0,-19690.1,38.36,-315534.82,-326255.07,-324250.93,-333966.96,-560349.71,-553418.88,0,0,0,0,0,0,0,0,0,0,0,0,0,0,0,0,0,0
0,-19727.11,-20388.01,-20265.97,-20883.41,-43009.49,-40011.59,-41073.47,-38361.49,0,0,0,0,0,0,0,0,0,0,0,0,0,0,0,0,0,0
0,-19782.1,-20441.65,-20317.47,-20935.98,-43582.41,-40328.89,-41504.5,-38568.83,0,0,0,0,0,0,0,0,0,0,0,0,0,0,0,0,0,0
0,-19855.32,-20518.1,-20394.18,-21007.87,-40104.39,-38624.62,-39147.38,-37550.93,0,0,0,0,0,0,0,0,0,0,0,0,0,0,0,0,0,0
0,-19939.01,-20610.36,-20484.03,-21093.16,-35957.16,-35457.2,-35510.04,-35102.61,0,0,0,0,0,0,0,0,0,0,0,0,0,0,0,0,0,0
0,-19951.61,-20611.97,-20487.52,-21105.23,-43517.5,-40424.92,-41545.27,-38712.06,0,0,0,0,0,0,0,0,0,0,0,0,0,0,0,0,0,0
0,-20005.79,-20665.35,-20541.16,-21161.02,-44190.2,-40685.09,-41927.22,-38869.5,0,0,0,0,0,0,0,0,0,0,0,0,0,0,0,0,0,0
0,-20073.39,-20734.28,-20611.17,-21226.2,-41777.55,-39699.11,-40455.76,-38349.42,0,0,0,0,0,0,0,0,0,0,0,0,0,0,0,0,0,0
0,-20122.74,-20783.37,-20662.67,-21281.72,-42907.84,-40200.15,-41146.16,-38658.68,0,0,0,0,0,0,0,0,0,0,0,0,0,0,0,0,0,0
0,-20187.65,-20852.03,-20731.06,-21349.85,-41149.92,-39315.82,-39942.92,-38118.75,0,0,0,0,0,0,0,0,0,0,0,0,0,0,0,0,0,0
0,-20231.9,-20890.65,-20768.88,-21388.47,-44375.81,-40881.96,-42098.08,-39092.93,0,0,0,0,0,0,0,0,0,0,0,0,0,0,0,0,0,0
0,-20292.79,-20953.69,-20831.65,-21451.24,-43481.56,-40561.17,-41578.53,-38950.24,0,0,0,0,0,0,0,0,0,0,0,0,0,0,0,0,0,0
0,-20357.97,-21020.47,-20899.51,-21517.75,-42887.72,-40330.77,-41222.34,-38844.29,0,0,0,0,0,0,0,0,0,0,0,0,0,0,0,0,0,0
0,-20409.73,-21066.07,-20945.1,-21564.69,-44734.42,-41151.53,-42400.36,-39331.92,0,0,0,0,0,0,0,0,0,0,0,0,0,0,0,0,0,0
0,-20497.98,-21170.41,-21049.98,-21664.74,-36728.83,-36249.79,-36289.49,-35922.83,0,0,0,0,0,0,0,0,0,0,0,0,0,0,0,0,0,0
0,-20536.33,-21214.13,-21092.62,-21712.48,-37773.55,-37134.92,-37265.81,-36630.66,0,0,0,0,0,0,0,0,0,0,0,0,0,0,0,0,0,0
0,-20570.4,-21243.36,-21121.32,-21743.87,-40785.67,-39383.68,-39877.21,-38341.91,0,0,0,0,0,0,0,0,0,0,0,0,0,0,0,0,0,0
0,-20642.82,-21322.49,-21202.86,-21822.45,-37687.18,-37053.11,-37172.74,-36559.85,0,0,0,0,0,0,0,0,0,0,0,0,0,0,0,0,0,0
0,-20687.88,-21360.85,-21240.68,-21861.08,-39495.8,-38541.2,-38833.56,-37770.06,0,0,0,0,0,0,0,0,0,0,0,0,0,0,0,0,0,0
0,-20706.39,-21377.74,-21257.85,-21884.68,-44862.36,-41422.7,-42602.87,-39648.68,0,0,0,0,0,0,0,0,0,0,0,0,0,0,0,0,0,0
0,-20796.51,-21475.64,-21356.29,-21972.66,-38108.56,-37460.81,-37598.14,-36937.78,0,0,0,0,0,0,0,0,0,0,0,0,0,0,0,0,0,0
0,-20830.57,-21505.15,-21387.13,-22008.87,-42011.17,-40149.45,-40778.97,-38937.36,0,0,0,0,0,0,0,0,0,0,0,0,0,0,0,0,0,0
0,-20931.16,-21587.49,-21467.33,-22081.82,-41323.19,-39872.65,-40388.71,-38808.08,0,0,0,0,0,0,0,0,0,0,0,0,0,0,0,0,0,0
0,-21009.48,-21676.27,-21553.7,-22165.78,-37308.72,-36809.83,-36862.67,-36456.32,0,0,0,0,0,0,0,0,0,0,0,0,0,0,0,0,0,0
0,-21056.68,-21721.87,-21600.37,-22221.57,-42604.48,-40606.23,-41303.88,-39321.72,0,0,0,0,0,0,0,0,0,0,0,0,0,0,0,0,0,0
0,-21162.09,-21827.82,-21705.78,-22324.3,-40841.73,-39640.1,-40044.04,-38713.67,0,0,0,0,0,0,0,0,0,0,0,0,0,0,0,0,0,0
0,-21192.67,-21857.32,-21736.09,-22358.09,-44597.63,-41701.38,-42755.76,-40050.21,0,0,0,0,0,0,0,0,0,0,0,0,0,0,0,0,0,0
0,-21289.77,-21958.44,-21838.01,-22456.8,-41186.66,-39850.12,-40294.02,-38877.82,0,0,0,0,0,0,0,0,0,0,0,0,0,0,0,0,0,0
0,-21354.94,-22026.03,-21905.87,-22524.66,-40410.16,-39327.89,-39658.34,-38510.35,0,0,0,0,0,0,0,0,0,0,0,0,0,0,0,0,0,0
0,-21394.91,-22060.37,-21940.2,-22563.28,-45647.18,-42235.41,-43445.08,-40442.35,0,0,0,0,0,0,0,0,0,0,0,0,0,0,0,0,0,0
0,-21490.93,-22164.97,-22045.08,-22659.3,-38253.94,-37692.28,-37782.13,-37273.05,0,0,0,0,0,0,0,0,0,0,0,0,0,0,0,0,0,0
0,-21517.22,-22185.89,-22065.73,-22688.54,-44318.95,-41733.57,-42643.64,-40223.75,0,0,0,0,0,0,0,0,0,0,0,0,0,0,0,0,0,0
0,-21593.12,-22262.07,-22142.44,-22760.96,-41131.41,-39965.99,-40346.86,-39078.71,0,0,0,0,0,0,0,0,0,0,0,0,0,0,0,0,0,0
0,-21617.0,-22287.82,-22165.78,-22789.93,-45415.7,-42270.28,-43371.05,-40579.14,0,0,0,0,0,0,0,0,0,0,0,0,0,0,0,0,0,0
0,-21676.27,-22342.0,-22221.3,-22844.91,-45509.04,-42416.99,-43542.98,-40698.5,0,0,0,0,0,0,0,0,0,0,0,0,0,0,0,0,0,0
0,-21726.43,-22390.81,-22271.46,-22894.53,-46072.31,-42598.85,-43811.2,-40809.01,0,0,0,0,0,0,0,0,0,0,0,0,0,0,0,0,0,0
0,-21777.39,-22447.95,-22329.12,-22952.47,-44435.62,-41932.05,-42806.45,-40459.25,0,0,0,0,0,0,0,0,0,0,0,0,0,0,0,0,0,0
0,-21820.31,-22490.06,-22370.16,-22994.58,-46131.32,-42730.27,-43943.71,-40929.98,0,0,0,0,0,0,0,0,0,0,0,0,0,0,0,0,0,0
0,-21911.77,-22593.59,-22473.96,-23091.14,-38595.38,-38024.87,-38110.44,-37604.57,0,0,0,0,0,0,0,0,0,0,0,0,0,0,0,0,0,0
0,-21938.59,-22614.78,-22498.1,-23118.5,-41838.17,-40517.18,-40949.29,-39560.44,0,0,0,0,0,0,0,0,0,0,0,0,0,0,0,0,0,0
0,-22008.6,-22690.68,-22569.72,-23188.77,-38973.84,-38362.3,-38469.05,-37903.64,0,0,0,0,0,0,0,0,0,0,0,0,0,0,0,0,0,0
0,-22052.05,-22724.48,-22605.12,-23225.25,-41134.09,-40141.94,-40453.08,-39347.47,0,0,0,0,0,0,0,0,0,0,0,0,0,0,0,0,0,0
0,-22121.25,-22799.85,-22680.76,-23295.52,-38288.0,-37809.49,-37851.07,-37485.48,0,0,0,0,0,0,0,0,0,0,0,0,0,0,0,0,0,0
0,-22133.59,-22807.9,-22691.49,-23313.23,-43884.43,-41865.26,-42570.95,-40572.44,0,0,0,0,0,0,0,0,0,0,0,0,0,0,0,0,0,0
0,-22195.55,-22875.22,-22760.96,-23381.35,-40876.06,-39933.53,-40200.15,-39205.58,0,0,0,0,0,0,0,0,0,0,0,0,0,0,0,0,0,0
0,-22267.7,-22948.45,-22831.5,-23446.0,-39025.34,-38422.11,-38537.18,-37956.48,0,0,0,0,0,0,0,0,0,0,0,0,0,0,0,0,0,0
0,-22289.16,-22963.73,-22848.13,-23468.53,-42898.45,-41437.72,-41956.46,-40369.93,0,0,0,0,0,0,0,0,0,0,0,0,0,0,0,0,0,0
0,-22322.15,-22998.33,-22882.46,-23505.54,-45561.88,-42819.32,-43791.62,-41245.67,0,0,0,0,0,0,0,0,0,0,0,0,0,0,0,0,0,0
0,-22366.14,-2249995.04,-44767.41,-46128.37,-45899.3,-47143.31,-85459.21,-82574.22,0,0,0,0,0,0,0,0,0,0,0,0,0,0,0,0,0,0
0,-22418.71,-23095.16,-22980.9,-23603.44,-45804.09,-43003.59,-44008.35,-41401.51,0,0,0,0,0,0,0,0,0,0,0,0,0,0,0,0,0,0
0,-22477.45,-23157.93,-23045.27,-23665.67,-43293.27,-41690.65,-42238.89,-40588.26,0,0,0,0,0,0,0,0,0,0,0,0,0,0,0,0,0,0
0,-22547.19,-23231.69,-23117.96,-23735.94,-40232.33,-39512.16,-39673.36,-38953.46,0,0,0,0,0,0,0,0,0,0,0,0,0,0,0,0,0,0
0,-22564.89,-23238.66,-23123.06,-23748.01,-46896.55,-43583.75,-44791.55,-41795.26,0,0,0,0,0,0,0,0,0,0,0,0,0,0,0,0,0,0
0,-22647.23,-23330.66,-23218.28,-23835.72,-40650.76,-36254.35,39528.52,2109352.06,0,0,0,0,0,0,0,0,0,0,0,0,0,0,0,0,0,0
0,-22666.01,-23339.24,-23223.91,-23848.59,-47060.43,-43683.0,-44886.77,-41899.86,0,0,0,0,0,0,0,0,0,0,0,0,0,0,0,0,0,0
0,-22714.29,-23389.94,-23273.53,-23900.09,-46815.82,-43594.75,-44729.59,-41874.38,0,0,0,0,0,0,0,0,0,0,0,0,0,0,0,0,0,0
0,-23187.43,-23868.71,-23756.59,-24383.7,-46044.14,-43612.72,-44501.07,-42126.78,0,0,0,0,0,0,0,0,0,0,0,0,0,0,0,0,0,0
0,-23318.05,-24008.72,-23896.61,-24516.73,-40381.73,-39796.47,-39894.37,-39363.3,0,0,0,0,0,0,0,0,0,0,0,0,0,0,0,0,0,0
0,-23347.02,-24029.11,-23918.06,-24543.82,-45729.79,-43546.74,-44344.16,-42157.89,0,0,0,0,0,0,0,0,0,0,0,0,0,0,0,0,0,0
0,-23408.98,-24094.55,-23985.12,-24608.2,-43868.07,-42470.9,-42949.95,-41455.15,0,0,0,0,0,0,0,0,0,0,0,0,0,0,0,0,0,0
0,-23498.83,-24188.97,-24077.12,-24694.56,-39366.25,-38934.41,-38947.29,-38681.21,0,0,0,0,0,0,0,0,0,0,0,0,0,0,0,0,0,0
0,-23542.82,-24232.42,-24122.18,-24739.89,-40334.79,-39794.6,-39867.28,-39403.26,0,0,0,0,0,0,0,0,0,0,0,0,0,0,0,0,0,0
0,-23556.77,-24233.49,-24121.64,-24747.13,-47884.14,-44708.94,-45902.52,-42921.78,0,0,0,0,0,0,0,0,0,0,0,0,0,0,0,0,0,0
0,-23619.27,-24298.4,-24186.02,-24811.51,-47931.61,-44772.78,-45959.12,-42991.52,0,0,0,0,0,0,0,0,0,0,0,0,0,0,0,0,0,0
0,-23669.96,-24349.9,-24240.47,-24864.08,-47951.19,-44780.29,-45948.12,-43018.34,0,0,0,0,0,0,0,0,0,0,0,0,0,0,0,0,0,0
0,-23756.86,-24450.21,-24339.71,-24957.69,-40359.2,-39846.63,-39904.84,-39489.36,0,0,0,0,0,0,0,0,0,0,0,0,0,0,0,0,0,0
0,-23781.81,-24468.45,-24361.7,-24984.24,-44460.57,-43002.52,-43504.09,-41954.85,0,0,0,0,0,0,0,0,0,0,0,0,0,0,0,0,0,0
0,-23820.97,-24502.79,-24394.69,-25020.18,-47903.45,-44868.26,-45994.25,-43148.43,0,0,0,0,0,0,0,0,0,0,0,0,0,0,0,0,0,0
0,-23907.07,-24596.39,-24488.03,-25106.82,-41633.79,-40995.96,-41132.48,-40492.51,0,0,0,0,0,0,0,0,0,0,0,0,0,0,0,0,0,0
0,-23976.54,-24670.16,-24561.79,-25177.9,-39861.65,-39421.5,-39438.4,-39164.81,0,0,0,0,0,0,0,0,0,0,0,0,0,0,0,0,0,0
0,-24034.2,-24726.75,-24618.39,-25234.22,-39748.19,-39324.94,-39330.31,-39091.59,0,0,0,0,0,0,0,0,0,0,0,0,0,0,0,0,0,0
0,-24041.98,-24723.8,-24613.83,-25240.12,-47338.58,-44752.12,-45710.21,-43192.69,0,0,0,0,0,0,0,0,0,0,0,0,0,0,0,0,0,0
0,-24137.2,-24819.29,-24710.92,-25334.27,-44373.66,-43140.38,-43563.64,-42192.49,0,0,0,0,0,0,0,0,0,0,0,0,0,0,0,0,0,0
0,-24205.6,-24883.12,-24775.03,-25400.79,-47211.71,-44824.81,-45718.52,-43328.14,0,0,0,0,0,0,0,0,0,0,0,0,0,0,0,0,0,0
0,-24259.24,-24943.74,-24835.11,-25462.75,-47381.23,-44857.27,-45767.61,-43355.23,0,0,0,0,0,0,0,0,0,0,0,0,0,0,0,0,0,0
0,-24345.07,-25031.18,-24923.09,-25544.56,-42849.63,-42063.75,-42274.57,-41434.77,0,0,0,0,0,0,0,0,0,0,0,0,0,0,0,0,0,0
0,-24415.88,-25108.7,-24998.99,-25616.17,-40126.92,-39703.67,-39710.11,-39473.8,0,0,0,0,0,0,0,0,0,0,0,0,0,0,0,0,0,0
0,-24466.31,-25156.17,-25047.01,-25664.72,-40949.82,-40469.71,-40515.31,-40149.99,0,0,0,0,0,0,0,0,0,0,0,0,0,0,0,0,0,0
0,-24481.6,-25161.0,-25050.49,-25677.86,-48283.52,-45488.39,-46543.3,-43829.98,0,0,0,0,0,0,0,0,0,0,0,0,0,0,0,0,0,0
0,-24544.9,-25230.74,-25123.72,-25747.87,-45539.89,-43985.82,-44527.09,-42898.99,0,0,0,0,0,0,0,0,0,0,0,0,0,0,0,0,0,0
0,-24636.09,-25327.83,-25218.13,-25836.92,-40493.58,-40065.77,-40075.69,-39829.47,0,0,0,0,0,0,0,0,0,0,0,0,0,0,0,0,0,0
0,-24676.32,-25367.53,-25260.78,-25880.64,-41886.45,-41306.56,-41403.12,-40878.75,0,0,0,0,0,0,0,0,0,0,0,0,0,0,0,0,0,0
0,-24727.82,-25413.93,-25304.77,-25926.23,-43172.57,-42420.21,-42588.65,617.44,0,0,0,0,0,0,0,0,0,0,0,0,0,0,0,0,0,0
0,-24780.93,-25465.43,-25357.34,-25979.61,-44097.93,-43157.55,-43452.33,-42394.46,0,0,0,0,0,0,0,0,0,0,0,0,0,0,0,0,0,0
0,-24810.17,-25490.37,-25380.14,-26007.24,-49230.34,-46052.46,-47236.39,-44292.66,0,0,0,0,0,0,0,0,0,0,0,0,0,0,0,0,0,0
0,-24864.62,-25546.97,-25437.0,-26065.44,-48519.29,-45772.44,-46787.92,-44169.01,0,0,0,0,0,0,0,0,0,0,0,0,0,0,0,0,0,0
0,-24932.21,-25613.49,-25504.32,-26129.81,-47898.62,-45597.29,-46476.52,-44121.0,0,0,0,0,0,0,0,0,0,0,0,0,0,0,0,0,0,0
0,-25018.84,-25706.02,-25596.59,-26222.89,-46326.31,-44678.63,-45263.35,-43543.52,0,0,0,0,0,0,0,0,0,0,0,0,0,0,0,0,0,0
0,-25120.5,-25812.78,-25703.34,-26324.27,-41719.62,-41217.78,-41273.57,-40880.62,0,0,0,0,0,0,0,0,0,0,0,0,0,0,0,0,0,0
0,-25140.88,-25818.14,-25706.29,-26335.0,-49496.95,-46404.63,-47570.32,-44656.91,0,0,0,0,0,0,0,0,0,0,0,0,0,0,0,0,0,0
0,-25212.77,-25900.75,-25791.59,-26416.01,-44805.5,-43750.85,-44085.86,-42937.88,0,0,0,0,0,0,0,0,0,0,0,0,0,0,0,0,0,0
0,-25253.27,-25933.21,-25820.82,-26447.66,-48321.34,-46020.0,-46918.28,-44517.16,0,0,0,0,0,0,0,0,0,0,0,0,0,0,0,0,0,0
0,-25341.51,-26033.52,-25924.09,-26543.68,-41320.77,-40890.01,-40902.35,-40650.76,0,0,0,0,0,0,0,0,0,0,0,0,0,0,0,0,0,0
0,-25346.61,-26027.35,-25915.24,-26543.68,-49922.35,-46545.99,-47688.87,-44830.18,0,0,0,0,0,0,0,0,0,0,0,0,0,0,0,0,0,0
0,-25442.1,-26134.64,-26025.48,-26646.14,-42372.74,-41795.52,-41887.79,-41394.8,0,0,0,0,0,0,0,0,0,0,0,0,0,0,0,0,0,0
0,-25496.81,-26181.58,-26070.8,-26694.15,-44365.89,-43311.24,-43610.58,-42594.55,0,0,0,0,0,0,0,0,0,0,0,0,0,0,0,0,0,0
0,-25516.39,-26198.48,-26084.75,-26718.83,-51095.28,-46891.99,-48214.05,-45068.09,0,0,0,0,0,0,0,0,0,0,0,0,0,0,0,0,0,0
0,-25579.16,-26264.19,-26151.54,-26785.08,-49028.64,-46152.24,-47087.52,-44674.61,0,0,0,0,0,0,0,0,0,0,0,0,0,0,0,0,0,0
0,-25635.21,-26325.35,-26209.74,-26847.3,-50231.61,-46517.82,-47691.02,-44881.67,0,0,0,0,0,0,0,0,0,0,0,0,0,0,0,0,0,0
0,-25690.74,-26380.6,-26266.34,-26900.95,-51050.49,-46972.72,-48266.89,-45190.93,0,0,0,0,0,0,0,0,0,0,0,0,0,0,0,0,0,0
0,-25807.68,-26513.37,-26402.06,38.36,-412613.63,-423750.16,-421977.75,-432032.82,0,0,0,0,0,0,0,0,0,0,0,0,0,0,0,0,0,0
0,-25837.45,-26526.24,-26413.05,-27044.18,-47205.27,-45390.22,-45997.21,-44268.79,0,0,0,0,0,0,0,0,0,0,0,0,0,0,0,0,0,0
0,-25866.96,-26558.97,-26446.85,-27082.0,-50890.63,-140624.2,559263.14,559175.44,0,0,0,0,0,0,0,0,0,0,0,0,0,0,0,0,0,0
0,-25957.62,-26653.11,-26542.87,-27169.97,-44493.83,-43601.99,-43843.93,-42956.65,0,0,0,0,0,0,0,0,0,0,0,0,0,0,0,0,0,0
0,-26000.26,-26690.93,-26580.96,-27211.01,-46571.2,-45228.48,-45698.94,-44244.11,0,0,0,0,0,0,0,0,0,0,0,0,0,0,0,0,0,0
0,-26076.44,-26773.54,-26665.18,-27287.99,-42695.94,154.23,-1666900.47,-1710742.78,0,0,0,0,0,0,0,0,0,0,0,0,0,0,0,0,0,0
0,-26094.41,-26784.0,-26676.18,-27304.62,-47965.41,-46075.53,-46757.88,-44842.51,0,0,0,0,0,0,0,0,0,0,0,0,0,0,0,0,0,0
0,-26141.88,-26825.04,-26714.0,-27345.66,-50554.28,-47415.83,-48611.55,-45664.34,0,0,0,0,0,0,0,0,0,0,0,0,0,0,0,0,0,0
0,-26196.87,-26881.1,-26770.59,-27400.38,-49909.21,-47182.74,-48221.29,-45572.07,0,0,0,0,0,0,0,0,0,0,0,0,0,0,0,0,0,0
0,-26290.21,-26982.76,-26874.13,-27495.86,-42897.91,-42414.85,-42460.98,-42098.08,0,0,0,0,0,0,0,0,0,0,0,0,0,0,0,0,0,0
0,-26332.59,-27015.75,-26905.24,-27529.66,-45958.85,-44989.23,-45308.95,-44191.27,0,0,0,0,0,0,0,0,0,0,0,0,0,0,0,0,0,0
0,-26402.33,-27093.53,-26983.56,-27603.15,-42718.74,-42274.84,-42297.63,-42010.1,0,0,0,0,0,0,0,0,0,0,0,0,0,0,0,0,0,0
0,-26405.01,-27094.87,-26983.29,-27613.88,-49215.86,-46832.71,-47650.52,-45448.43,0,0,0,0,0,0,0,0,0,0,0,0,0,0,0,0,0,0
0,-26451.95,-27137.52,-27022.45,-27657.6,-51841.2,-47851.15,-49126.81,-46046.56,0,0,0,0,0,0,0,0,0,0,0,0,0,0,0,0,0,0
0,-26564.87,-27261.17,-27152.0,-27773.74,-42429.33,-42004.47,-42013.32,-41779.16,0,0,0,0,0,0,0,0,0,0,0,0,0,0,0,0,0,0
0,-26569.7,-27256.61,-27145.83,-27776.96,-50410.24,-47516.14,-48528.94,-45932.83,0,0,0,0,0,0,0,0,0,0,0,0,0,0,0,0,0,0
0,-26659.82,-27359.34,-27250.17,-27873.79,-43183.3,-42705.06,-42745.56,-42404.12,0,0,0,0,0,0,0,0,0,0,0,0,0,0,0,0,0,0
0,-26689.32,-27382.94,-27274.85,-27902.22,-46748.76,-45544.98,-45935.51,-44669.24,0,0,0,0,0,0,0,0,0,0,0,0,0,0,0,0,0,0
0,-26752.09,-27449.19,-27342.17,-27966.59,-44847.88,-44148.36,-44308.49,-43617.01,0,0,0,0,0,0,0,0,0,0,0,0,0,0,0,0,0,0
0,-26782.93,-27472.53,-27363.63,-27993.41,-50012.2,-47560.4,-48466.18,-46070.7,0,0,0,0,0,0,0,0,0,0,0,0,0,0,0,0,0,0
0,-26875.2,-27574.45,-27467.97,-28089.7,-43552.1,-43059.38,-43109.81,-42739.39,0,0,0,0,0,0,0,0,0,0,0,0,0,0,0,0,0,0
0,-26904.17,-27593.23,-27485.13,-28111.43,-47614.04,-46341.6,-46800.26,-45347.84,0,0,0,0,0,0,0,0,0,0,0,0,0,0,0,0,0,0
0,-26949.76,-27634.0,-27525.9,-28154.35,-49556.5,-47522.04,-48304.44,-46140.7,0,0,0,0,0,0,0,0,0,0,0,0,0,0,0,0,0,0
0,-27016.28,-27699.44,-27581.69,-28218.45,-51772.54,4940.36,-1439761.34,1630367.7,0,0,0,0,0,0,0,0,0,0,0,0,0,0,0,0,0,0
0,2470.05,-759431.32,-1474915.98,-1354341.02,-2008852.9,-822054.46,-2221987.41,1333737.36,0,0,0,0,0,0,0,0,0,0,0,0,0,0,0,0,0,0
0,-27156.83,-27857.96,-27733.77,-28386.62,-52962.9,-48130.1,-49609.34,-46388.27,0,0,0,0,0,0,0,0,0,0,0,0,0,0,0,0,0,0
0,-27211.55,-27925.28,-27817.73,-28465.21,-50128.34,-47734.47,-48639.99,-46299.49,0,0,0,0,0,0,0,0,0,0,0,0,0,0,0,0,0,0
0,-27258.49,-27964.98,-27857.42,-28501.42,-51758.32,-48506.41,-49741.57,-46757.88,0,0,0,0,0,0,0,0,0,0,0,0,0,0,0,0,0,0
0,-27324.74,-28025.6,-27922.87,-28558.55,-49218.27,-47387.13,-48083.43,-46150.63,0,0,0,0,0,0,0,0,0,0,0,0,0,0,0,0,0,0
0,-27372.75,-28067.44,-27963.37,-28599.06,-50820.89,-48257.5,-49258.77,-46696.73,0,0,0,0,0,0,0,0,0,0,0,0,0,0,0,0,0,0
0,-27419.42,-28113.04,-28008.43,-28641.97,-51944.74,-48680.49,-49893.11,-46937.59,0,0,0,0,0,0,0,0,0,0,0,0,0,0,0,0,0,0
0,-27516.52,-28223.28,-28120.28,-28742.29,-43467.35,-43044.36,-43052.94,-42821.2,0,0,0,0,0,0,0,0,0,0,0,0,0,0,0,0,0,0
0,-27617.37,-28307.5,-28202.36,-28832.41,-51871.51,-48794.75,-49933.88,-47104.15,0,0,0,0,0,0,0,0,0,0,0,0,0,0,0,0,0,0
0,-27833.55,-28533.61,-28433.83,-29049.4,-44290.78,-43838.83,-43868.6,-43566.32,0,0,0,0,0,0,0,0,0,0,0,0,0,0,0,0,0,0
0,-27914.29,-28605.49,-28506.52,-29129.33,-47641.4,-46648.45,-46976.75,-45852.37,0,0,0,0,0,0,0,0,0,0,0,0,0,0,0,0,0,0
0,-27961.76,-28660.75,-28558.82,-29182.97,-47387.39,-46403.56,-46707.99,-45652.54,0,0,0,0,0,0,0,0,0,0,0,0,0,0,0,0,0,0
0,-28031.5,-28731.02,-28630.97,-29249.49,-44907.69,-44424.09,-44475.05,-44104.91,0,0,0,0,0,0,0,0,0,0,0,0,0,0,0,0,0,0
0,-28070.66,-28766.69,-28666.92,-29288.11,-46543.3,-45840.03,-46014.91,-45281.06,0,0,0,0,0,0,0,0,0,0,0,0,0,0,0,0,0,0
0,-28110.09,-28802.37,-28702.59,-29325.67,-48573.74,-47365.94,-47790.8,-46437.62,0,0,0,0,0,0,0,0,0,0,0,0,0,0,0,0,0,0
0,-28166.68,-28867.81,-28769.38,-29390.31,-45995.86,-45355.35,-45487.59,-44879.8,0,0,0,0,0,0,0,0,0,0,0,0,0,0,0,0,0,0
0,-28186.0,-28875.86,-28773.4,-29402.11,-52579.61,-49565.08,-50705.29,-47837.47,0,0,0,0,0,0,0,0,0,0,0,0,0,0,0,0,0,0
0,-28790.03,-29482.31,-29384.14,-30012.58,-53456.43,-50303.49,-51469.18,-48553.89,0,0,0,0,0,0,0,0,0,0,0,0,0,0,0,0,0,0
0,-28853.6,-29547.75,-29449.85,-30076.15,-51120.22,1234.89,-1268234.86,-1624054.59,0,0,0,0,0,0,0,0,0,0,0,0,0,0,0,0,0,0
0,-28894.9,-29592.01,-29494.64,-30123.89,-52210.81,-49792.53,-50670.95,-48324.29,0,0,0,0,0,0,0,0,0,0,0,0,0,0,0,0,0,0
0,-28982.88,-29691.79,-29596.84,-30216.43,-45288.57,-44848.41,-44869.87,-44602.99,0,0,0,0,0,0,0,0,0,0,0,0,0,0,0,0,0,0
0,-29011.31,-29709.22,-29612.66,-30236.54,-50000.13,-48663.86,-49138.07,-47662.86,0,0,0,0,0,0,0,0,0,0,0,0,0,0,0,0,0,0
0,-29070.86,-29777.89,-29683.74,-30305.48,-47620.21,-46865.44,-47053.19,-46291.44,0,0,0,0,0,0,0,0,0,0,0,0,0,0,0,0,0,0
0,-29103.85,-29801.49,-29703.59,-30330.69,-52738.67,-50245.29,-51184.06,-48703.29,0,0,0,0,0,0,0,0,0,0,0,0,0,0,0,0,0,0
0,-29159.91,-29860.23,-29763.13,-30391.84,-51049.68,-49291.49,-49914.57,-48115.35,0,0,0,0,0,0,0,0,0,0,0,0,0,0,0,0,0,0
0,-29213.55,-29910.92,-29813.83,-30439.05,-50916.91,-49332.53,-49917.25,-48191.79,0,0,0,0,0,0,0,0,0,0,0,0,0,0,0,0,0,0
0,-29284.9,-29988.98,-29895.64,-30517.1,-46888.77,-46337.85,-46428.24,-45942.49,0,0,0,0,0,0,0,0,0,0,0,0,0,0,0,0,0,0
0,-29341.22,-30049.86,-29956.25,-30575.84,-45584.68,-45150.7,-45170.01,-44922.98,0,0,0,0,0,0,0,0,0,0,0,0,0,0,0,0,0,0
0,-29393.53,-30098.95,-30007.48,-30628.15,-45713.96,-45281.59,-45300.64,-45049.31,0,0,0,0,0,0,0,0,0,0,0,0,0,0,0,0,0,0
0,-29402.65,-30101.09,-30006.14,-30637.27,-52681.54,-50289.28,-51142.76,-48851.08,0,0,0,0,0,0,0,0,0,0,0,0,0,0,0,0,0,0
0,-29457.36,-30161.98,-30069.71,-30698.42,-50874.8,-49297.4,-49836.52,-48221.83,0,0,0,0,0,0,0,0,0,0,0,0,0,0,0,0,0,0
0,-29517.44,-30216.96,-30122.55,-30750.72,-50799.97,-49367.4,-49881.58,-48326.17,0,0,0,0,0,0,0,0,0,0,0,0,0,0,0,0,0,0
0,-29580.74,-30292.6,-30199.53,-30825.29,-47062.58,-46492.88,-46587.29,-46095.11,0,0,0,0,0,0,0,0,0,0,0,0,0,0,0,0,0,0
0,-29599.52,-30297.7,-30200.87,-30833.6,-54408.88,-51223.49,-52384.62,-49474.96,0,0,0,0,0,0,0,0,0,0,0,0,0,0,0,0,0,0
0,-29698.76,-30409.55,-30318.08,-30940.09,-45906.01,-45480.61,-45494.02,-45262.28,0,0,0,0,0,0,0,0,0,0,0,0,0,0,0,0,0,0
0,-29707.34,-30406.6,-30311.38,-30944.38,-53990.19,-51096.08,-52145.37,-49459.13,0,0,0,0,0,0,0,0,0,0,0,0,0,0,0,0,0,0
0,-29761.79,-30463.73,-30370.65,-31001.78,-52634.06,-50462.28,-51237.97,-49113.13,0,0,0,0,0,0,0,0,0,0,0,0,0,0,0,0,0,0
0,-29824.02,-30524.88,-30432.61,-31060.25,-50679.0,-49410.05,-49852.08,-48455.18,0,0,0,0,0,0,0,0,0,0,0,0,0,0,0,0,0,0
0,-29895.1,-30602.4,-30509.86,-31135.62,-46886.89,-46408.92,-46457.74,-46105.83,0,0,0,0,0,0,0,0,0,0,0,0,0,0,0,0,0,0
0,-29945.79,-30653.36,-30562.97,-31185.78,-47605.19,-47053.46,-47145.19,-46658.64,0,0,0,0,0,0,0,0,0,0,0,0,0,0,0,0,0,0
0,-30004.0,-30716.66,-30623.32,-31247.47,-46268.64,-45837.35,-45854.51,-45612.84,0,0,0,0,0,0,0,0,0,0,0,0,0,0,0,0,0,0
0,-30011.77,-30711.83,-30616.08,-31250.15,-54512.95,-51520.68,-52609.92,-49841.35,0,0,0,0,0,0,0,0,0,0,0,0,0,0,0,0,0,0
0,-30092.51,-30796.86,-30703.78,-31331.96,-48456.79,-47799.38,-47947.44,-47301.83,0,0,0,0,0,0,0,0,0,0,0,0,0,0,0,0,0,0
0,-30154.47,-30864.99,-30772.18,-31395.79,-46368.15,-45943.83,-45956.17,-45732.74,0,0,0,0,0,0,0,0,0,0,0,0,0,0,0,0,0,0
0,-30188.26,-30897.44,-30804.64,-31432.81,-48484.15,-47780.07,-47937.78,-47263.48,0,0,0,0,0,0,0,0,0,0,0,0,0,0,0,0,0,0
0,-30249.42,-30960.74,-30868.2,-31495.04,-47106.57,-46621.89,-46671.78,-46325.78,0,0,0,0,0,0,0,0,0,0,0,0,0,0,0,0,0,0
0,-30276.51,-30982.2,-30890.2,-31522.4,-50863.81,-49575.27,-49991.28,-48669.22,0,0,0,0,0,0,0,0,0,0,0,0,0,0,0,0,0,0
0,-30348.12,-31057.03,-30963.42,-31592.13,-47597.14,-47088.06,-47154.58,-46748.22,0,0,0,0,0,0,0,0,0,0,0,0,0,0,0,0,0,0
0,-2249995.04,-60778.59,-62189.97,-62003.82,-63262.32,-98727.02,-97227.13,-97623.03,0,0,0,0,0,0,0,0,0,0,0,0,0,0,0,0,0,0
0,-30412.23,-31112.02,-31013.04,-31648.73,-55032.76,-52021.98,-53139.12,-50308.05,0,0,0,0,0,0,0,0,0,0,0,0,0,0,0,0,0,0
0,-30494.84,-31206.16,-31111.75,-31739.12,-48251.87,-47660.17,-47767.19,-47239.6,0,0,0,0,0,0,0,0,0,0,0,0,0,0,0,0,0,0
0,-30554.92,-31267.32,-31175.32,-31798.39,-47042.73,-46591.05,-46620.55,-46339.19,0,0,0,0,0,0,0,0,0,0,0,0,0,0,0,0,0,0
0,-30582.28,-31291.19,-31197.85,-31827.9,-50429.02,-49382.69,-49700.53,-48607.53,0,0,0,0,0,0,0,0,0,0,0,0,0,0,0,0,0,0
0,-30621.98,-31319.62,-31223.06,-31856.33,-54078.43,-51790.51,-52679.66,-50299.2,0,0,0,0,0,0,0,0,0,0,0,0,0,0,0,0,0,0
0,-30705.93,-31419.13,-31325.52,-31948.87,-46856.85,-46425.55,-46443.79,-46202.39,0,0,0,0,0,0,0,0,0,0,0,0,0,0,0,0,0,0
0,-30735.97,-31443.27,-31350.73,-31979.18,-50009.79,-49116.61,-49368.21,-48437.21,0,0,0,0,0,0,0,0,0,0,0,0,0,0,0,0,0,0
0,-30767.35,-31470.9,-31373.8,-32006.0,-54209.86,-51806.07,-52671.08,-50347.48,0,0,0,0,0,0,0,0,0,0,0,0,0,0,0,0,0,0
0,-30825.02,-31529.91,-31434.69,-32066.35,-52428.07,-50823.84,-51379.59,-49730.57,0,0,0,0,0,0,0,0,0,0,0,0,0,0,0,0,0,0
