0,272.78,383.82,1185.0,60.62,-354.05,-1413.26,4922.93,4732.49,0,0,0,0,0,0,0,0,0,0,0,0,0,0,0,0,0,0
0,211.89,288.34,828.27,73.76,-313.01,-1082.0,3450.39,3502.16,0,0,0,0,0,0,0,0,0,0,0,0,0,0,0,0,0,0
0,364.24,506.67,1241.33,143.77,-300.14,-1362.03,4921.59,4863.92,0,0,0,0,0,0,0,0,0,0,0,0,0,0,0,0,0,0
0,184.0,287.53,433.18,144.57,-334.2,-621.2,1105.61,1134.04,0,0,0,0,0,0,0,0,0,0,0,0,0,0,0,0,0,0
0,190.71,273.05,984375.33,133.04,198.22,1125128.28,-2249812.11,-146.18,0,0,0,0,0,0,0,0,0,0,0,0,0,0,0,0,0,0
0,362.1,564.34,389.72,495.67,-592.77,-319.45,-1476.02,-1666.99,0,0,0,0,0,0,0,0,0,0,0,0,0,0,0,0,0,0
0,216.99,483.87,339.03,399.65,-707.03,-346.81,-2001.2,-2558.56,0,0,0,0,0,0,0,0,0,0,0,0,0,0,0,0,0,0
0,818.34,1212.89,768.18,1150.13,-949.5,-162.81,-3904.49,-4443.88,0,0,0,0,0,0,0,0,0,0,0,0,0,0,0,0,0,0
0,1018.7,1565.34,1002.34,1432.84,-1143.69,-122.31,-4867.67,-5735.1,0,0,0,0,0,0,0,0,0,0,0,0,0,0,0,0,0,0
0,156.1,255.88,502.11,94.95,-315.7,-729.02,1603.42,1711.52,0,0,0,0,0,0,0,0,0,0,0,0,0,0,0,0,0,0
0,291.29,430.23,1294.7,72.15,-343.86,-1492.11,5073.94,5164.86,0,0,0,0,0,0,0,0,0,0,0,0,0,0,0,0,0,0
0,982.76,1491.58,952.99,1362.03,-1106.95,-110.51,-4681.53,-5513.82,0,0,0,0,0,0,0,0,0,0,0,0,0,0,0,0,0,0
0,67.59,295.31,220.48,192.31,-619.59,-376.58,-1421.03,-1900.08,0,0,0,0,0,0,0,0,0,0,0,0,0,0,0,0,0,0
0,1138.06,1804.86,1230.87,1610.93,-1349.15,-190.44,-5312.12,-6668.78,0,0,0,0,0,0,0,0,0,0,0,0,0,0,0,0,0,0
0,683.7,1120.09,737.34,994.83,-979.54,-301.75,-3787.28,-4486.53,0,0,0,0,0,0,0,0,0,0,0,0,0,0,0,0,0,0
0,1297.38,1967.67,1299.26,1804.59,-1336.28,-138.94,-5746.63,-6947.99,0,0,0,0,0,0,0,0,0,0,0,0,0,0,0,0,0,0
0,157.71,256.69,403.4,136.52,-368.8,-624.42,929.12,974.18,0,0,0,0,0,0,0,0,0,0,0,0,0,0,0,0,0,0
0,1005.29,1621.93,1083.08,1442.76,-1237.57,-232.28,-4827.98,-5992.86,0,0,0,0,0,0,0,0,0,0,0,0,0,0,0,0,0,0
0,245.15,326.96,889.42,87.44,-292.09,-1101.85,3508.6,3672.21,0,0,0,0,0,0,0,0,0,0,0,0,0,0,0,0,0,0
0,217.26,347.35,1132.7,-4.02,-399.38,-1456.44,4660.34,4633.78,0,0,0,0,0,0,0,0,0,0,0,0,0,0,0,0,0,0
0,1200.56,1603.69,1189.02,1293.63,-1316.7,-277.07,-5175.86,-5772.11,0,0,0,0,0,0,0,0,0,0,0,0,0,0,0,0,0,0
0,1018.17,1569.9,975.25,1435.52,-1233.55,-196.87,-4978.18,-5608.23,0,0,0,0,0,0,0,0,0,0,0,0,0,0,0,0,0,0
0,-9.39,191.51,140.82,87.71,-590.62,-420.84,-1114.99,-1613.89,0,0,0,0,0,0,0,0,0,0,0,0,0,0,0,0,0,0
0,330.72,468.85,1363.1,13.41,-336.62,-1456.98,5113.63,4799.55,0,0,0,0,0,0,0,0,0,0,0,0,0,0,0,0,0,0
0,458.93,753.16,478.24,650.44,-725.27,-244.08,-2361.69,-2881.5,0,0,0,0,0,0,0,0,0,0,0,0,0,0,0,0,0,0
0,273.85,602.42,391.07,476.36,-804.13,-359.15,-2328.69,-2895.18,0,0,0,0,0,0,0,0,0,0,0,0,0,0,0,0,0,0
0,1254.74,1956.94,1295.24,1760.33,-1389.12,-203.04,-8788.53,316405.46,0,0,0,0,0,0,0,0,0,0,0,0,0,0,0,0,0,0
0,867.69,1462.07,959.43,1277.54,-1248.84,-294.24,-4628.15,-5769.43,0,0,0,0,0,0,0,0,0,0,0,0,0,0,0,0,0,0
0,1176.95,1795.2,1146.38,1649.29,-1290.68,-133.84,-5426.91,-6434.62,0,0,0,0,0,0,0,0,0,0,0,0,0,0,0,0,0,0
0,290.22,422.72,1237.84,68.66,-375.51,-1512.5,5007.68,5039.33,0,0,0,0,0,0,0,0,0,0,0,0,0,0,0,0,0,0
0,405.82,645.88,415.47,565.41,-624.69,-284.85,-1784.21,-2042.77,0,0,0,0,0,0,0,0,0,0,0,0,0,0,0,0,0,0
0,236.03,314.62,855.09,90.12,-286.73,-1084.69,3416.6,3563.58,0,0,0,0,0,0,0,0,0,0,0,0,0,0,0,0,0,0
0,230.4,365.32,1162.47,15.56,-395.36,-1450.81,4783.45,4748.58,0,0,0,0,0,0,0,0,0,0,0,0,0,0,0,0,0,0
0,1025.14,1662.17,1112.04,1472.8,-1299.8,-246.5,-5021.1,-6209.85,0,0,0,0,0,0,0,0,0,0,0,0,0,0,0,0,0,0
0,176.76,252.66,650.17,77.52,-307.38,-917.05,2519.4,2658.34,0,0,0,0,0,0,0,0,0,0,0,0,0,0,0,0,0,0
0,197.68,332.59,349.49,236.03,-434.52,-492.19,41.31,1.34,0,0,0,0,0,0,0,0,0,0,0,0,0,0,0,0,0,0
0,339.3,456.78,1277.54,116.68,-358.07,-1481.65,5032.9,5099.68,0,0,0,0,0,0,0,0,0,0,0,0,0,0,0,0,0,0
0,564.61,1010.66,665.46,859.11,-969.35,-290.22,-3336.4,-4211.07,0,0,0,0,0,0,0,0,0,0,0,0,0,0,0,0,0,0
0,1264.13,1955.87,1271.64,1768.38,-1394.48,-171.39,-5847.75,-7062.26,0,0,0,0,0,0,0,0,0,0,0,0,0,0,0,0,0,0
0,1068.32,1750.68,1140.74,1549.78,-1425.86,-272.24,-5498.26,-6790.28,0,0,0,0,0,0,0,0,0,0,0,0,0,0,0,0,0,0
0,-299.33,14.75,430.23,-185.07,-359.15,-919.19,2348.54,1936.02,0,0,0,0,0,0,0,0,0,0,0,0,0,0,0,0,0,0
0,102.19,359.68,238.72,248.91,-644.27,-364.78,-1616.57,-2131.02,0,0,0,0,0,0,0,0,0,0,0,0,0,0,0,0,0,0
0,1364.71,1898.2,1360.15,1599.4,-1335.47,-156.37,-5574.17,-6547.27,0,0,0,0,0,0,0,0,0,0,0,0,0,0,0,0,0,0
0,11.53,125.8,682.62,-133.04,-390.8,-1094.34,3139.26,2996.83,0,0,0,0,0,0,0,0,0,0,0,0,0,0,0,0,0,0
0,1276.73,1979.47,1298.99,1794.4,-1432.03,-186.41,-5914.81,-7161.23,0,0,0,0,0,0,0,0,0,0,0,0,0,0,0,0,0,0
0,-109.97,-17.43,348.96,-203.58,-373.9,-836.85,1891.49,1746.65,0,0,0,0,0,0,0,0,0,0,0,0,0,0,0,0,0,0
0,1205.12,1857.43,1185.54,1683.62,-1336.54,-139.21,-5557.27,-6650.27,0,0,0,0,0,0,0,0,0,0,0,0,0,0,0,0,0,0
0,303.36,436.66,1240.25,92.8,-341.18,-1484.33,4961.55,5035.31,0,0,0,0,0,0,0,0,0,0,0,0,0,0,0,0,0,0
0,-24.14,79.39,565.41,-158.79,-338.23,-974.98,2687.04,2541.66,0,0,0,0,0,0,0,0,0,0,0,0,0,0,0,0,0,0
0,207.6,320.79,411.18,211.89,-375.78,-542.07,536.71,578.28,0,0,0,0,0,0,0,0,0,0,0,0,0,0,0,0,0,0
0,-131.16,-40.23,259.1,-201.17,-373.36,-727.42,1383.48,1240.25,0,0,0,0,0,0,0,0,0,0,0,0,0,0,0,0,0,0
0,355.12,727.15,469.12,593.84,-854.02,-324.28,-2687.31,-3451.2,0,0,0,0,0,0,0,0,0,0,0,0,0,0,0,0,0,0
0,152.35,245.42,407.16,128.48,-363.44,-641.58,979.81,1031.04,0,0,0,0,0,0,0,0,0,0,0,0,0,0,0,0,0,0
0,-129.28,-5.36,103.53,-120.7,-445.78,-525.18,83.42,-175.15,0,0,0,0,0,0,0,0,0,0,0,0,0,0,0,0,0,0
0,561.65,884.06,528.13,799.03,-777.84,-216.19,-2752.48,-3154.81,0,0,0,0,0,0,0,0,0,0,0,0,0,0,0,0,0,0
0,1047.4,1583.58,994.03,1452.42,-1149.86,-118.55,-4853.99,-5734.03,0,0,0,0,0,0,0,0,0,0,0,0,0,0,0,0,0,0
0,57.4,266.08,196.87,158.79,-564.07,-374.7,-1186.07,-1609.86,0,0,0,0,0,0,0,0,0,0,0,0,0,0,0,0,0,0
0,-150.74,-43.72,142.96,-171.66,-403.67,-599.47,623.88,405.82,0,0,0,0,0,0,0,0,0,0,0,0,0,0,0,0,0,0
0,696.84,1068.59,646.95,980.62,-880.84,-173.54,-3392.19,-3922.73,0,0,0,0,0,0,0,0,0,0,0,0,0,0,0,0,0,0
0,1157.11,1772.4,1125.45,1617.1,-1256.08,-130.62,-5291.73,-6254.11,0,0,0,0,0,0,0,0,0,0,0,0,0,0,0,0,0,0
0,-34.6,140.01,138.94,33.26,-525.71,-433.71,-735.73,-1095.41,0,0,0,0,0,0,0,0,0,0,0,0,0,0,0,0,0,0
0,1235.96,1930.92,1282.36,1721.44,-1384.82,-181.05,-5606.09,-6839.37,0,0,0,0,0,0,0,0,0,0,0,0,0,0,0,0,0,0
0,280.83,398.31,1127.6,94.15,-329.64,-1360.42,4459.44,4597.31,0,0,0,0,0,0,0,0,0,0,0,0,0,0,0,0,0,0
0,186.68,263.93,692.01,74.57,-302.02,-947.36,2696.16,2856.55,0,0,0,0,0,0,0,0,0,0,0,0,0,0,0,0,0,0
0,11.27,1125065.51,-1124953.13,1125039.23,1124850.13,1124901.9,-1125313.35,1124573.6,0,0,0,0,0,0,0,0,0,0,0,0,0,0,0,0,0,0
0,264.2,390.53,1224.16,46.13,-388.92,-1549.78,4948.94,4943.58,0,0,0,0,0,0,0,0,0,0,0,0,0,0,0,0,0,0
0,666.26,1027.82,615.57,932.87,-894.52,-182.39,-3282.22,-3783.52,0,0,0,0,0,0,0,0,0,0,0,0,0,0,0,0,0,0
0,884.86,1370.07,853.75,1260.1,-1041.23,-131.43,-4301.46,-4974.43,0,0,0,0,0,0,0,0,0,0,0,0,0,0,0,0,0,0
0,175.42,444.71,295.04,329.91,-666.26,-343.05,-1822.83,-2334.59,0,0,0,0,0,0,0,0,0,0,0,0,0,0,0,0,0,0
0,200.36,344.4,354.86,244.89,-432.91,-479.31,-58.2,-52.84,0,0,0,0,0,0,0,0,0,0,0,0,0,0,0,0,0,0
0,1112.58,1764.89,1179.9,1567.21,-1330.11,-215.11,-5173.71,-6379.63,0,0,0,0,0,0,0,0,0,0,0,0,0,0,0,0,0,0
0,-37.55,66.52,557.09,-166.3,-376.31,-995.64,2666.12,2532.81,0,0,0,0,0,0,0,0,0,0,0,0,0,0,0,0,0,0
0,85.83,319.99,223.43,211.36,-615.3,-373.36,-1424.52,-1903.83,0,0,0,0,0,0,0,0,0,0,0,0,0,0,0,0,0,0
0,-141.89,-26.55,133.84,-150.47,-422.18,-578.55,404.21,180.78,0,0,0,0,0,0,0,0,0,0,0,0,0,0,0,0,0,0
0,-36.75,49.08,463.75,-180.24,-319.45,-868.77,2276.66,2193.78,0,0,0,0,0,0,0,0,0,0,0,0,0,0,0,0,0,0
0,146.45,237.64,612.88,66.79,-296.38,-886.47,2340.5,2472.73,0,0,0,0,0,0,0,0,0,0,0,0,0,0,0,0,0,0
0,1263.32,1913.49,1248.57,1748.53,-1329.57,-137.87,-5650.61,-6726.98,0,0,0,0,0,0,0,0,0,0,0,0,0,0,0,0,0,0
0,192.58,314.35,355.66,214.84,-421.64,-518.74,175.68,159.32,0,0,0,0,0,0,0,0,0,0,0,0,0,0,0,0,0,0
0,1111.51,1781.26,1188.49,1583.58,-1325.55,-195.8,-5256.06,-6451.79,0,0,0,0,0,0,0,0,0,0,0,0,0,0,0,0,0,0
0,-33.26,58.47,511.77,-167.1,-367.46,-942.26,2504.11,68.66,0,0,0,0,0,0,0,0,0,0,0,0,0,0,0,0,0,0
0,131.16,220.75,548.78,55.79,-335.28,-839.26,2024.0,2156.23,0,0,0,0,0,0,0,0,0,0,0,0,0,0,0,0,0,0
0,1346.2,2059.13,1344.86,1850.99,-1418.89,-144.57,-5940.02,-7158.01,0,0,0,0,0,0,0,0,0,0,0,0,0,0,0,0,0,0
0,1066.98,1704.81,1145.3,1517.06,-1294.17,-225.31,-4992.13,-6179.81,0,0,0,0,0,0,0,0,0,0,0,0,0,0,0,0,0,0
0,249.71,339.84,943.87,86.1,-285.12,-1157.37,3742.49,3866.14,0,0,0,0,0,0,0,0,0,0,0,0,0,0,0,0,0,0
0,153.42,246.76,502.91,103.0,-328.84,-736.53,1620.05,1701.33,0,0,0,0,0,0,0,0,0,0,0,0,0,0,0,0,0,0
0,289.41,463.75,364.24,377.39,-516.06,-376.85,-814.59,-938.24,0,0,0,0,0,0,0,0,0,0,0,0,0,0,0,0,0,0
0,241.94,342.25,1013.61,59.81,-302.82,-1301.68,4189.88,4231.18,0,0,0,0,0,0,0,0,0,0,0,0,0,0,0,0,0,0
0,415.47,794.74,519.81,657.68,-858.84,-300.94,-2758.12,-3504.31,0,0,0,0,0,0,0,0,0,0,0,0,0,0,0,0,0,0
0,-16.63,173.54,149.94,67.32,-548.51,-418.69,-895.59,-1285.05,0,0,0,0,0,0,0,0,0,0,0,0,0,0,0,0,0,0
0,1390.46,2105.8,1403.87,1923.41,-1367.93,-90.39,-5847.22,-7021.22,0,0,0,0,0,0,0,0,0,0,0,0,0,0,0,0,0,0
0,322.13,514.72,387.04,431.3,-520.62,-350.56,-979.01,-1123.58,0,0,0,0,0,0,0,0,0,0,0,0,0,0,0,0,0,0
0,721.78,1101.32,677.79,1005.83,-868.23,-162.81,-3443.15,-3945.53,0,0,0,0,0,0,0,0,0,0,0,0,0,0,0,0,0,0
0,359.95,704.88,466.7,578.82,-807.61,-308.99,-2519.67,-3203.9,0,0,0,0,0,0,0,0,0,0,0,0,0,0,0,0,0,0
0,253.2,394.28,1205.65,37.28,-343.32,-1433.64,4826.9,4778.62,0,0,0,0,0,0,0,0,0,0,0,0,0,0,0,0,0,0
0,354.59,576.14,380.61,494.06,-600.01,-305.24,-1528.05,-1756.85,0,0,0,0,0,0,0,0,0,0,0,0,0,0,0,0,0,0
0,569.43,877.62,540.2,796.35,-758.8,-224.5,-2745.78,-3103.58,0,0,0,0,0,0,0,0,0,0,0,0,0,0,0,0,0,0
0,1026.75,1555.14,976.59,1427.2,-1174.0,-138.13,-4859.89,-5709.62,0,0,0,0,0,0,0,0,0,0,0,0,0,0,0,0,0,0
0,1326.08,2009.78,1332.79,1826.05,-1397.97,-130.09,-5824.42,-7034.9,0,0,0,0,0,0,0,0,0,0,0,0,0,0,0,0,0,0
0,432.1,692.81,428.89,616.64,-681.82,-264.47,-2110.63,-2413.72,0,0,0,0,0,0,0,0,0,0,0,0,0,0,0,0,0,0
0,650.97,1134.04,755.31,974.71,-1024.07,-283.24,-3647.27,-4550.37,0,0,0,0,0,0,0,0,0,0,0,0,0,0,0,0,0,0
0,161.74,243.01,600.28,72.15,-304.7,-854.82,2210.14,2334.59,0,0,0,0,0,0,0,0,0,0,0,0,0,0,0,0,0,0
0,1242.67,1897.93,1217.19,1721.17,-1399.84,-149.67,-5735.1,-6868.87,0,0,0,0,0,0,0,0,0,0,0,0,0,0,0,0,0,0
0,1256.61,1955.6,1297.65,1753.09,-1462.88,-191.51,-5706.13,-6976.69,0,0,0,0,0,0,0,0,0,0,0,0,0,0,0,0,0,0
0,-120.7,-22.8,325.35,-203.04,-383.29,-804.13,1710.71,1563.73,0,0,0,0,0,0,0,0,0,0,0,0,0,0,0,0,0,0
0,196.61,287.26,748.34,77.25,-300.94,-1002.07,2942.92,3080.25,0,0,0,0,0,0,0,0,0,0,0,0,0,0,0,0,0,0
0,1288.53,1975.72,1294.97,1796.01,-1406.82,-153.42,-5900.06,-7060.38,0,0,0,0,0,0,0,0,0,0,0,0,0,0,0,0,0,0
0,313.55,451.42,1289.87,81.81,-337.15,-1495.6,5072.33,5091.91,0,0,0,0,0,0,0,0,0,0,0,0,0,0,0,0,0,0
0,984.91,1599.67,1066.18,1415.94,-1257.96,-250.79,-4893.42,-6037.65,0,0,0,0,0,0,0,0,0,0,0,0,0,0,0,0,0,0
0,466.97,868.77,562.46,727.42,-899.61,-304.16,-3018.83,-3807.93,0,0,0,0,0,0,0,0,0,0,0,0,0,0,0,0,0,0
0,15.83,222.89,169.25,116.41,-574.26,-396.7,-1120.9,-1536.64,0,0,0,0,0,0,0,0,0,0,0,0,0,0,0,0,0,0
0,312.75,453.83,1289.34,105.14,-317.57,-1486.21,5009.03,5006.08,0,0,0,0,0,0,0,0,0,0,0,0,0,0,0,0,0,0
0,281.36,420.57,1189.83,79.93,-318.91,-1420.77,4749.66,4786.67,0,0,0,0,0,0,0,0,0,0,0,0,0,0,0,0,0,0
0,48.01,170.32,749.14,-117.75,-358.61,-1113.65,3334.52,3226.16,0,0,0,0,0,0,0,0,0,0,0,0,0,0,0,0,0,0
0,281.63,420.03,1233.28,55.25,-328.3,-1396.89,4821.54,4770.31,0,0,0,0,0,0,0,0,0,0,0,0,0,0,0,0,0,0
0,1213.16,1906.51,1265.2,1708.3,-1384.29,-194.19,-5664.02,-6903.2,0,0,0,0,0,0,0,0,0,0,0,0,0,0,0,0,0,0
0,237.64,360.22,1115.26,62.76,-348.69,-1403.87,4485.19,4548.76,0,0,0,0,0,0,0,0,0,0,0,0,0,0,0,0,0,0
0,310.33,442.03,1196.0,112.92,-303.09,-1368.19,4647.73,4781.31,0,0,0,0,0,0,0,0,0,0,0,0,0,0,0,0,0,0
0,204.12,276.54,766.58,67.86,-316.5,-1048.21,3044.58,3172.52,0,0,0,0,0,0,0,0,0,0,0,0,0,0,0,0,0,0
0,115.07,369.88,253.2,260.17,-634.07,-355.39,-1576.33,-2091.85,0,0,0,0,0,0,0,0,0,0,0,0,0,0,0,0,0,0
0,-136.26,-15.83,112.92,-132.77,-428.35,-546.37,200.36,-41.84,0,0,0,0,0,0,0,0,0,0,0,0,0,0,0,0,0,0
0,583.92,900.69,549.32,812.98,-758.26,-194.73,-2751.14,-3157.23,0,0,0,0,0,0,0,0,0,0,0,0,0,0,0,0,0,0
0,170.32,255.61,675.92,70.27,-305.77,-946.82,2606.57,2718.69,0,0,0,0,0,0,0,0,0,0,0,0,0,0,0,0,0,0
0,184.54,314.09,372.02,212.43,-402.33,-525.18,274.39,256.42,0,0,0,0,0,0,0,0,0,0,0,0,0,0,0,0,0,0
0,302.02,477.97,372.29,396.7,-524.91,-370.68,-895.05,-1024.07,0,0,0,0,0,0,0,0,0,0,0,0,0,0,0,0,0,0
0,942.53,1543.88,1032.38,1354.52,-1243.74,-245.42,-4660.34,-5724.37,0,0,0,0,0,0,0,0,0,0,0,0,0,0,0,0,0,0
0,228.79,307.11,847.31,78.59,-269.29,-1074.22,3318.16,3489.02,0,0,0,0,0,0,0,0,0,0,0,0,0,0,0,0,0,0
0,168.71,438.0,294.51,325.89,-670.82,-340.91,-1776.43,-2317.43,0,0,0,0,0,0,0,0,0,0,0,0,0,0,0,0,0,0
0,280.29,413.06,1267.61,59.28,-339.84,-1495.33,5015.19,5020.56,0,0,0,0,0,0,0,0,0,0,0,0,0,0,0,0,0,0
0,522.76,825.05,500.5,740.02,-748.34,-225.31,-2534.69,-2912.61,0,0,0,0,0,0,0,0,0,0,0,0,0,0,0,0,0,0
0,-37.28,65.98,568.09,-166.83,-365.59,-1003.15,2715.74,2573.31,0,0,0,0,0,0,0,0,0,0,0,0,0,0,0,0,0,0
0,144.57,230.13,505.06,81.27,-324.55,-765.5,1716.08,1797.35,0,0,0,0,0,0,0,0,0,0,0,0,0,0,0,0,0,0
0,1332.52,2032.04,1356.93,1834.36,-1382.68,-137.33,-5741.54,-6954.43,0,0,0,0,0,0,0,0,0,0,0,0,0,0,0,0,0,0
0,-138.67,-49.62,250.25,-205.99,-367.19,-717.49,1343.25,1183.39,0,0,0,0,0,0,0,0,0,0,0,0,0,0,0,0,0,0
0,220.75,308.19,850.26,83.15,-288.07,-1071.27,3332.11,3459.51,0,0,0,0,0,0,0,0,0,0,0,0,0,0,0,0,0,0
0,1275.93,1956.4,1264.13,1782.6,-1352.1,-127.14,-5781.5,-6913.13,0,0,0,0,0,0,0,0,0,0,0,0,0,0,0,0,0,0
0,-123.38,2.95,111.58,-113.73,-437.2,-517.67,70.01,-187.75,0,0,0,0,0,0,0,0,0,0,0,0,0,0,0,0,0,0
0,301.48,406.35,1156.84,105.68,-297.73,-1340.84,4523.28,4614.2,0,0,0,0,0,0,0,0,0,0,0,0,0,0,0,0,0,0
0,527.05,963.45,634.07,812.44,-959.43,-292.36,-3206.85,-4055.5,0,0,0,0,0,0,0,0,0,0,0,0,0,0,0,0,0,0
0,43.72,256.96,188.56,149.94,-587.4,-385.43,-1214.24,-1650.36,0,0,0,0,0,0,0,0,0,0,0,0,0,0,0,0,0,0
0,317.31,444.98,1287.73,96.83,-317.57,-1465.56,5026.73,5049.26,0,0,0,0,0,0,0,0,0,0,0,0,0,0,0,0,0,0
0,690.13,1072.08,642.39,975.79,-879.76,17.17,7169.01,11827.47,0,0,0,0,0,0,0,0,0,0,0,0,0,0,0,0,0,0
0,338.23,689.33,450.88,557.36,-818.34,-313.01,-2512.96,-3206.31,0,0,0,0,0,0,0,0,0,0,0,0,0,0,0,0,0,0
0,275.19,414.67,1248.57,48.55,-339.57,-1458.32,4899.32,4860.97,0,0,0,0,0,0,0,0,0,0,0,0,0,0,0,0,0,0
0,304.97,436.4,1243.2,100.05,-304.43,-1450.81,4889.4,4955.92,0,0,0,0,0,0,0,0,0,0,0,0,0,0,0,0,0,0
0,-79.13,15.29,440.42,-192.31,-355.39,-883.79,2185.2,2045.99,0,0,0,0,0,0,0,0,0,0,0,0,0,0,0,0,0,0
0,120.97,249.18,959.43,-71.61,-368.0,-1290.68,4072.67,3963.77,0,0,0,0,0,0,0,0,0,0,0,0,0,0,0,0,0,0
0,145.11,235.77,445.51,107.82,-347.08,-686.38,1256.61,1309.72,0,0,0,0,0,0,0,0,0,0,0,0,0,0,0,0,0,0
0,195.53,319.72,350.83,224.23,-421.64,-493.53,87.71,47.21,0,0,0,0,0,0,0,0,0,0,0,0,0,0,0,0,0,0
0,516.06,815.39,495.67,731.44,-731.97,-220.75,-2490.97,-2864.33,0,0,0,0,0,0,0,0,0,0,0,0,0,0,0,0,0,0
0,1007.97,1548.17,958.35,1412.99,-1155.76,-130.89,-4803.57,-5635.32,0,0,0,0,0,0,0,0,0,0,0,0,0,0,0,0,0,0
0,1327.96,2034.72,1328.5,1850.72,-1445.71,-126.6,-5934.92,-7112.41,0,0,0,0,0,0,0,0,0,0,0,0,0,0,0,0,0,0
0,-143.23,-38.09,147.25,-167.64,-389.46,-587.67,601.08,399.92,0,0,0,0,0,0,0,0,0,0,0,0,0,0,0,0,0,0
0,-130.36,-37.01,280.02,-202.24,-359.68,-748.87,1502.84,1348.08,0,0,0,0,0,0,0,0,0,0,0,0,0,0,0,0,0,0
0,229.06,307.11,816.2,87.98,-246.5,-1006.36,3151.33,3300.99,0,0,0,0,0,0,0,0,0,0,0,0,0,0,0,0,0,0
0,144.57,283.78,1021.65,-50.96,-380.34,-1356.39,4284.29,4178.08,0,0,0,0,0,0,0,0,0,0,0,0,0,0,0,0,0,0
0,1318.57,2025.34,1342.71,1827.12,-1420.77,-147.25,-5763.8,-6987.69,0,0,0,0,0,0,0,0,0,0,0,0,0,0,0,0,0,0
0,-138.4,-42.92,243.01,-197.14,-362.37,-705.15,1283.44,1124.38,0,0,0,0,0,0,0,0,0,0,0,0,0,0,0,0,0,0
0,227.45,312.21,861.26,85.56,-262.05,-1068.32,3376.36,3506.45,0,0,0,0,0,0,0,0,0,0,0,0,0,0,0,0,0,0
0,1279.15,1957.74,1270.83,1776.16,-1382.68,-125.53,-5754.68,-6886.04,0,0,0,0,0,0,0,0,0,0,0,0,0,0,0,0,0,0
0,324.01,444.17,1262.25,102.73,-302.82,-1438.74,4929.9,4987.3,0,0,0,0,0,0,0,0,0,0,0,0,0,0,0,0,0,0
0,215.65,306.31,871.99,65.98,-293.7,-1124.65,3489.29,3613.2,0,0,0,0,0,0,0,0,0,0,0,0,0,0,0,0,0,0
0,137.87,418.16,268.76,305.5,-736.27,-384.09,-1908.39,-2506.52,0,0,0,0,0,0,0,0,0,0,0,0,0,0,0,0,0,0
0,-125.26,4.29,109.7,-111.85,-441.49,-519.01,52.03,-207.33,0,0,0,0,0,0,0,0,0,0,0,0,0,0,0,0,0,0
0,382.21,591.7,412.52,510.42,-584.45,-288.87,-1397.7,-1596.18,0,0,0,0,0,0,0,0,0,0,0,0,0,0,0,0,0,0
0,852.67,1344.86,933.14,1180.44,-1037.75,-232.82,-4003.47,-4925.07,0,0,0,0,0,0,0,0,0,0,0,0,0,0,0,0,0,0
0,327.23,353.78,939.31,120.16,-266.61,-1110.17,3787.01,3918.17,0,0,0,0,0,0,0,0,0,0,0,0,0,0,0,0,0,0
0,109.7,434.52,842.21,3.22,-439.08,-1205.12,3999.44,3868.55,0,0,0,0,0,0,0,0,0,0,0,0,0,0,0,0,0,0
0,1232.74,2095.34,1279.68,1865.48,-1120.36,-212.16,-5910.78,-7103.83,0,0,0,0,0,0,0,0,0,0,0,0,0,0,0,0,0,0
0,1220.94,2073.35,1248.57,1841.07,-1177.76,-235.5,-6040.07,-7222.65,0,0,0,0,0,0,0,0,0,0,0,0,0,0,0,0,0,0
0,941.46,1539.86,857.77,1376.78,-1068.59,-223.16,-5024.31,-5873.23,0,0,0,0,0,0,0,0,0,0,0,0,0,0,0,0,0,0
0,898.81,1570.17,892.64,1381.61,-970.96,-195.0,-4886.45,-5727.86,0,0,0,0,0,0,0,0,0,0,0,0,0,0,0,0,0,0
0,85.56,397.5,672.7,-28.7,-587.94,-1189.29,3731.22,3563.31,0,0,0,0,0,0,0,0,0,0,0,0,0,0,0,0,0,0
0,902.03,1588.94,951.65,1418.62,-872.25,-188.56,-4865.53,-5652.49,0,0,0,0,0,0,0,0,0,0,0,0,0,0,0,0,0,0
0,225.57,423.52,536.71,117.48,-467.51,-919.19,2816.59,2944.53,0,0,0,0,0,0,0,0,0,0,0,0,0,0,0,0,0,0
0,111.58,500.77,616.64,-12.61,-596.52,-1152.01,3764.21,3634.13,0,0,0,0,0,0,0,0,0,0,0,0,0,0,0,0,0,0
0,-113.19,187.49,211.09,-149.94,-430.23,-734.93,1694.62,1630.78,0,0,0,0,0,0,0,0,0,0,0,0,0,0,0,0,0,0
0,-122.04,165.22,53.11,-43.72,-461.34,-457.58,-325.35,-614.76,0,0,0,0,0,0,0,0,0,0,0,0,0,0,0,0,0,0
0,104.07,626.56,596.26,20.92,-523.57,-1096.76,3712.45,3580.21,0,0,0,0,0,0,0,0,0,0,0,0,0,0,0,0,0,0
0,396.43,822.37,386.51,624.42,-564.61,-237.64,-2155.42,-2445.37,0,0,0,0,0,0,0,0,0,0,0,0,0,0,0,0,0,0
0,1018.43,2176.08,1087.64,1646.88,-1062.69,-118.55,-5728.66,-6814.42,0,0,0,0,0,0,0,0,0,0,0,0,0,0,0,0,0,0
0,948.7,1922.88,974.71,1512.23,-968.81,-140.55,-5368.44,-6265.91,0,0,0,0,0,0,0,0,0,0,0,0,0,0,0,0,0,0
0,-2249986.72,-2249957.49,-1687462.55,843760.24,562472.67,1687439.21,843956.31,562710.86,0,0,0,0,0,0,0,0,0,0,0,0,0,0,0,0,0,0
0,365.85,763.62,358.07,572.92,-547.17,-259.37,-1871.38,-2126.72,0,0,0,0,0,0,0,0,0,0,0,0,0,0,0,0,0,0
0,295.31,1045.53,953.53,227.99,-523.57,-1314.28,4997.49,4992.66,0,0,0,0,0,0,0,0,0,0,0,0,0,0,0,0,0,0
0,532.42,1365.51,642.12,950.57,-847.04,-262.59,-3761.26,-4635.13,0,0,0,0,0,0,0,0,0,0,0,0,0,0,0,0,0,0
0,-162.54,145.64,45.87,-116.14,-429.69,-519.01,270.1,42.38,0,0,0,0,0,0,0,0,0,0,0,0,0,0,0,0,0,0
0,901.22,1827.39,898.81,1451.34,-991.34,-139.47,-5213.95,-6096.66,0,0,0,0,0,0,0,0,0,0,0,0,0,0,0,0,0,0
0,513.37,1400.38,624.42,963.45,-899.88,-285.12,-3982.81,-4912.47,0,0,0,0,0,0,0,0,0,0,0,0,0,0,0,0,0,0
0,488.43,1002.07,454.9,780.25,-662.24,-197.68,-2878.82,-3279.54,0,0,0,0,0,0,0,0,0,0,0,0,0,0,0,0,0,0
0,283.78,1080.66,966.67,234.43,-531.35,-1341.64,5063.74,5024.31,0,0,0,0,0,0,0,0,0,0,0,0,0,0,0,0,0,0
0,252.93,1069.67,951.92,224.23,-547.44,-1365.24,5062.13,5014.12,0,0,0,0,0,0,0,0,0,0,0,0,0,0,0,0,0,0
0,426.74,903.1,399.65,695.77,-630.05,-221.28,-2631.52,-2991.74,0,0,0,0,0,0,0,0,0,0,0,0,0,0,0,0,0,0
0,-132.5,289.95,230.13,-143.5,-445.78,-772.48,1900.08,1743.7,0,0,0,0,0,0,0,0,0,0,0,0,0,0,0,0,0,0
0,-47.48,499.96,425.93,-76.98,-483.6,-956.74,2902.95,2742.29,0,0,0,0,0,0,0,0,0,0,0,0,0,0,0,0,0,0
0,155.03,613.96,525.44,142.43,-408.77,-889.69,2836.7,2913.68,0,0,0,0,0,0,0,0,0,0,0,0,0,0,0,0,0,0
0,961.3,1969.01,973.91,1532.61,-1022.99,-146.99,-5523.74,-6491.48,0,0,0,0,0,0,0,0,0,0,0,0,0,0,0,0,0,0
0,1063.5,2189.22,1102.12,1686.57,-1094.34,-137.06,-5875.38,-6969.18,0,0,0,0,0,0,0,0,0,0,0,0,0,0,0,0,0,0
0,227.45,1058.67,952.45,188.83,-560.58,-1348.88,5067.77,4982.2,0,0,0,0,0,0,0,0,0,0,0,0,0,0,0,0,0,0
0,212.7,1054.38,940.92,175.68,-570.51,-1367.66,5058.38,4955.11,0,0,0,0,0,0,0,0,0,0,0,0,0,0,0,0,0,0
0,-185.34,141.08,48.28,-145.64,-438.27,-561.65,508.55,297.46,0,0,0,0,0,0,0,0,0,0,0,0,0,0,0,0,0,0
0,241.4,1020.04,914.63,207.6,-533.49,-1327.43,4906.83,4896.1,0,0,0,0,0,0,0,0,0,0,0,0,0,0,0,0,0,0
0,-99.78,397.24,330.18,-115.33,-464.56,-868.23,2440.81,2271.29,0,0,0,0,0,0,0,0,0,0,0,0,0,0,0,0,0,0
0,247.57,876.55,358.88,547.71,-690.94,-306.31,-2667.19,-3333.72,0,0,0,0,0,0,0,0,0,0,0,0,0,0,0,0,0,0
0,120.16,527.05,432.1,125.53,-399.11,-797.96,2280.95,2357.93,0,0,0,0,0,0,0,0,0,0,0,0,0,0,0,0,0,0
0,129.01,543.68,446.32,131.16,-392.68,-804.66,2353.37,2420.96,0,0,0,0,0,0,0,0,0,0,0,0,0,0,0,0,0,0
0,118.29,456.24,310.06,158.52,-399.65,-616.64,1150.13,1179.64,0,0,0,0,0,0,0,0,0,0,0,0,0,0,0,0,0,0
0,243.81,1098.63,987.32,221.01,-544.49,-1367.93,5167.01,5089.22,0,0,0,0,0,0,0,0,0,0,0,0,0,0,0,0,0,0
0,261.25,1083.61,977.13,239.79,-524.37,-1342.18,5085.2,5047.92,0,0,0,0,0,0,0,0,0,0,0,0,0,0,0,0,0,0
0,467.24,947.09,441.76,741.36,-615.84,-203.04,-2626.96,-2986.91,0,0,0,0,0,0,0,0,0,0,0,0,0,0,0,0,0,0
0,630.86,1567.48,737.07,1108.02,-925.63,-251.32,-4264.18,-5227.63,0,0,0,0,0,0,0,0,0,0,0,0,0,0,0,0,0,0
0,609.93,1231.67,579.63,973.91,-735.46,-151.28,-3581.29,-4116.12,0,0,0,0,0,0,0,0,0,0,0,0,0,0,0,0,0,0
0,204.92,844.9,762.02,185.34,-452.49,-1128.94,4080.71,4137.58,0,0,0,0,0,0,0,0,0,0,0,0,0,0,0,0,0,0
0,17.7,695.77,601.89,2.95,-510.42,-1098.1,3647.8,3484.46,0,0,0,0,0,0,0,0,0,0,0,0,0,0,0,0,0,0
0,985.71,1978.93,991.34,1564.0,-1008.51,-116.94,-5405.19,-6321.7,0,0,0,0,0,0,0,0,0,0,0,0,0,0,0,0,0,0
0,1092.46,2175.81,1100.78,1706.15,-1082.0,-124.99,-5808.59,-6882.28,0,0,0,0,0,0,0,0,0,0,0,0,0,0,0,0,0,0
0,1087.64,2229.18,1122.24,2128.6,2471.66,-95305.87,266693.13,61798.1,0,0,0,0,0,0,0,0,0,0,0,0,0,0,0,0,0,0
0,1104.0,2129.41,1065.91,1669.14,-1035.06,-114.53,-5716.86,-6734.22,0,0,0,0,0,0,0,0,0,0,0,0,0,0,0,0,0,0
0,32.45,621.2,163.08,241.13,-591.96,-310.87,-1841.07,-2332.99,0,0,0,0,0,0,0,0,0,0,0,0,0,0,0,0,0,0
0,88.78,678.33,495.67,141.35,-354.59,-822.63,2615.15,2684.89,0,0,0,0,0,0,0,0,0,0,0,0,0,0,0,0,0,0
0,208.41,986.78,803.05,221.28,-329.64,-1031.58,3978.79,4067.3,0,0,0,0,0,0,0,0,0,0,0,0,0,0,0,0,0,0
0,253.2,1210.21,998.59,271.98,-382.21,-1212.36,4873.57,4910.86,0,0,0,0,0,0,0,0,0,0,0,0,0,0,0,0,0,0
0,-28.7,422.72,96.83,136.52,-515.79,-362.9,-1300.34,-1705.62,0,0,0,0,0,0,0,0,0,0,0,0,0,0,0,0,0,0
0,-14.75,807.34,598.67,9.66,-514.98,-1076.1,3680.8,3505.11,0,0,0,0,0,0,0,0,0,0,0,0,0,0,0,0,0,0
0,500.23,1118.75,458.39,829.34,-653.65,-163.88,-3203.09,-3668.46,0,0,0,0,0,0,0,0,0,0,0,0,0,0,0,0,0,0
0,904.98,2176.08,965.33,1515.72,-1007.17,-150.2,-5500.41,-6619.42,0,0,0,0,0,0,0,0,0,0,0,0,0,0,0,0,0,0
0,124.45,1211.29,903.37,167.91,-551.19,-1305.97,4864.19,4708.35,0,0,0,0,0,0,0,0,0,0,0,0,0,0,0,0,0,0
0,-9.12,1062.96,732.51,48.55,-480.92,-1159.52,4100.56,3940.97,0,0,0,0,0,0,0,0,0,0,0,0,0,0,0,0,0,0
0,54.72,1079.05,723.39,149.94,-392.94,-1068.06,3874.18,3899.66,0,0,0,0,0,0,0,0,0,0,0,0,0,0,0,0,0,0
0,81.54,1618.45,1014.68,215.65,-421.11,-1321.79,5161.11,5086.01,0,0,0,0,0,0,0,0,0,0,0,0,0,0,0,0,0,0
0,30.58,652.05,362.63,111.58,-347.35,-675.92,1828.19,1861.18,0,0,0,0,0,0,0,0,0,0,0,0,0,0,0,0,0,0
0,292.63,1232.21,265.54,621.47,-664.11,-41.31,-3413.65,-3861.58,0,0,0,0,0,0,0,0,0,0,0,0,0,0,0,0,0,0
0,638.37,2489.89,720.71,1266.81,-1017.9,37.28,-5876.45,-6932.17,0,0,0,0,0,0,0,0,0,0,0,0,0,0,0,0,0,0
0,664.11,2443.76,731.97,1282.1,-999.93,55.52,-5914.54,-6976.96,0,0,0,0,0,0,0,0,0,0,0,0,0,0,0,0,0,0
0,0.27,1256.35,648.83,123.92,-363.98,-1035.33,3731.22,3720.49,0,0,0,0,0,0,0,0,0,0,0,0,0,0,0,0,0,0
0,-147.52,1416.47,623.61,-21.99,-444.71,-1111.78,3792.11,3630.64,0,0,0,0,0,0,0,0,0,0,0,0,0,0,0,0,0,0
0,377.39,1208.07,370.41,711.59,-661.97,-84.22,-3221.33,-3653.71,0,0,0,0,0,0,0,0,0,0,0,0,0,0,0,0,0,0
0,-59.28,1280.49,817.81,83.42,-406.09,-1160.86,4218.85,4053.62,0,0,0,0,0,0,0,0,0,0,0,0,0,0,0,0,0,0
0,1098.63,141998.3,586532.63,207504.28,321349.85,-366943.11,-121535.99,-1557174.51,0,0,0,0,0,0,0,0,0,0,0,0,0,0,0,0,0,0
0,-222.89,408.5,224.77,-145.91,-411.72,-734.66,1731.1,1551.93,0,0,0,0,0,0,0,0,0,0,0,0,0,0,0,0,0,0
0,-225.84,253.2,70.54,-146.18,-406.09,-546.9,553.34,346.0,0,0,0,0,0,0,0,0,0,0,0,0,0,0,0,0,0,0
0,665.46,1528.32,635.68,1069.93,-752.9,-37.82,-4139.99,-4746.71,0,0,0,0,0,0,0,0,0,0,0,0,0,0,0,0,0,0
0,1002.88,2263.25,992.69,1551.12,-884.32,46.67,-5535.28,-6472.44,0,0,0,0,0,0,0,0,0,0,0,0,0,0,0,0,0,0
0,-18.24,611.81,407.43,101.39,-370.68,-741.63,2036.33,2063.96,0,0,0,0,0,0,0,0,0,0,0,0,0,0,0,0,0,0
0,64.64,1289.61,936.36,221.28,-378.73,-1182.32,4534.01,4535.35,0,0,0,0,0,0,0,0,0,0,0,0,0,0,0,0,0,0
0,207.33,678.33,265.0,383.29,-460.0,-266.61,-1139.67,-1318.84,0,0,0,0,0,0,0,0,0,0,0,0,0,0,0,0,0,0
0,-232.01,270.9,77.52,-152.35,-398.84,-543.42,587.67,390.8,0,0,0,0,0,0,0,0,0,0,0,0,0,0,0,0,0,0
0,52.57,741.36,523.57,151.28,-291.56,-739.49,2371.88,2454.49,0,0,0,0,0,0,0,0,0,0,0,0,0,0,0,0,0,0
0,34.06,1364.98,938.24,174.08,-466.44,-1268.68,4730.34,4615.01,0,0,0,0,0,0,0,0,0,0,0,0,0,0,0,0,0,0
0,911.15,2283.9,950.84,1517.86,-4394.0,158202.6,-386716.63,-1898436.81,0,0,0,0,0,0,0,0,0,0,0,0,0,0,0,0,0,0
0,-276.8,644.53,178.37,-184.8,-368.0,-687.72,1486.21,1331.72,0,0,0,0,0,0,0,0,0,0,0,0,0,0,0,0,0,0
0,873.33,2231.87,941.72,1522.42,-1008.51,-132.5,-5624.32,-6739.05,0,0,0,0,0,0,0,0,0,0,0,0,0,0,0,0,0,0
0,70.27,596.26,340.1,142.43,-369.61,-670.55,1744.24,1787.42,0,0,0,0,0,0,0,0,0,0,0,0,0,0,0,0,0,0
0,-23.6,507.74,98.71,170.59,-518.74,-336.62,-1472.26,-1902.76,0,0,0,0,0,0,0,0,0,0,0,0,0,0,0,0,0,0
0,160.13,1211.29,817.0,257.76,-455.71,-1143.16,4453.54,4477.68,0,0,0,0,0,0,0,0,0,0,0,0,0,0,0,0,0,0
0,245.15,1080.66,348.96,595.72,-700.86,-257.22,-2998.17,-3710.03,0,0,0,0,0,0,0,0,0,0,0,0,0,0,0,0,0,0
0,865.01,2285.51,927.78,1494.8,-986.52,-85.56,-5678.77,-6814.15,0,0,0,0,0,0,0,0,0,0,0,0,0,0,0,0,0,0
0,99.51,929.92,580.7,164.96,-389.19,-922.68,3238.5,3359.74,0,0,0,0,0,0,0,0,0,0,0,0,0,0,0,0,0,0
0,-225.04,381.68,115.6,-161.74,-407.16,-643.46,1205.38,1037.75,0,0,0,0,0,0,0,0,0,0,0,0,0,0,0,0,0,0
0,122.58,1407.89,872.52,237.11,-548.78,17578.13,-1645751.25,-874511.23,0,0,0,0,0,0,0,0,0,0,0,0,0,0,0,0,0,0
0,-180.78,490.58,207.6,-132.77,-409.57,-729.29,1798.69,1652.51,0,0,0,0,0,0,0,0,0,0,0,0,0,0,0,0,0,0
0,126.87,1488.09,928.85,243.81,-432.37,-1220.94,4838.17,4811.35,0,0,0,0,0,0,0,0,0,0,0,0,0,0,0,0,0,0
0,-79.66,1077.71,591.96,17.97,-465.1,-1036.14,3560.1,3398.09,0,0,0,0,0,0,0,0,0,0,0,0,0,0,0,0,0,0
0,338.76,1470.66,449.54,771.4,-742.17,-186.95,-3620.45,-4394.0,0,0,0,0,0,0,0,0,0,0,0,0,0,0,0,0,0,0
0,-118.02,1025.68,538.05,-15.83,-457.58,-1008.24,3342.3,3201.48,0,0,0,0,0,0,0,0,0,0,0,0,0,0,0,0,0,0
0,212.43,734.66,239.25,417.35,-471.0,-231.74,-1518.4,-1745.31,0,0,0,0,0,0,0,0,0,0,0,0,0,0,0,0,0,0
0,498.35,1389.65,474.48,887.54,-701.4,-52.3,-3790.77,-4480.36,0,0,0,0,0,0,0,0,0,0,0,0,0,0,0,0,0,0
0,99.78,1582.5,954.87,238.45,-420.84,-1227.11,4756.36,4916.22,0,0,0,0,0,0,0,0,0,0,0,0,0,0,0,0,0,0
0,-227.18,292.9,37.55,-146.18,-407.7,-527.59,425.13,240.33,0,0,0,0,0,0,0,0,0,0,0,0,0,0,0,0,0,0
0,628.17,1521.08,607.25,1076.1,-770.06,-94.95,-4194.17,-4987.3,0,0,0,0,0,0,0,0,0,0,0,0,0,0,0,0,0,0
0,100.85,990.54,663.85,187.75,-422.45,-1001.81,3565.46,3810.88,0,0,0,0,0,0,0,0,0,0,0,0,0,0,0,0,0,0
0,690.13,1790.64,686.11,1201.09,-842.21,-47.74,-4794.45,-5767.55,0,0,0,0,0,0,0,0,0,0,0,0,0,0,0,0,0,0
0,730.63,2327.89,843.82,1362.03,-986.78,-22.53,-5652.76,-6987.96,0,0,0,0,0,0,0,0,0,0,0,0,0,0,0,0,0,0
0,111.58,877.35,244.35,410.11,-612.08,-276.27,-2394.41,-3084.0,0,0,0,0,0,0,0,0,0,0,0,0,0,0,0,0,0,0
0,816.46,2346.4,902.83,1462.88,-1003.68,-25.21,-5805.37,-7101.69,0,0,0,0,0,0,0,0,0,0,0,0,0,0,0,0,0,0
0,-123.92,960.5,527.05,-14.75,-437.2,-931.53,3020.44,2999.25,0,0,0,0,0,0,0,0,0,0,0,0,0,0,0,0,0,0
0,415.21,1709.1,569.97,904.98,-829.88,-143.23,-4156.08,-5226.28,0,0,0,0,0,0,0,0,0,0,0,0,0,0,0,0,0,0
0,12.34,1572.58,816.73,188.83,-345.2,-1059.47,4125.51,4319.43,0,0,0,0,0,0,0,0,0,0,0,0,0,0,0,0,0,0
0,-184.8,378.46,6.17,-44.79,-448.47,-383.29,-706.49,-1036.14,0,0,0,0,0,0,0,0,0,0,0,0,0,0,0,0,0,0
0,-103.53,1927.7,1629.44,272.78,-27.89,-1022.46,4358.86,4458.9,0,0,0,0,0,0,0,0,0,0,0,0,0,0,0,0,0,0
0,-284.85,1811.56,1692.47,112.12,-56.06,-1021.12,3809.27,3762.87,0,0,0,0,0,0,0,0,0,0,0,0,0,0,0,0,0,0
0,76.44,976.06,287.8,405.82,-640.78,119.36,-3044.84,-3626.08,0,0,0,0,0,0,0,0,0,0,0,0,0,0,0,0,0,0
0,-94.95,976.59,753.97,129.55,-143.77,-614.49,2067.72,2169.64,0,0,0,0,0,0,0,0,0,0,0,0,0,0,0,0,0,0
0,-315.43,608.33,465.36,-146.18,-268.49,-589.82,-1124997.38,-101.66,0,0,0,0,0,0,0,0,0,0,0,0,0,0,0,0,0,0
0,121.77,1488.09,589.55,611.01,-834.17,301.21,-4522.74,-5403.04,0,0,0,0,0,0,0,0,0,0,0,0,0,0,0,0,0,0
0,-216.72,922.68,432.1,131.16,-639.44,20.38,-2763.21,-3489.82,0,0,0,0,0,0,0,0,0,0,0,0,0,0,0,0,0,0
0,-349.22,477.17,446.59,-184.8,-274.93,-521.42,698.98,563.53,0,0,0,0,0,0,0,0,0,0,0,0,0,0,0,0,0,0
0,-221.55,689.06,262.32,50.69,-567.02,-114.26,-2082.74,-2636.34,0,0,0,0,0,0,0,0,0,0,0,0,0,0,0,0,0,0
0,-164.96,2317.16,2121.36,345.47,2.15,-1148.25,4922.12,4991.86,0,0,0,0,0,0,0,0,0,0,0,0,0,0,0,0,0,0
0,-240.59,2000.39,1863.06,212.7,-59.81,-1063.76,4153.67,4206.51,0,0,0,0,0,0,0,0,0,0,0,0,0,0,0,0,0,0
0,-105.41,708.37,533.22,94.95,-205.99,-413.33,871.18,847.04,0,0,0,0,0,0,0,0,0,0,0,0,0,0,0,0,0,0
0,-101.39,1902.49,1576.87,310.6,-64.1,-1011.73,4289.66,4424.04,0,0,0,0,0,0,0,0,0,0,0,0,0,0,0,0,0,0
0,229.6,1666.46,557.9,754.77,-778.65,229.06,-4648.0,-5638.27,0,0,0,0,0,0,0,0,0,0,0,0,0,0,0,0,0,0
0,2.15,657.41,183.19,231.47,-410.65,-121.24,-1403.33,-1683.09,0,0,0,0,0,0,0,0,0,0,0,0,0,0,0,0,0,0
0,-105.41,1002.61,263.12,242.74,-593.3,-108.63,-2641.98,-3328.09,0,0,0,0,0,0,0,0,0,0,0,0,0,0,0,0,0,0
0,-65.18,2331.64,1767.84,413.86,-177.83,-1161.13,5054.35,5102.37,0,0,0,0,0,0,0,0,0,0,0,0,0,0,0,0,0,0
0,-194.73,621.74,129.55,47.21,-492.19,-212.43,-1711.25,-2188.15,0,0,0,0,0,0,0,0,0,0,0,0,0,0,0,0,0,0
0,-72.42,2317.7,1745.05,401.26,-183.73,-1166.76,5051.4,5098.34,0,0,0,0,0,0,0,0,0,0,0,0,0,0,0,0,0,0
0,-268.22,411.99,98.97,-92.27,-401.26,-322.94,-727.42,-1033.19,0,0,0,0,0,0,0,0,0,0,0,0,0,0,0,0,0,0
0,145.11,1245.62,371.22,555.22,-657.14,159.86,-3749.46,-4464.81,0,0,0,0,0,0,0,0,0,0,0,0,0,0,0,0,0,0
0,-143.23,2264.05,1765.7,359.15,-173.81,-1145.84,4809.2,4821.0,0,0,0,0,0,0,0,0,0,0,0,0,0,0,0,0,0,0
0,-44.26,597.86,259.1,151.81,-328.57,-248.64,-369.34,-514.72,0,0,0,0,0,0,0,0,0,0,0,0,0,0,0,0,0,0
0,-129.28,2292.22,1758.99,377.12,-186.15,-1142.35,4894.23,4912.47,0,0,0,0,0,0,0,0,0,0,0,0,0,0,0,0,0,0
0,-85.83,1303.02,1016.29,244.35,-147.25,-734.66,2889.54,2986.91,0,0,0,0,0,0,0,0,0,0,0,0,0,0,0,0,0,0
0,-179.98,836.31,769.26,108.63,-171.39,-470.73,1358.81,1346.2,0,0,0,0,0,0,0,0,0,0,0,0,0,0,0,0,0,0
0,-359.15,340.1,169.52,-162.81,-392.14,-274.39,-849.46,-1147.99,0,0,0,0,0,0,0,0,0,0,0,0,0,0,0,0,0,0
0,-338.76,352.17,170.32,-148.59,-388.65,-288.34,-785.62,-1084.15,0,0,0,0,0,0,0,0,0,0,0,0,0,0,0,0,0,0
0,-304.43,760.41,280.56,36.75,-531.61,-34.6,-2470.31,-3093.12,0,0,0,0,0,0,0,0,0,0,0,0,0,0,0,0,0,0
0,59.01,885.4,243.01,377.12,-504.79,55.25,-2730.22,-3211.68,0,0,0,0,0,0,0,0,0,0,0,0,0,0,0,0,0,0
0,-239.25,391.87,92.8,-58.47,-405.55,-346.54,-676.18,-980.08,0,0,0,0,0,0,0,0,0,0,0,0,0,0,0,0,0,0
0,-59.81,715.88,404.75,150.47,-268.76,-418.69,849.19,838.19,0,0,0,0,0,0,0,0,0,0,0,0,0,0,0,0,0,0
0,157.18,1970.35,651.24,782.94,-774.35,164.42,-4957.53,-6111.41,0,0,0,0,0,0,0,0,0,0,0,0,0,0,0,0,0,0
0,196.07,2089.71,700.86,878.42,-813.25,222.36,-5352.08,-6530.91,0,0,0,0,0,0,0,0,0,0,0,0,0,0,0,0,0,0
0,-256.15,479.58,81.0,-47.21,-433.71,-272.51,-1179.1,-1558.36,0,0,0,0,0,0,0,0,0,0,0,0,0,0,0,0,0,0
0,-313.01,510.69,265.81,-133.57,-331.25,-524.1,713.2,573.46,0,0,0,0,0,0,0,0,0,0,0,0,0,0,0,0,0,0
0,-2.95,1544.68,477.17,519.81,-694.69,27.89,-3923.27,-4882.96,0,0,0,0,0,0,0,0,0,0,0,0,0,0,0,0,0,0
0,-310.33,538.59,293.17,-127.14,-328.03,-544.76,856.16,730.37,0,0,0,0,0,0,0,0,0,0,0,0,0,0,0,0,0,0
0,-279.49,931.53,597.06,-30.85,-308.72,-710.79,1970.08,1892.57,0,0,0,0,0,0,0,0,0,0,0,0,0,0,0,0,0,0
0,-15.29,1446.52,423.52,464.29,-654.73,-1.34,-3607.03,-4513.89,0,0,0,0,0,0,0,0,0,0,0,0,0,0,0,0,0,0
0,-48.28,1953.18,1440.88,409.84,-190.97,-990.27,4359.93,4461.59,0,0,0,0,0,0,0,0,0,0,0,0,0,0,0,0,0,0
0,85.83,936.9,248.1,415.47,-507.21,51.5,-2853.6,-3363.76,0,0,0,0,0,0,0,0,0,0,0,0,0,0,0,0,0,0
0,6.44,692.28,187.22,263.66,-416.28,-87.44,-1719.03,-2032.31,0,0,0,0,0,0,0,0,0,0,0,0,0,0,0,0,0,0
0,-67.32,2357.39,1720.37,477.17,-210.29,-1131.89,5055.43,5101.03,0,0,0,0,0,0,0,0,0,0,0,0,0,0,0,0,0,0
0,133.04,1943.26,651.24,764.16,-776.5,152.62,-4896.1,-6029.61,0,0,0,0,0,0,0,0,0,0,0,0,0,0,0,0,0,0
0,120.16,1072.88,280.56,487.89,-551.19,92.27,-3274.71,-3869.09,0,0,0,0,0,0,0,0,0,0,0,0,0,0,0,0,0,0
0,-51.23,1729.49,1300.07,355.93,-195.26,-908.46,3920.85,3980.67,0,0,0,0,0,0,0,0,0,0,0,0,0,0,0,0,0,0
0,-85.56,815.93,516.59,148.33,-247.57,-514.18,1434.71,1461.0,0,0,0,0,0,0,0,0,0,0,0,0,0,0,0,0,0,0
0,-299.07,941.19,653.12,-27.09,-296.12,-718.56,1966.06,1899.0,0,0,0,0,0,0,0,0,0,0,0,0,0,0,0,0,0,0
0,-301.48,1049.82,819.41,-7.24,-278.68,-742.97,2165.88,2129.67,0,0,0,0,0,0,0,0,0,0,0,0,0,0,0,0,0,0
0,-254.81,1622.2,1275.66,155.3,-281.9,-931.53,3334.25,3288.66,0,0,0,0,0,0,0,0,0,0,0,0,0,0,0,0,0,0
0,-91.2,676.99,426.74,122.85,-262.86,-380.07,638.63,604.3,0,0,0,0,0,0,0,0,0,0,0,0,0,0,0,0,0,0
0,-60.89,583.65,251.32,163.35,-346.0,-167.37,-857.5,-1058.4,0,0,0,0,0,0,0,0,0,0,0,0,0,0,0,0,0,0
0,-324.01,2343.45,2347.74,355.66,-171.39,-1104.0,4415.99,4417.33,0,0,0,0,0,0,0,0,0,0,0,0,0,0,0,0,0,0
0,-443.64,1500.16,324.82,163.08,-711.05,333.67,-3992.47,-5062.4,0,0,0,0,0,0,0,0,0,0,0,0,0,0,0,0,0,0
0,-359.95,2630.98,2288.19,548.78,108.09,-1062.42,4464.0,4616.62,0,0,0,0,0,0,0,0,0,0,0,0,0,0,0,0,0,0
0,-427.01,631.66,57.94,-112.92,-511.23,-52.3,-1968.74,-2522.35,0,0,0,0,0,0,0,0,0,0,0,0,0,0,0,0,0,0
0,-292.9,1679.87,465.63,384.63,-1266.0,416.01,-3885.98,-5865.72,0,0,0,0,0,0,0,0,0,0,0,0,0,0,0,0,0,0
0,-199.82,1843.75,565.68,445.51,-734.12,449.54,-4630.57,-6411.02,0,0,0,0,0,0,0,0,0,0,0,0,0,0,0,0,0,0
0,-379.0,382.48,287.0,-174.88,-317.57,-406.62,55.79,-86.64,0,0,0,0,0,0,0,0,0,0,0,0,0,0,0,0,0,0
0,-455.17,1796.81,1571.24,167.64,-123.11,-901.49,2916.1,3285.44,0,0,0,0,0,0,0,0,0,0,0,0,0,0,0,0,0,0
0,-391.33,442.03,65.18,-162.01,-140624.2,562447.19,1687799.44,-1687233.76,0,0,0,0,0,0,0,0,0,0,0,0,0,0,0,0,0,0
0,-247.84,1072.62,893.98,170.86,-94.68,-527.59,1619.52,2007.37,0,0,0,0,0,0,0,0,0,0,0,0,0,0,0,0,0,0
0,-423.79,2744.97,2434.37,506.13,46.13,-1105.61,4296.63,5209.39,0,0,0,0,0,0,0,0,0,0,0,0,0,0,0,0,0,0
0,-410.91,2724.59,2406.75,544.76,66.25,-1098.9,4308.16,5239.43,0,0,0,0,0,0,0,0,0,0,0,0,0,0,0,0,0,0
0,-380.87,1584.65,386.24,242.47,-703.81,397.24,-3950.63,-5845.87,0,0,0,0,0,0,0,0,0,0,0,0,0,0,0,0,0,0
0,-370.68,1308.38,313.28,138.67,-612.88,252.4,-3183.78,-4756.9,0,0,0,0,0,0,0,0,0,0,0,0,0,0,0,0,0,0
0,-264.47,1357.2,1172.66,248.64,-39.96,-643.46,2232.4,2780.91,0,0,0,0,0,0,0,0,0,0,0,0,0,0,0,0,0,0
0,-428.89,2636.88,2307.77,478.24,40.5,-1072.62,4071.33,4914.61,0,0,0,0,0,0,0,0,0,0,0,0,0,0,0,0,0,0
0,-220.75,605.11,317.84,60.08,-238.72,-206.8,-68.93,-189.9,0,0,0,0,0,0,0,0,0,0,0,0,0,0,0,0,0,0
0,-423.79,2654.58,2326.55,475.02,27.09,-1069.13,4122.56,4991.05,0,0,0,0,0,0,0,0,0,0,0,0,0,0,0,0,0,0
0,-324.28,1741.02,418.16,327.5,-720.71,543.68,-4446.83,-6512.4,0,0,0,0,0,0,0,0,0,0,0,0,0,0,0,0,0,0
0,-213.77,575.6,251.05,53.38,-268.76,-148.06,-372.83,-597.06,0,0,0,0,0,0,0,0,0,0,0,0,0,0,0,0,0,0
0,-208.41,583.38,94.41,69.47,-373.9,65.71,-1499.62,-2135.04,0,0,0,0,0,0,0,0,0,0,0,0,0,0,0,0,0,0
0,-371.75,1064.3,228.26,49.35,-546.1,140.01,-2649.49,-3959.48,0,0,0,0,0,0,0,0,0,0,0,0,0,0,0,0,0,0
0,-279.49,1483.8,311.67,304.43,-648.56,514.98,-4097.61,-5933.85,0,0,0,0,0,0,0,0,0,0,0,0,0,0,0,0,0,0
0,-227.72,679.67,425.4,71.88,-207.07,-292.63,340.91,357.0,0,0,0,0,0,0,0,0,0,0,0,0,0,0,0,0,0,0
0,-371.49,1594.31,393.48,239.79,-682.35,395.09,-3966.45,-5846.95,0,0,0,0,0,0,0,0,0,0,0,0,0,0,0,0,0,0
0,-439.08,1612.28,1370.88,127.14,-131.16,-820.76,2442.42,2912.61,0,0,0,0,0,0,0,0,0,0,0,0,0,0,0,0,0,0
0,-443.64,2239.38,1931.73,318.11,-54.99,-976.32,3387.09,4067.84,0,0,0,0,0,0,0,0,0,0,0,0,0,0,0,0,0,0
0,-312.48,1727.61,417.89,332.86,-722.86,563.53,-4455.15,-6509.72,0,0,0,0,0,0,0,0,0,0,0,0,0,0,0,0,0,0
0,-331.25,1720.37,436.13,314.09,-693.35,498.35,-4188.54,-6194.03,0,0,0,0,0,0,0,0,0,0,0,0,0,0,0,0,0,0
0,-423.25,1211.82,1021.65,29.77,-166.03,-714.0,1823.63,2168.83,0,0,0,0,0,0,0,0,0,0,0,0,0,0,0,0,0,0
0,-401.53,753.7,111.31,-66.52,-509.62,0.8,-2089.44,-3089.64,0,0,0,0,0,0,0,0,0,0,0,0,0,0,0,0,0,0
0,-402.87,383.29,120.7,-191.24,-354.59,-305.5,-500.23,-813.78,0,0,0,0,0,0,0,0,0,0,0,0,0,0,0,0,0,0
0,-359.95,1653.85,399.38,261.78,-701.13,442.03,-4109.14,-6060.45,0,0,0,0,0,0,0,0,0,0,0,0,0,0,0,0,0,0
0,-430.23,1368.73,1159.79,63.84,-153.96,-761.75,2076.03,38.36,0,0,0,0,0,0,0,0,0,0,0,0,0,0,0,0,0,0
0,-440.96,2005.22,1720.91,253.74,-78.32,-928.04,3041.09,3642.44,0,0,0,0,0,0,0,0,0,0,0,0,0,0,0,0,0,0
0,-395.36,417.35,62.23,-170.32,-402.33,-200.36,-1033.19,-1555.68,0,0,0,0,0,0,0,0,0,0,0,0,0,0,0,0,0,0
0,-395.36,2756.24,2422.84,536.44,57.4,-1095.95,4367.44,5311.85,0,0,0,0,0,0,0,0,0,0,0,0,0,0,0,0,0,0
0,-374.17,1331.45,316.77,135.99,-619.86,258.83,-3258.08,-4845.14,0,0,0,0,0,0,0,0,0,0,0,0,0,0,0,0,0,0
0,-271.44,1396.36,1209.14,249.71,-48.28,-664.38,2318.5,2893.57,0,0,0,0,0,0,0,0,0,0,0,0,0,0,0,0,0,0
0,-401.79,-1124997.38,-451.68,2617.84,2273.17,438.0,1.61,-1097.56,0,0,0,0,0,0,0,0,0,0,0,0,0,0,0,0,0,0
0,-335.81,1710.98,429.42,305.24,-704.88,498.89,-4284.83,-6291.12,0,0,0,0,0,0,0,0,0,0,0,0,0,0,0,0,0,0
0,-420.57,1166.49,979.54,15.02,-171.66,-699.25,1747.73,2079.78,0,0,0,0,0,0,0,0,0,0,0,0,0,0,0,0,0,0
0,-435.86,1824.44,1557.29,196.07,-99.51,-874.4,2764.82,3304.75,0,0,0,0,0,0,0,0,0,0,0,0,0,0,0,0,0,0
0,-421.64,2349.62,2041.97,370.41,-11.0,-994.29,3607.03,4353.49,0,0,0,0,0,0,0,0,0,0,0,0,0,0,0,0,0,0
0,-316.77,1746.65,428.89,335.81,-708.1,540.73,-4418.13,-6468.68,0,0,0,0,0,0,0,0,0,0,0,0,0,0,0,0,0,0
0,-225.84,564.07,82.88,45.6,-377.92,46.4,-1472.0,-2091.85,0,0,0,0,0,0,0,0,0,0,0,0,0,0,0,0,0,0
0,-400.72,1035.6,199.82,24.41,-569.97,120.43,-2694.01,-3994.88,0,0,0,0,0,0,0,0,0,0,0,0,0,0,0,0,0,0
0,-280.29,1482.99,301.21,302.55,-671.09,521.42,-4146.43,-5994.47,0,0,0,0,0,0,0,0,0,0,0,0,0,0,0,0,0,0
0,-230.4,678.6,426.2,65.45,-207.87,-301.75,381.41,406.62,0,0,0,0,0,0,0,0,0,0,0,0,0,0,0,0,0,0
0,-219.4,615.03,65.98,70.01,-411.99,108.9,-1834.36,-2594.23,0,0,0,0,0,0,0,0,0,0,0,0,0,0,0,0,0,0
0,-308.19,1969.81,1729.49,383.29,11.53,-855.09,3278.73,4038.6,0,0,0,0,0,0,0,0,0,0,0,0,0,0,0,0,0,0
0,-264.2,1372.22,1183.66,248.91,-47.48,-649.63,2252.25,2801.84,0,0,0,0,0,0,0,0,0,0,0,0,0,0,0,0,0,0
0,-394.02,395.09,86.9,-179.17,-372.02,-247.03,-767.65,-1189.56,0,0,0,0,0,0,0,0,0,0,0,0,0,0,0,0,0,0
0,-355.93,1705.62,416.55,287.8,-715.08,485.21,-4282.15,-6298.9,0,0,0,0,0,0,0,0,0,0,0,0,0,0,0,0,0,0
0,-230.4,673.23,53.91,85.56,-457.32,177.03,-2235.08,-3142.21,0,0,0,0,0,0,0,0,0,0,0,0,0,0,0,0,0,0
0,-271.98,1364.98,254.81,281.36,-638.9,479.31,-3966.99,-5703.72,0,0,0,0,0,0,0,0,0,0,0,0,0,0,0,0,0,0
0,-233.89,793.67,568.09,97.9,-170.05,-374.17,796.35,947.36,0,0,0,0,0,0,0,0,0,0,0,0,0,0,0,0,0,0
0,-218.6,557.63,92.27,49.62,-375.51,27.89,-1396.36,-1987.25,0,0,0,0,0,0,0,0,0,0,0,0,0,0,0,0,0,0
0,-326.42,2187.88,1935.48,431.03,36.48,-924.02,3619.1,4459.98,0,0,0,0,0,0,0,0,0,0,0,0,0,0,0,0,0,0
