0,-2788.42,-2912.88,-2314.75,6986.62,18185.65,-772.21,-2130.21,65.18,0,0,0,0,0,0,0,0,0,0,0,0,0,0,0,0,0,0
0,-2991.74,-3004.07,-2503.84,6292.19,19017.94,-711.86,-2315.82,527.32,0,0,0,0,0,0,0,0,0,0,0,0,0,0,0,0,0,0
0,-1739.14,-1806.2,-1558.9,3686.43,11009.93,-496.21,-1320.45,467.78,0,0,0,0,0,0,0,0,0,0,0,0,0,0,0,0,0,0
0,821.02,1069.4,914.9,2733.44,-15223.95,177.29,2374.29,-1301.41,0,0,0,0,0,0,0,0,0,0,0,0,0,0,0,0,0,0
0,1096.76,1358.27,1175.34,3188.88,-18047.78,248.91,2932.46,-1523.76,0,0,0,0,0,0,0,0,0,0,0,0,0,0,0,0,0,0
0,-707.84,-685.04,-563.8,1710.18,620.39,-355.39,-297.73,-241.94,0,0,0,0,0,0,0,0,0,0,0,0,0,0,0,0,0,0
0,-2657.53,-2845.02,-2352.3,6114.63,15893.7,-652.58,-2176.61,1199.48,0,0,0,0,0,0,0,0,0,0,0,0,0,0,0,0,0,0
0,-2898.66,-3171.98,-2627.76,7431.33,18478.01,-688.52,-2404.6,1437.4,0,0,0,0,0,0,0,0,0,0,0,0,0,0,0,0,0,0
0,-2816.05,-3010.78,-2576.8,7385.73,18414.98,-646.41,-2376.97,1531.27,0,0,0,0,0,0,0,0,0,0,0,0,0,0,0,0,0,0
0,420.84,606.98,522.49,1914.83,-140624.2,562214.11,-562801.78,2249745.06,0,0,0,0,0,0,0,0,0,0,0,0,0,0,0,0,0,0
0,-2965.18,-3180.83,-2746.31,6306.68,20522.12,308.72,-37936.9,-34091.68,0,0,0,0,0,0,0,0,0,0,0,0,0,0,0,0,0,0
0,-2353.1,-2537.64,-2193.24,4998.57,16747.45,-445.78,-2028.29,1829.0,0,0,0,0,0,0,0,0,0,0,0,0,0,0,0,0,0,0
0,316.5,471.26,399.38,1732.98,-7880.87,114.53,1188.49,-975.52,0,0,0,0,0,0,0,0,0,0,0,0,0,0,0,0,0,0
0,-133.84,-27.63,-32.72,1360.42,-4101.1,-119.09,472.61,-667.07,0,0,0,0,0,0,0,0,0,0,0,0,0,0,0,0,0,0
0,-2527.71,-2673.63,-2413.99,6666.9,17729.67,-657.14,-2223.01,1826.58,0,0,0,0,0,0,0,0,0,0,0,0,0,0,0,0,0,0
0,1196.0,1462.88,1214.5,2162.93,-15058.19,429.96,2626.69,-1648.49,0,0,0,0,0,0,0,0,0,0,0,0,0,0,0,0,0,0
0,150.74,320.79,269.83,1772.67,-8235.99,-194.46,1234.89,-1389.12,0,0,0,0,0,0,0,0,0,0,0,0,0,0,0,0,0,0
0,-1180.17,-1252.32,-1197.87,2518.06,3988.98,-727.68,-543.95,-359.42,0,0,0,0,0,0,0,0,0,0,0,0,0,0,0,0,0,0
0,-2832.95,-2254.67,-2034.19,5108.54,12197.61,-847.58,-2007.63,517.67,0,0,0,0,0,0,0,0,0,0,0,0,0,0,0,0,0,0
0,1161.13,1482.19,1337.89,3609.18,-20194.08,-170.32,3325.67,-2914.22,0,0,0,0,0,0,0,0,0,0,0,0,0,0,0,0,0,0
0,-2854.94,-3121.82,-1557.29,6342.35,17214.42,-1395.29,-1575.53,1529.93,0,0,0,0,0,0,0,0,0,0,0,0,0,0,0,0,0,0
0,869.57,1038.55,600.28,2326.01,-13322.53,299.87,2122.43,-1859.84,0,0,0,0,0,0,0,0,0,0,0,0,0,0,0,0,0,0
0,-3052.89,-3239.04,-2065.3,6572.22,17943.17,-1084.95,-1921.8,1952.38,0,0,0,0,0,0,0,0,0,0,0,0,0,0,0,0,0,0
0,229.6,322.13,265.27,1269.22,-4729.54,-21.46,1161.66,-734.12,0,0,0,0,0,0,0,0,0,0,0,0,0,0,0,0,0,0
0,1102.66,1282.63,988.66,2314.21,-13169.65,218.33,2790.57,-2099.37,0,0,0,0,0,0,0,0,0,0,0,0,0,0,0,0,0,0
0,-808.69,-787.76,-551.73,1791.98,2772.87,-384.9,21.73,175.15,0,0,0,0,0,0,0,0,0,0,0,0,0,0,0,0,0,0
0,-1503.38,-1485.68,-986.78,2924.41,5887.18,-555.49,-780.79,509.89,0,0,0,0,0,0,0,0,0,0,0,0,0,0,0,0,0,0
0,-1877.28,-1859.31,-1420.23,4032.17,10446.4,-583.38,-1098.9,1166.76,0,0,0,0,0,0,0,0,0,0,0,0,0,0,0,0,0,0
0,-538.86,-460.54,-370.14,1584.92,-757.46,-333.13,-150.47,-405.01,0,0,0,0,0,0,0,0,0,0,0,0,0,0,0,0,0,0
0,-1038.01,-996.44,-664.65,2209.87,3053.16,-447.66,-583.11,89.85,0,0,0,0,0,0,0,0,0,0,0,0,0,0,0,0,0,0
0,-1089.51,-1037.75,-772.74,2258.96,3390.04,-465.63,-666.8,104.07,0,0,0,0,0,0,0,0,0,0,0,0,0,0,0,0,0,0
0,1102.39,1336.54,961.3,2822.49,-14007.84,191.51,2097.22,-1997.17,0,0,0,0,0,0,0,0,0,0,0,0,0,0,0,0,0,0
0,236.84,369.07,217.26,1677.19,-6718.67,-120.7,26367.19,316385.62,0,0,0,0,0,0,0,0,0,0,0,0,0,0,0,0,0,0
0,-1150.94,-1106.41,-786.16,2433.03,4120.14,-388.65,-718.83,303.63,0,0,0,0,0,0,0,0,0,0,0,0,0,0,0,0,0,0
0,-1547.63,-1500.7,-1012.53,3590.14,8357.5,-383.56,-933.41,1032.65,0,0,0,0,0,0,0,0,0,0,0,0,0,0,0,0,0,0
0,-343.05,-283.78,-236.3,1649.02,70.81,-157.18,96.02,-77.78,0,0,0,0,0,0,0,0,0,0,0,0,0,0,0,0,0,0
0,713.74,845.16,580.97,1500.96,-8493.48,60.08,1335.2,-1219.06,0,0,0,0,0,0,0,0,0,0,0,0,0,0,0,0,0,0
0,111.58,220.75,139.74,1525.64,-5580.34,-179.17,639.71,-947.09,0,0,0,0,0,0,0,0,0,0,0,0,0,0,0,0,0,0
0,-864.74,-820.76,-521.96,2032.85,1862.79,-443.91,-440.96,-355.93,0,0,0,0,0,0,0,0,0,0,0,0,0,0,0,0,0,0
0,-2196.73,79096.74,290034.25,26364.24,-193347.05,738309.46,1819334.17,-694338.66,0,0,0,0,0,0,0,0,0,0,0,0,0,0,0,0,0,0
0,-1337.89,-1330.64,-794.47,3193.44,6986.62,-461.88,-717.76,510.42,0,0,0,0,0,0,0,0,0,0,0,0,0,0,0,0,0,0
0,-983.03,-936.09,-274.12,9886.89,755858.62,678954.58,796510.45,-923945.69,0,0,0,0,0,0,0,0,0,0,0,0,0,0,0,0,0,0
0,-2414.26,-2336.2,-1453.76,5829.51,13835.91,-656.07,-1392.33,1347.54,0,0,0,0,0,0,0,0,0,0,0,0,0,0,0,0,0,0
0,-2925.49,-2896.52,-1798.15,7128.78,16227.9,-673.23,-1767.84,1785.28,0,0,0,0,0,0,0,0,0,0,0,0,0,0,0,0,0,0
0,-1058.67,-991.34,-705.42,2301.6,3344.18,-422.45,-583.92,139.21,0,0,0,0,0,0,0,0,0,0,0,0,0,0,0,0,0,0
0,-1734.58,-1699.45,-1092.2,4104.05,9488.31,-483.33,-995.9,1133.77,0,0,0,0,0,0,0,0,0,0,0,0,0,0,0,0,0,0
0,-3185.66,-3089.9,-1918.85,7494.09,17281.74,-785.89,-1867.09,2203.7,0,0,0,0,0,0,0,0,0,0,0,0,0,0,0,0,0,0
0,991.88,1173.2,784.81,1833.02,-11483.61,218.33,1739.41,-1796.81,0,0,0,0,0,0,0,0,0,0,0,0,0,0,0,0,0,0
0,-1035.87,-977.67,-666.26,2712.25,1098.63,782363.94,949081.48,667556.8,0,0,0,0,0,0,0,0,0,0,0,0,0,0,0,0,0,0
0,-3093.93,-3077.3,-2054.3,6424.7,15578.27,-1277.54,-1728.42,1215.04,0,0,0,0,0,0,0,0,0,0,0,0,0,0,0,0,0,0
0,1289.07,1553.8,1072.62,2911.0,-16619.5,-31.65,2286.85,-3152.4,0,0,0,0,0,0,0,0,0,0,0,0,0,0,0,0,0,0
0,-431.03,-314.35,-292.9,1672.09,-2548.64,-357.27,143.5,-817.0,0,0,0,0,0,0,0,0,0,0,0,0,0,0,0,0,0,0
0,-3130.67,-3036.53,-2438.13,6818.71,17840.71,-768.72,-2089.98,1650.1,0,0,0,0,0,0,0,0,0,0,0,0,0,0,0,0,0,0
0,1028.63,1169.98,1069.13,2172.32,-13008.71,227.72,2146.3,-1961.5,0,0,0,0,0,0,0,0,0,0,0,0,0,0,0,0,0,0
0,-1416.47,-1343.25,-1259.3,3233.67,8514.14,55.25,-912.76,1169.44,0,0,0,0,0,0,0,0,0,0,0,0,0,0,0,0,0,0
0,-3242.52,-3056.91,-2682.21,7028.19,18565.18,-97.9,-2309.11,2442.96,0,0,0,0,0,0,0,0,0,0,0,0,0,0,0,0,0,0
0,-2501.16,-2342.11,-2095.88,5493.7,14270.96,-484.41,-1797.62,2224.89,0,0,0,0,0,0,0,0,0,0,0,0,0,0,0,0,0,0
0,1519.2,1704.01,1415.67,2894.64,-16456.69,439.35,2987.71,-3239.3,0,0,0,0,0,0,0,0,0,0,0,0,0,0,0,0,0,0
0,-62.76,31.65,-71.08,1355.05,-2776.62,-172.73,477.7,-773.55,0,0,0,0,0,0,0,0,0,0,0,0,0,0,0,0,0,0
0,995.1,1137.79,906.05,1814.78,-11050.17,193.92,2011.39,-2447.78,0,0,0,0,0,0,0,0,0,0,0,0,0,0,0,0,0,0
0,226.91,334.74,290.48,1517.06,-5981.33,-69.2,847.85,-1420.77,0,0,0,0,0,0,0,0,0,0,0,0,0,0,0,0,0,0
0,1606.11,1838.12,1581.16,3377.17,-17789.48,405.28,3113.24,-4013.66,0,0,0,0,0,0,0,0,0,0,0,0,0,0,0,0,0,0
0,1039.62,1197.87,1024.34,2706.89,-12867.36,127.14,2199.68,-3161.25,0,0,0,0,0,0,0,0,0,0,0,0,0,0,0,0,0,0
0,1629.98,1840.0,1573.12,3137.92,-17352.02,354.32,3085.61,-4042.89,0,0,0,0,0,0,0,0,0,0,0,0,0,0,0,0,0,0
0,233.08,327.5,185.61,1343.79,-4518.18,-38.62,810.83,-1089.25,0,0,0,0,0,0,0,0,0,0,0,0,0,0,0,0,0,0
0,1194.92,1337.89,1102.12,2113.04,-12510.9,195.26,2227.84,-2862.72,0,0,0,0,0,0,0,0,0,0,0,0,0,0,0,0,0,0
0,7690.43,35156.25,553710.97,2078613.41,1924806.14,1911616.38,-2206054.55,1485352.19,0,0,0,0,0,0,0,0,0,0,0,0,0,0,0,0,0,0
0,1560.51,1776.43,1540.39,3409.36,-16942.71,268.22,3028.48,-4117.73,0,0,0,0,0,0,0,0,0,0,0,0,0,0,0,0,0,0
0,1317.5,1466.9,1224.7,2310.99,-13346.4,229.6,2412.92,-3200.95,0,0,0,0,0,0,0,0,0,0,0,0,0,0,0,0,0,0
0,-636.49,-547.71,-552.27,1909.2,1850.19,-216.45,-208.94,396.43,0,0,0,0,0,0,0,0,0,0,0,0,0,0,0,0,0,0
0,475.82,583.65,428.62,1382.95,-6422.82,34.33,1171.59,-1289.34,0,0,0,0,0,0,0,0,0,0,0,0,0,0,0,0,0,0
0,1330.11,1479.51,1221.48,2416.4,-14271.23,221.01,2523.69,-2908.32,0,0,0,0,0,0,0,0,0,0,0,0,0,0,0,0,0,0
0,-194.46,-113.73,-92.54,1424.52,-3058.25,-235.77,316.5,-915.44,0,0,0,0,0,0,0,0,0,0,0,0,0,0,0,0,0,0
0,609.13,725.0,553.34,1455.9,-7637.05,37.01,1355.86,-1738.88,0,0,0,0,0,0,0,0,0,0,0,0,0,0,0,0,0,0
0,1515.18,1686.57,1423.18,2703.13,-15086.62,273.05,2804.79,-3469.17,0,0,0,0,0,0,0,0,0,0,0,0,0,0,0,0,0,0
0,-3204.44,-2998.17,-2597.72,7082.64,16390.44,-566.21,-2350.69,3787.82,0,0,0,0,0,0,0,0,0,0,0,0,0,0,0,0,0,0
0,1342.71,1536.37,1338.69,3130.41,-15620.65,192.31,2740.95,-3769.04,0,0,0,0,0,0,0,0,0,0,0,0,0,0,0,0,0,0
0,1495.06,1694.89,1420.77,2749.53,-15790.17,234.96,2790.03,-3595.77,0,0,0,0,0,0,0,0,0,0,0,0,0,0,0,0,0,0
0,-3269.61,-3057.99,-2689.99,7504.02,16958.54,-624.69,-2405.67,2204.51,0,0,0,0,0,0,0,0,0,0,0,0,0,0,0,0,0,0
0,359.15,456.78,306.04,1327.69,-6000.91,-63.57,1088.44,-1146.64,0,0,0,0,0,0,0,0,0,0,0,0,0,0,0,0,0,0
0,-2257.62,-2113.04,-1859.84,4513.89,10128.02,-568.09,-1728.68,1407.09,0,0,0,0,0,0,0,0,0,0,0,0,0,0,0,0,0,0
0,-3022.05,-2879.35,-2417.74,7029.27,16207.25,-447.66,-2474.07,2814.44,0,0,0,0,0,0,0,0,0,0,0,0,0,0,0,0,0,0
0,1340.03,1570.17,1302.48,3251.37,-16936.01,0.8,3031.16,-2820.61,0,0,0,0,0,0,0,0,0,0,0,0,0,0,0,0,0,0
0,1095.41,1333.06,1013.61,2542.73,-15284.84,54.72,2798.08,-2402.45,0,0,0,0,0,0,0,0,0,0,0,0,0,0,0,0,0,0
0,-269.83,-200.9,-175.68,1257.69,-1531.27,-103.27,126.06,-229.06,0,0,0,0,0,0,0,0,0,0,0,0,0,0,0,0,0,0
0,1020.85,1278.88,1025.68,3248.69,-14639.5,139.74,2900.27,-2457.71,0,0,0,0,0,0,0,0,0,0,0,0,0,0,0,0,0,0
0,313.55,523.57,372.56,2118.14,-9518.36,-150.74,1668.6,-1972.5,0,0,0,0,0,0,0,0,0,0,0,0,0,0,0,0,0,0
0,-265.27,-200.09,-284.31,1522.96,63.84,60.62,233.62,122.31,0,0,0,0,0,0,0,0,0,0,0,0,0,0,0,0,0,0
0,853.75,1110.43,893.98,3724.52,-16027.81,-266.88,2881.77,-3874.45,0,0,0,0,0,0,0,0,0,0,0,0,0,0,0,0,0,0
0,-2641.98,-2503.04,-2188.95,5275.37,14248.97,62.23,-2183.05,3128.8,0,0,0,0,0,0,0,0,0,0,0,0,0,0,0,0,0,0
0,-7.51,246.76,130.89,2091.85,-281248.94,1124312.35,2249355.06,-1125549.12,0,0,0,0,0,0,0,0,0,0,0,0,0,0,0,0,0,0
0,-162.81,-75.37,-68.4,1407.36,-3111.09,60.62,573.46,-356.73,0,0,0,0,0,0,0,0,0,0,0,0,0,0,0,0,0,0
0,-3246.01,-3044.04,-2779.84,7449.3,20933.84,409.84,-2716.27,3562.78,0,0,0,0,0,0,0,0,0,0,0,0,0,0,0,0,0,0
0,1036.14,1175.88,937.7,2048.67,-12880.24,250.79,2703.4,-1944.6,0,0,0,0,0,0,0,0,0,0,0,0,0,0,0,0,0,0
0,1513.03,1743.7,1387.78,3117.8,-17581.61,445.51,3463.54,-2474.07,0,0,0,0,0,0,0,0,0,0,0,0,0,0,0,0,0,0
0,-260.71,-213.5,-262.86,1710.18,227.18,126.06,166.03,265.81,0,0,0,0,0,0,0,0,0,0,0,0,0,0,0,0,0,0
0,-1872.72,-1892.57,-1592.43,4204.09,9057.82,-374.7,-1557.02,1237.03,0,0,0,0,0,0,0,0,0,0,0,0,0,0,0,0,0,0
0,-2754.63,-2784.67,-2196.73,79098.89,-307619.35,-175783.14,-395501.4,-1256822.33,0,0,0,0,0,0,0,0,0,0,0,0,0,0,0,0,0,0
0,-2949.09,-2991.74,-2570.09,7208.71,17279.33,-540.47,-2473.27,2575.73,0,0,0,0,0,0,0,0,0,0,0,0,0,0,0,0,0,0
0,-2221.67,-2236.16,-1945.14,5941.36,14650.76,86.1,-1986.98,3036.53,0,0,0,0,0,0,0,0,0,0,0,0,0,0,0,0,0,0
0,-132.5,-41.31,-60.08,1504.72,-3730.95,-136.79,521.15,-813.78,0,0,0,0,0,0,0,0,0,0,0,0,0,0,0,0,0,0
0,38.36,99.78,-19.31,1464.22,-2775.28,70.81,612.62,-252.13,0,0,0,0,0,0,0,0,0,0,0,0,0,0,0,0,0,0
0,-1942.99,-4394.0,140628.5,1265629.1,-1863277.87,-1230461.58,1072223.04,1265626.42,0,0,0,0,0,0,0,0,0,0,0,0,0,0,0,0,0,0
0,1300.6,1562.39,1212.09,3166.62,-15586.32,580.97,3318.43,-2040.36,0,0,0,0,0,0,0,0,0,0,0,0,0,0,0,0,0,0
0,-593.04,-602.69,-497.28,2059.94,4943.58,407042.94,-357604.73,700928.58,0,0,0,0,0,0,0,0,0,0,0,0,0,0,0,0,0,0
0,333.67,838.19,408.5,2680.06,-9761.1,456.78,1787.42,-958.35,0,0,0,0,0,0,0,0,0,0,0,0,0,0,0,0,0,0
0,-297.19,-30.85,-164.42,1859.58,-3750.0,-183.46,358.34,-707.3,0,0,0,0,0,0,0,0,0,0,0,0,0,0,0,0,0,0
0,2365.17,1032.38,1756.04,2400.85,-21148.15,8789.33,462524.71,-1684203.4,0,0,0,0,0,0,0,0,0,0,0,0,0,0,0,0,0,0
0,-5956.38,-5089.49,-6160.5,-1898.47,-31585.43,-8192.0,6119.73,-13996.84,0,0,0,0,0,0,0,0,0,0,0,0,0,0,0,0,0,0
0,-1817.73,-2455.29,-2075.23,3187.54,703.28,-2776.89,-1033.19,-3614.55,0,0,0,0,0,0,0,0,0,0,0,0,0,0,0,0,0,0
0,-11176.77,-8867.12,-10714.08,-312.21,-46464.71,-25505.66,5602.06,-20919.89,0,0,0,0,0,0,0,0,0,0,0,0,0,0,0,0,0,0
0,-5435.77,-4746.71,-5377.29,782.13,-30350.81,-9116.56,-2010.05,-14368.86,0,0,0,0,0,0,0,0,0,0,0,0,0,0,0,0,0,0
0,-2297.31,-3031.97,-2398.97,4442.54,-1535.3,-4527.57,-492.45,-4627.88,0,0,0,0,0,0,0,0,0,0,0,0,0,0,0,0,0,0
0,-2137.72,-2722.98,-2415.87,4224.21,8219.09,-2533.35,-1519.2,-1353.17,0,0,0,0,0,0,0,0,0,0,0,0,0,0,0,0,0,0
0,-533.49,-1382.68,-883.52,8402.29,24777.18,3603.28,-2211.48,9234.58,0,0,0,0,0,0,0,0,0,0,0,0,0,0,0,0,0,0
0,45.06,124.45,50.96,1846.16,1455.9,772.74,1356.12,955.13,0,0,0,0,0,0,0,0,0,0,0,0,0,0,0,0,0,0
0,522.49,763.09,640.78,1484.07,-7471.83,230.13,1594.84,-865.55,0,0,0,0,0,0,0,0,0,0,0,0,0,0,0,0,0,0
0,-831.48,-942.8,-1245.89,3180.83,7509.92,98.97,-670.28,1557.29,0,0,0,0,0,0,0,0,0,0,0,0,0,0,0,0,0,0
0,-77.52,11.53,-180.51,1477.09,-1189.83,37.82,409.04,-129.28,0,0,0,0,0,0,0,0,0,0,0,0,0,0,0,0,0,0
0,672.7,1036.94,935.82,3202.29,-12977.33,-89.32,2363.83,-2341.57,0,0,0,0,0,0,0,0,0,0,0,0,0,0,0,0,0,0
0,365.05,673.5,660.9,2548.9,-8945.44,-129.28,1461.8,-1434.98,0,0,0,0,0,0,0,0,0,0,0,0,0,0,0,0,0,0
0,567.56,955.13,837.92,3598.99,-13821.16,-272.78,2803.71,-3095.81,0,0,0,0,0,0,0,0,0,0,0,0,0,0,0,0,0,0
0,-514.72,-462.41,-683.16,1380.8,556.02,-260.17,11.0,-159.32,0,0,0,0,0,0,0,0,0,0,0,0,0,0,0,0,0,0
0,-1172.66,-1134.31,-1265.73,2859.77,4378.97,-303.89,-874.67,495.14,0,0,0,0,0,0,0,0,0,0,0,0,0,0,0,0,0,0
0,512.03,805.47,793.93,2937.82,-10170.4,-122.58,2058.06,-1923.14,0,0,0,0,0,0,0,0,0,0,0,0,0,0,0,0,0,0
0,977.13,1287.46,1214.5,2842.34,-12953.46,11.27,2683.82,-2108.48,0,0,0,0,0,0,0,0,0,0,0,0,0,0,0,0,0,0
0,-479.31,-379.53,-418.42,1886.67,-979.27,-242.47,38.62,-414.94,0,0,0,0,0,0,0,0,0,0,0,0,0,0,0,0,0,0
0,684.23,1030.24,1035.33,3148.38,-11783.48,-78.86,2273.17,-1938.7,0,0,0,0,0,0,0,0,0,0,0,0,0,0,0,0,0,0
0,-2045.18,-2003.61,-2452.34,6225.68,12312.95,231.47,-1795.74,2203.43,0,0,0,0,0,0,0,0,0,0,0,0,0,0,0,0,0,0
0,1002.61,1378.92,1358.27,3809.54,-15227.97,-40.77,3033.04,-2444.3,0,0,0,0,0,0,0,0,0,0,0,0,0,0,0,0,0,0
0,571.58,900.69,896.93,3184.32,-11200.37,-56.06,2165.35,-1838.92,0,0,0,0,0,0,0,0,0,0,0,0,0,0,0,0,0,0
0,-116.68,56.86,58.74,2086.49,-4948.41,-261.25,858.31,-1228.45,0,0,0,0,0,0,0,0,0,0,0,0,0,0,0,0,0,0
0,-711.86,-642.12,-707.84,2112.51,1506.87,-123.38,-351.37,141.08,0,0,0,0,0,0,0,0,0,0,0,0,0,0,0,0,0,0
0,-1910.27,-1890.69,-2461.2,6361.93,16727.33,1082.54,-1822.56,4069.45,0,0,0,0,0,0,0,0,0,0,0,0,0,0,0,0,0,0
0,-843.82,-833.9,-1134.84,1123.58,-157.98,-979.01,-134.92,-1875.4,0,0,0,0,0,0,0,0,0,0,0,0,0,0,0,0,0,0
0,-2827.05,-2820.34,-3285.44,3824.56,-1197.61,-3799.35,-1031.85,-6941.56,0,0,0,0,0,0,0,0,0,0,0,0,0,0,0,0,0,0
0,376.58,802.79,828.53,5131.6,-18859.15,-1811.3,2412.92,-4743.49,0,0,0,0,0,0,0,0,0,0,0,0,0,0,0,0,0,0
0,17578.13,-993163.32,1533691.77,1004152.06,1300773.28,1762206.33,391114.38,-2133546.93,0,0,0,0,0,0,0,0,0,0,0,0,0,0,0,0,0,0
0,-3034.12,-3087.49,-3554.46,5072.86,12474.42,-1596.99,-2600.67,343.86,0,0,0,0,0,0,0,0,0,0,0,0,0,0,0,0,0,0
0,-849.46,-839.8,-947.89,2376.97,4779.43,189.1,-755.04,1411.11,0,0,0,0,0,0,0,0,0,0,0,0,0,0,0,0,0,0
0,1038.28,1383.48,1340.03,2916.63,-11716.43,317.04,2719.22,-1174.0,0,0,0,0,0,0,0,0,0,0,0,0,0,0,0,0,0,0
0,-325.08,-232.01,-453.56,1613.89,3845.22,17578.39,-1142577.12,-2164305.7,0,0,0,0,0,0,0,0,0,0,0,0,0,0,0,0,0,0
0,348.15,487.63,324.01,1738.07,-2746.31,488.43,970.69,373.9,0,0,0,0,0,0,0,0,0,0,0,0,0,0,0,0,0,0
0,921.07,1170.52,1078.25,2325.48,-10306.12,467.78,2332.45,-1264.66,0,0,0,0,0,0,0,0,0,0,0,0,0,0,0,0,0,0
0,-257.49,-105.41,-108.9,1972.23,-4507.99,-490.84,517.13,-1204.04,0,0,0,0,0,0,0,0,0,0,0,0,0,0,0,0,0,0
0,-950.57,-895.59,-994.29,2313.14,2663.17,-382.75,-631.93,145.11,0,0,0,0,0,0,0,0,0,0,0,0,0,0,0,0,0,0
0,-1795.74,-1805.13,-2332.72,4837.9,11275.74,-135.72,-1513.3,1866.28,0,0,0,0,0,0,0,0,0,0,0,0,0,0,0,0,0,0
0,-2389.31,-2394.41,-2955.53,6775.8,14491.71,-55.79,-2088.1,2622.66,0,0,0,0,0,0,0,0,0,0,0,0,0,0,0,0,0,0
0,-356.47,-226.11,-232.55,1772.14,-2339.42,-299.33,231.47,-611.54,0,0,0,0,0,0,0,0,0,0,0,0,0,0,0,0,0,0
0,-1158.71,-1106.41,-1260.1,2703.67,4001.05,-368.54,-822.1,328.3,0,0,0,0,0,0,0,0,0,0,0,0,0,0,0,0,0,0
0,45.87,297.46,333.4,2559.1,-9045.75,-693.89,1341.37,-2258.96,0,0,0,0,0,0,0,0,0,0,0,0,0,0,0,0,0,0
0,-562.19,-444.98,-473.14,1894.71,-1643.39,-533.76,-2.41,-777.84,0,0,0,0,0,0,0,0,0,0,0,0,0,0,0,0,0,0
0,-1288.0,-1237.84,-1442.22,3113.51,5314.8,-306.58,-981.15,602.96,0,0,0,0,0,0,0,0,0,0,0,0,0,0,0,0,0,0
0,-1558.36,-1531.0,-1997.44,3931.85,9232.97,-139.47,-1334.67,1574.73,0,0,0,0,0,0,0,0,0,0,0,0,0,0,0,0,0,0
0,-2503.31,-2486.14,-3099.56,7420.06,15820.21,293.17,-2223.01,3270.69,0,0,0,0,0,0,0,0,0,0,0,0,0,0,0,0,0,0
0,-1124997.38,-2017.56,-2015.95,-2625.35,5972.21,12581.98,84.22,-1621.4,0,0,0,0,0,0,0,0,0,0,0,0,0,0,0,0,0,0
0,-259.64,-27.63,-4.83,2777.7,-9262.74,-1210.75,1064.3,1235.69,0,0,0,0,0,0,0,0,0,0,0,0,0,0,0,0,0,0
0,-3025.0,-3054.77,-3650.22,5626.74,14103.86,-1856.09,-2392.26,-1161.66,0,0,0,0,0,0,0,0,0,0,0,0,0,0,0,0,0,0
0,391.87,586.06,489.23,1803.52,-7105.44,-257.22,1333.33,-986.78,0,0,0,0,0,0,0,0,0,0,0,0,0,0,0,0,0,0
0,-20.92,209.21,210.02,3016.95,-9392.02,-819.41,1394.75,-2369.73,0,0,0,0,0,0,0,0,0,0,0,0,0,0,0,0,0,0
0,-2816.86,-2809.35,-3228.58,6274.49,13539.79,-620.66,-2261.64,1734.05,0,0,0,0,0,0,0,0,0,0,0,0,0,0,0,0,0,0
0,402.33,733.85,726.34,3999.44,-13912.35,-854.82,2290.87,-3142.21,0,0,0,0,0,0,0,0,0,0,0,0,0,0,0,0,0,0
0,-2089.44,-2051.89,-2512.96,5545.74,12268.42,309.8,-1887.2,2744.44,0,0,0,0,0,0,0,0,0,0,0,0,0,0,0,0,0,0
0,-2269.69,-2211.75,-2820.61,6325.19,16687.9,938.5,-1980.28,3113.78,0,0,0,0,0,0,0,0,0,0,0,0,0,0,0,0,0,0
0,-1546.03,-1466.9,-1717.15,3206.58,5011.17,-219.4,-1157.37,706.76,0,0,0,0,0,0,0,0,0,0,0,0,0,0,0,0,0,0
0,411.45,687.45,655.0,2891.15,-12650.64,-738.68,2362.49,-2753.82,0,0,0,0,0,0,0,0,0,0,0,0,0,0,0,0,0,0
0,-650.44,-569.16,-814.59,1146.91,310.33,-378.46,-66.79,-229.33,0,0,0,0,0,0,0,0,0,0,0,0,0,0,0,0,0,0
0,-2214.97,-2208.53,-2764.28,5274.03,14152.94,209.75,-1928.51,2972.96,0,0,0,0,0,0,0,0,0,0,0,0,0,0,0,0,0,0
0,483.87,778.91,738.41,3035.19,-7836.34,691.47,2303.21,-839.0,0,0,0,0,0,0,0,0,0,0,0,0,0,0,0,0,0,0
0,21.99,376.58,365.32,4213.48,-10392.76,-108.36,2561.51,-2786.01,0,0,0,0,0,0,0,0,0,0,0,0,0,0,0,0,0,0
0,-1230.33,-1271.1,-1471.46,3134.97,5342.16,-122.58,-882.98,868.77,0,0,0,0,0,0,0,0,0,0,0,0,0,0,0,0,0,0
0,-2080.59,-2221.67,-2642.51,5706.94,10779.53,-286.73,-1839.73,1865.48,0,0,0,0,0,0,0,0,0,0,0,0,0,0,0,0,0,0
0,-787.76,-728.22,-771.14,2087.3,-1158.18,-620.66,-115.07,-894.25,0,0,0,0,0,0,0,0,0,0,0,0,0,0,0,0,0,0
0,-1415.13,-1495.6,-1701.59,3593.09,6260.01,-316.5,-1277.27,1042.31,0,0,0,0,0,0,0,0,0,0,0,0,0,0,0,0,0,0
0,-2207.46,-2273.71,-2766.43,6213.34,11832.03,-216.99,-1919.66,2125.38,0,0,0,0,0,0,0,0,0,0,0,0,0,0,0,0,0,0
0,-771.67,-734.12,-796.35,2148.72,1068.86,-304.97,-378.73,-11.8,0,0,0,0,0,0,0,0,0,0,0,0,0,0,0,0,0,0
0,-1521.89,-1546.29,-1809.42,4279.73,7607.55,-100.85,-1309.45,1474.68,0,0,0,0,0,0,0,0,0,0,0,0,0,0,0,0,0,0
0,-1103.73,-1094.34,-1460.19,2900.27,5443.54,-153.42,-810.83,998.59,0,0,0,0,0,0,0,0,0,0,0,0,0,0,0,0,0,0
0,-273.59,-188.02,-377.39,1397.97,-1575.26,-248.37,336.62,-452.49,0,0,0,0,0,0,0,0,0,0,0,0,0,0,0,0,0,0
0,-1871.38,-1904.1,-2423.11,5091.1,10696.38,-183.46,-1584.11,2024.8,0,0,0,0,0,0,0,0,0,0,0,0,0,0,0,0,0,0
0,-905.51,-895.86,-1229.26,2563.12,4512.28,-99.78,-612.08,949.5,0,0,0,0,0,0,0,0,0,0,0,0,0,0,0,0,0,0
0,-2316.09,-2345.59,-2968.4,6991.45,13909.4,4.83,-1994.76,2966.79,0,0,0,0,0,0,0,0,0,0,0,0,0,0,0,0,0,0
0,-1449.47,-1449.47,-1684.96,3865.33,6679.77,-141.35,-1210.21,1360.68,0,0,0,0,0,0,0,0,0,0,0,0,0,0,0,0,0,0
0,-147.52,-7.24,24.41,1985.1,-3978.79,-190.97,667.6,-826.66,0,0,0,0,0,0,0,0,0,0,0,0,0,0,0,0,0,0
0,-1824.17,-1928.24,-2606.84,7660.66,18629.02,1689.79,-1947.82,5601.53,0,0,0,0,0,0,0,0,0,0,0,0,0,0,0,0,0,0
0,-1929.85,-1933.6,-2484.53,4779.96,8949.46,-481.99,-1326.35,561.92,0,0,0,0,0,0,0,0,0,0,0,0,0,0,0,0,0,0
0,76.98,-4496.99,2025.6,3639.22,85487.1,-267731.41,-27302.21,37112.92,0,0,0,0,0,0,0,0,0,0,0,0,0,0,0,0,0,0
0,-193.66,-99.51,-268.49,1373.02,-2235.35,-284.85,430.23,-588.48,0,0,0,0,0,0,0,0,0,0,0,0,0,0,0,0,0,0
0,-1650.1,-1653.58,-2142.28,3769.58,7874.16,-140624.2,29.5,1687555.89,0,0,0,0,0,0,0,0,0,0,0,0,0,0,0,0,0,0
0,-1121.16,-871.99,-804.66,3911.73,-14168.5,-2876.94,894.78,-6293.0,0,0,0,0,0,0,0,0,0,0,0,0,0,0,0,0,0,0
0,-2334.06,-2505.72,-3081.59,6263.76,17483.44,116.94,-2395.21,38.36,0,0,0,0,0,0,0,0,0,0,0,0,0,0,0,0,0,0
0,204.38,367.19,286.46,1828.19,-8682.58,-705.42,1467.17,-2391.73,0,0,0,0,0,0,0,0,0,0,0,0,0,0,0,0,0,0
0,38.36,208.68,276.0,2992.27,-9336.77,-836.85,1451.61,-2631.78,0,0,0,0,0,0,0,0,0,0,0,0,0,0,0,0,0,0
0,-1827.66,-2157.84,-2865.94,6871.55,15066.77,332.33,-1854.48,3724.52,0,0,0,0,0,0,0,0,0,0,0,0,0,0,0,0,0,0
0,-2185.2,-2348.81,-2917.44,5990.18,14040.29,-129.55,-2007.1,3037.33,0,0,0,0,0,0,0,0,0,0,0,0,0,0,0,0,0,0
0,-1814.51,-1840.0,-2207.99,4822.34,9654.88,-172.73,-1557.02,2038.75,0,0,0,0,0,0,0,0,0,0,0,0,0,0,0,0,0,0
0,-2305.36,-2398.43,-2983.15,7083.98,14912.01,137.06,-2146.04,3795.33,0,0,0,0,0,0,0,0,0,0,0,0,0,0,0,0,0,0
0,-6.44,106.48,-44.79,1430.69,-3308.77,-163.61,763.36,-711.86,0,0,0,0,0,0,0,0,0,0,0,0,0,0,0,0,0,0
0,330.98,578.55,644.27,3559.56,-11797.16,-607.79,2223.55,-3114.04,0,0,0,0,0,0,0,0,0,0,0,0,0,0,0,0,0,0
0,-1236.5,-1154.69,-1515.18,2606.3,5534.74,-311.94,-825.32,762.82,0,0,0,0,0,0,0,0,0,0,0,0,0,0,0,0,0,0
0,143.5,536.98,562.73,5093.25,-18917.62,-1171.05,3461.66,-5518.11,0,0,0,0,0,0,0,0,0,0,0,0,0,0,0,0,0,0
0,-2299.99,-2328.16,-2896.79,5841.32,14521.48,183.73,-2192.71,4460.51,0,0,0,0,0,0,0,0,0,0,0,0,0,0,0,0,0,0
0,-1377.85,-1408.43,-1873.52,3633.59,10975.06,657.95,-1362.03,3699.84,0,0,0,0,0,0,0,0,0,0,0,0,0,0,0,0,0,0
0,-1988.86,-2053.23,-2739.61,6789.48,14299.93,789.91,-1607.45,3788.35,0,0,0,0,0,0,0,0,0,0,0,0,0,0,0,0,0,0
0,-1881.03,-1870.57,-2096.41,2957.67,4442.54,-1303.29,-1303.55,-889.15,0,0,0,0,0,0,0,0,0,0,0,0,0,0,0,0,0,0
0,-2489.63,-2505.72,-2972.42,4480.09,9278.57,-1489.43,-1727.07,-334.47,0,0,0,0,0,0,0,0,0,0,0,0,0,0,0,0,0,0
0,-3076.23,-3155.62,-3721.03,4513.89,11281.1,-2076.57,-2426.86,-618.79,0,0,0,0,0,0,0,0,0,0,0,0,0,0,0,0,0,0
0,-2416.67,-2542.47,-3166.35,5878.33,14938.56,-190.71,-2212.02,3528.18,0,0,0,0,0,0,0,0,0,0,0,0,0,0,0,0,0,0
0,211.36,394.02,341.45,2058.6,-8242.16,-648.83,1440.61,-2075.76,0,0,0,0,0,0,0,0,0,0,0,0,0,0,0,0,0,0
0,-30.58,146.45,222.89,2522.89,-6387.41,-398.84,1164.35,-1473.87,0,0,0,0,0,0,0,0,0,0,0,0,0,0,0,0,0,0
0,523.3,846.51,921.88,4395.07,-14909.33,-686.38,3107.34,-2992.0,0,0,0,0,0,0,0,0,0,0,0,0,0,0,0,0,0,0
0,-2062.08,-2128.06,-2737.19,5515.16,12392.34,252.13,-1771.6,2650.29,0,0,0,0,0,0,0,0,0,0,0,0,0,0,0,0,0,0
0,-10.46,206.53,291.56,3100.37,-9366.01,-796.88,1612.28,-2444.57,0,0,0,0,0,0,0,0,0,0,0,0,0,0,0,0,0,0
0,-450.61,-357.27,-329.91,2004.68,-2788.69,-534.83,290.48,-977.4,0,0,0,0,0,0,0,0,0,0,0,0,0,0,0,0,0,0
0,309.53,617.44,726.34,4398.55,-15263.65,-1205.92,2737.73,-4128.72,0,0,0,0,0,0,0,0,0,0,0,0,0,0,0,0,0,0
0,727.68,978.47,987.86,3362.69,-11807.89,-324.01,2652.97,-2397.63,0,0,0,0,0,0,0,0,0,0,0,0,0,0,0,0,0,0
0,-317.57,-261.25,-453.03,1325.28,-991.34,-250.52,267.95,-426.2,0,0,0,0,0,0,0,0,0,0,0,0,0,0,0,0,0,0
0,-1952.38,-2025.07,-2566.87,5029.41,12047.68,155.57,-1794.4,2867.01,0,0,0,0,0,0,0,0,0,0,0,0,0,0,0,0,0,0
0,621.74,912.76,950.31,3562.78,-13538.18,-740.29,2751.95,-3274.71,0,0,0,0,0,0,0,0,0,0,0,0,0,0,0,0,0,0
0,-177.56,-96.02,-261.52,1396.63,-1963.91,-204.65,488.97,-481.46,0,0,0,0,0,0,0,0,0,0,0,0,0,0,0,0,0,0
0,429.42,642.39,608.33,2238.84,-8799.79,-394.02,1925.29,-2094.0,0,0,0,0,0,0,0,0,0,0,0,0,0,0,0,0,0,0
0,-144.84,17.7,86.9,2305.36,-5565.58,-479.58,954.6,-1548.17,0,0,0,0,0,0,0,0,0,0,0,0,0,0,0,0,0,0
0,-2354.71,-2429.01,-3075.42,6813.08,14880.9,683.16,-2218.72,4188.81,0,0,0,0,0,0,0,0,0,0,0,0,0,0,0,0,0,0
0,-1926.9,-1981.35,-2603.89,5495.31,12816.4,729.83,-1807.81,3755.9,0,0,0,0,0,0,0,0,0,0,0,0,0,0,0,0,0,0
0,-1084.42,-1094.07,-1536.64,3054.77,7377.42,589.82,-980.35,2460.12,0,0,0,0,0,0,0,0,0,0,0,0,0,0,0,0,0,0
0,-2165.62,-2228.92,-2974.84,7171.96,17343.43,1702.93,-2249.57,5758.97,0,0,0,0,0,0,0,0,0,0,0,0,0,0,0,0,0,0
0,-1774.01,-1816.93,-2459.59,5355.03,12766.78,1002.07,-1734.05,3969.4,0,0,0,0,0,0,0,0,0,0,0,0,0,0,0,0,0,0
0,662.77,985.18,996.44,3495.19,-12899.55,-133.84,2848.24,-3056.38,0,0,0,0,0,0,0,0,0,0,0,0,0,0,0,0,0,0
0,-710.52,-584.19,-613.42,1835.17,135.72,-174.34,-206.53,-76.44,0,0,0,0,0,0,0,0,0,0,0,0,0,0,0,0,0,0
0,-2435.45,-2150.33,-2723.25,6070.38,13819.55,917.05,-2005.49,4018.75,0,0,0,0,0,0,0,0,0,0,0,0,0,0,0,0,0,0
0,-1462.34,-1287.19,-1704.01,3403.19,7625.52,440.42,-1108.02,2250.11,0,0,0,0,0,0,0,0,0,0,0,0,0,0,0,0,0,0
0,-2708.23,-2434.1,-3027.68,7097.66,15066.77,847.58,-2241.52,4273.3,0,0,0,0,0,0,0,0,0,0,0,0,0,0,0,0,0,0
0,245.42,422.18,338.23,1734.32,-7218.09,-280.02,1552.73,-1822.29,0,0,0,0,0,0,0,0,0,0,0,0,0,0,0,0,0,0
0,618.25,892.64,898.27,3252.45,-13383.96,-521.96,2813.1,-3504.57,0,0,0,0,0,0,0,0,0,0,0,0,0,0,0,0,0,0
0,-2875.33,-2621.86,-3198.53,6910.71,14238.24,370.68,-2354.71,3676.24,0,0,0,0,0,0,0,0,0,0,0,0,0,0,0,0,0,0
0,-2572.24,-2336.2,-2946.94,6151.11,13642.79,137.33,978.47,10780.34,0,0,0,0,0,0,0,0,0,0,0,0,0,0,0,0,0,0
0,552.0,770.6,750.75,2806.66,-11461.62,-553.07,2440.54,-3142.74,0,0,0,0,0,0,0,0,0,0,0,0,0,0,0,0,0,0
0,648.29,972.3,1000.46,4160.64,-15517.38,-756.65,3192.9,-4287.24,0,0,0,0,0,0,0,0,0,0,0,0,0,0,0,0,0,0
0,414.67,727.68,799.83,4284.56,-14950.1,-994.83,2890.89,-4174.86,0,0,0,0,0,0,0,0,0,0,0,0,0,0,0,0,0,0
0,-2020.24,-1847.77,-2154.35,4459.44,8844.58,87.17,-1591.62,2067.18,0,0,0,0,0,0,0,0,0,0,0,0,0,0,0,0,0,0
0,-174.34,0.27,57.4,2092.39,-5608.23,-496.75,884.32,-1673.16,0,0,0,0,0,0,0,0,0,0,0,0,0,0,0,0,0,0
0,-2633.93,-2392.26,-2967.06,6482.36,14377.18,628.98,-548.78,19775.12,0,0,0,0,0,0,0,0,0,0,0,0,0,0,0,0,0,0
0,-1873.52,-1696.5,-2177.69,4299.04,10167.99,499.96,-1550.32,3165.01,0,0,0,0,0,0,0,0,0,0,0,0,0,0,0,0,0,0
0,819.68,1166.49,1193.05,3845.48,-14192.64,-331.25,3260.23,-3511.01,0,0,0,0,0,0,0,0,0,0,0,0,0,0,0,0,0,0
0,105.95,241.13,113.73,1573.92,-3992.2,71.35,1006.63,-782.4,0,0,0,0,0,0,0,0,0,0,0,0,0,0,0,0,0,0
0,637.02,908.46,891.57,2614.89,-10634.15,-2.68,2372.41,-2257.08,0,0,0,0,0,0,0,0,0,0,0,0,0,0,0,0,0,0
0,-393.48,-227.72,-197.41,2018.09,-4595.97,-545.83,682.62,-1804.86,0,0,0,0,0,0,0,0,0,0,0,0,0,0,0,0,0,0
0,271.98,648.83,720.98,4683.94,-17389.03,-1568.02,3110.83,-5919.9,0,0,0,0,0,0,0,0,0,0,0,0,0,0,0,0,0,0
0,369.88,604.57,556.83,2232.13,-10027.44,-654.19,1871.38,-2740.95,0,0,0,0,0,0,0,0,0,0,0,0,0,0,0,0,0,0
0,730.37,1033.46,1064.57,3848.7,-15230.12,-823.97,3008.9,-4142.94,0,0,0,0,0,0,0,0,0,0,0,0,0,0,0,0,0,0
0,-1668.07,-1564.53,-562498.42,2248872.53,2248937.44,2248655.27,-2247324.09,-2243798.87,0,0,0,0,0,0,0,0,0,0,0,0,0,0,0,0,0,0
0,514.45,755.04,723.12,2542.2,-10784.36,-607.79,2247.15,-3090.71,0,0,0,0,0,0,0,0,0,0,0,0,0,0,0,0,0,0
0,-279.49,-128.75,-79.39,2054.57,-4527.84,-518.47,661.43,-1520.28,0,0,0,0,0,0,0,0,0,0,0,0,0,0,0,0,0,0
0,-289.41,-183.73,-360.76,1386.17,-1398.24,-210.02,354.86,-447.12,0,0,0,0,0,0,0,0,0,0,0,0,0,0,0,0,0,0
0,-249.98,-133.04,-300.41,1358.0,-1973.3,-255.35,436.93,-634.88,0,0,0,0,0,0,0,0,0,0,0,0,0,0,0,0,0,0
0,401.79,624.42,589.55,2233.21,-9067.21,-446.59,1900.35,-2451.54,0,0,0,0,0,0,0,0,0,0,0,0,0,0,0,0,0,0
0,721.25,1049.28,1093.27,3753.48,-14474.27,-667.6,3062.55,-4001.32,0,0,0,0,0,0,0,0,0,0,0,0,0,0,0,0,0,0
0,727.15,1068.59,1131.36,4274.37,-15499.15,-766.31,3238.5,-4313.53,0,0,0,0,0,0,0,0,0,0,0,0,0,0,0,0,0,0
0,-1131.89,-1043.38,-1167.03,2546.49,3682.4,-70.01,-562498.42,2248731.72,0,0,0,0,0,0,0,0,0,0,0,0,0,0,0,0,0,0
0,-1787.96,-1685.77,-2201.83,4115.58,9884.48,439.61,-1522.15,2889.28,0,0,0,0,0,0,0,0,0,0,0,0,0,0,0,0,0,0
0,697.64,1040.43,1092.73,4170.3,-15096.81,-732.78,3146.5,-3973.69,0,0,0,0,0,0,0,0,0,0,0,0,0,0,0,0,0,0
0,-513.64,-406.35,-394.82,1841.34,-1569.9,-332.59,97.1,-609.93,0,0,0,0,0,0,0,0,0,0,0,0,0,0,0,0,0,0
0,-2400.85,-2274.51,-2883.91,17.17,184.54,1377.58,497.82,12026.76,0,0,0,0,0,0,0,0,0,0,0,0,0,0,0,0,0,0
0,162.54,408.77,502.91,3491.7,-10253.01,-740.83,1922.88,-3080.52,0,0,0,0,0,0,0,0,0,0,0,0,0,0,0,0,0,0
0,-349.76,-216.19,-181.59,1885.86,-3615.35,-486.82,477.43,-1253.66,0,0,0,0,0,0,0,0,0,0,0,0,0,0,0,0,0,0
0,637.83,1008.51,1101.85,4621.18,-15637.82,-873.33,3195.58,-4426.18,0,0,0,0,0,0,0,0,0,0,0,0,0,0,0,0,0,0
0,300.14,595.18,681.82,3762.33,-11824.25,-730.1,2292.22,-3404.26,0,0,0,0,0,0,0,0,0,0,0,0,0,0,0,0,0,0
0,-186.95,-11.8,59.01,2257.35,-5721.15,-552.8,928.31,-1828.19,0,0,0,0,0,0,0,0,0,0,0,0,0,0,0,0,0,0
0,-785.89,-700.06,-742.44,1951.04,608.33,-295.31,-322.13,-87.44,0,0,0,0,0,0,0,0,0,0,0,0,0,0,0,0,0,0
0,-1189.29,-1116.6,-1259.3,2607.38,4021.44,-78.86,-888.88,949.5,0,0,0,0,0,0,0,0,0,0,0,0,0,0,0,0,0,0
0,-2007.63,-1927.44,-2330.57,4847.56,10220.83,355.12,-1749.07,2859.5,0,0,0,0,0,0,0,0,0,0,0,0,0,0,0,0,0,0
0,602.42,932.87,1003.41,4126.04,-15639.96,-966.67,3186.73,-4038.33,0,0,0,0,0,0,0,0,0,0,0,0,0,0,0,0,0,0
0,-917.85,-833.36,-907.93,2098.83,1916.97,-220.48,-530.27,244.62,0,0,0,0,0,0,0,0,0,0,0,0,0,0,0,0,0,0
0,123.65,262.32,170.05,1555.14,-5470.37,-407.96,1185.27,-1562.12,0,0,0,0,0,0,0,0,0,0,0,0,0,0,0,0,0,0
0,530.54,826.12,851.06,3087.76,-13366.25,-970.69,2652.44,-3919.78,0,0,0,0,0,0,0,0,0,0,0,0,0,0,0,0,0,0
0,-1766.23,-1723.05,-2245.55,4133.55,10496.56,308.19,-1542.0,2755.17,0,0,0,0,0,0,0,0,0,0,0,0,0,0,0,0,0,0
0,-1234.89,-1187.15,-1612.01,3056.91,7342.82,365.59,-1041.23,2243.4,0,0,0,0,0,0,0,0,0,0,0,0,0,0,0,0,0,0
0,-402.6,-308.45,-288.34,1723.59,-1540.12,-210.29,151.54,-371.75,0,0,0,0,0,0,0,0,0,0,0,0,0,0,0,0,0,0
0,626.3,940.92,1037.75,4350.01,-13328.43,-513.11,2986.37,-3633.05,0,0,0,0,0,0,0,0,0,0,0,0,0,0,0,0,0,0
0,-1578.21,-1516.52,-1994.76,3481.78,8439.84,167.37,-1282.63,2091.59,0,0,0,0,0,0,0,0,0,0,0,0,0,0,0,0,0,0
0,597.6,979.81,1069.13,4565.39,-16800.02,-1398.77,3219.99,-5241.3,0,0,0,0,0,0,0,0,0,0,0,0,0,0,0,0,0,0
0,-974.18,-908.73,-1001.0,2087.3,2209.6,-339.84,-579.09,166.57,0,0,0,0,0,0,0,0,0,0,0,0,0,0,0,0,0,0
0,-1901.42,-1842.14,-2163.2,4080.44,8914.32,45.33,-1596.72,2088.37,0,0,0,0,0,0,0,0,0,0,0,0,0,0,0,0,0,0
0,-935.29,-879.5,-1200.02,2047.33,4192.02,11.53,-623.35,1030.5,0,0,0,0,0,0,0,0,0,0,0,0,0,0,0,0,0,0
0,669.48,1024.07,1155.76,4747.51,-15871.17,-1011.73,3262.37,-4489.75,0,0,0,0,0,0,0,0,0,0,0,0,0,0,0,0,0,0
0,227.72,399.92,332.06,1793.86,-6799.94,-464.02,1428.54,-1903.83,0,0,0,0,0,0,0,0,0,0,0,0,0,0,0,0,0,0
0,-2008.17,-1948.09,-2320.92,4522.2,10075.99,406.35,-1768.38,2850.92,0,0,0,0,0,0,0,0,0,0,0,0,0,0,0,0,0,0
0,-751.02,-685.84,-17577.59,562511.3,-1968732.95,1617205.3,843816.03,-1406482.9,0,0,0,0,0,0,0,0,0,0,0,0,0,0,0,0,0,0
0,-852.67,-777.04,-843.55,2004.41,1519.2,-162.54,-454.63,224.23,0,0,0,0,0,0,0,0,0,0,0,0,0,0,0,0,0,0
0,-1981.88,-1943.8,-2504.92,4656.05,11368.54,747.0,-1765.16,3529.25,0,0,0,0,0,0,0,0,0,0,0,0,0,0,0,0,0,0
0,571.31,913.56,974.71,3816.52,-14188.62,-859.11,2865.14,-4227.97,0,0,0,0,0,0,0,0,0,0,0,0,0,0,0,0,0,0
0,-2600.13,-2547.03,-3189.15,6369.17,14432.97,890.76,-2322.52,4387.29,0,0,0,0,0,0,0,0,0,0,0,0,0,0,0,0,0,0
0,508.55,845.16,964.52,4463.46,-14175.48,-858.31,2869.96,-4153.13,0,0,0,0,0,0,0,0,0,0,0,0,0,0,0,0,0,0
0,-1804.32,-1785.81,-2308.04,4252.37,10367.01,528.4,-1596.99,3022.05,0,0,0,0,0,0,0,0,0,0,0,0,0,0,0,0,0,0
0,651.24,990.27,1047.13,4076.69,-14696.09,-893.18,3073.54,-4270.08,0,0,0,0,0,0,0,0,0,0,0,0,0,0,0,0,0,0
0,583.11,925.63,1031.04,4666.78,-15289.13,-1043.38,3133.89,-4394.0,0,0,0,0,0,0,0,0,0,0,0,0,0,0,0,0,0,0
0,-1565.07,-1525.37,-1779.65,3537.57,6939.14,100.31,-1321.52,1824.44,0,0,0,0,0,0,0,0,0,0,0,0,0,0,0,0,0,0
0,-2.68,196.87,301.75,2803.98,-7804.69,-697.91,1368.19,-2466.83,0,0,0,0,0,0,0,0,0,0,0,0,0,0,0,0,0,0
0,-2521.28,-2465.49,-3065.23,6428.18,14235.83,677.79,-2177.15,3521.47,0,0,0,0,0,0,0,0,0,0,0,0,0,0,0,0,0,0
0,-281.36,-181.05,-362.63,1412.99,-1359.08,-177.56,350.56,-354.59,0,0,0,0,0,0,0,0,0,0,0,0,0,0,0,0,0,0
0,298.53,491.92,449.81,2074.96,-8275.96,-534.56,1698.37,-2332.99,0,0,0,0,0,0,0,0,0,0,0,0,0,0,0,0,0,0
0,-101.12,77.52,160.93,2512.69,-6584.82,-623.08,1128.94,-2069.59,0,0,0,0,0,0,0,0,0,0,0,0,0,0,0,0,0,0
0,-516.06,-433.18,-674.58,1607.45,1045.53,-34.06,-21.99,327.5,0,0,0,0,0,0,0,0,0,0,0,0,0,0,0,0,0,0
0,471.0,823.97,939.31,4585.24,-14292.96,-963.45,2964.11,-4315.41,0,0,0,0,0,0,0,0,0,0,0,0,0,0,0,0,0,0
0,-1908.12,-1857.97,-2224.09,4247.55,9051.65,201.17,-1638.56,2475.41,0,0,0,0,0,0,0,0,0,0,0,0,0,0,0,0,0,0
0,-2489.09,-2454.76,-3024.19,5977.84,13308.85,405.01,-2150.33,3636.81,0,0,0,0,0,0,0,0,0,0,0,0,0,0,0,0,0,0
0,616.64,974.45,1106.14,4841.12,-15870.9,-1272.98,3259.15,-5151.18,0,0,0,0,0,0,0,0,0,0,0,0,0,0,0,0,0,0
0,247.84,529.47,661.16,3882.77,-11710.26,-1084.95,2236.69,-3891.35,0,0,0,0,0,0,0,0,0,0,0,0,0,0,0,0,0,0
0,632.46,910.34,967.74,3473.73,-13255.75,-1090.32,2784.13,-4273.3,0,0,0,0,0,0,0,0,0,0,0,0,0,0,0,0,0,0
0,-2507.33,-2495.8,-3075.42,5982.4,13582.17,145.38,-2138.79,3324.33,0,0,0,0,0,0,0,0,0,0,0,0,0,0,0,0,0,0
0,-501.57,-412.79,-391.07,2070.4,-2273.71,-634.34,216.19,-1183.93,0,0,0,0,0,0,0,0,0,0,0,0,0,0,0,0,0,0
0,20.92,140.01,35.14,1466.9,-4016.34,-432.1,862.06,-1292.82,0,0,0,0,0,0,0,0,0,0,0,0,0,0,0,0,0,0
0,-2010.05,-1991.81,-2387.7,4624.93,9935.98,-48.55,-1649.83,2233.74,0,0,0,0,0,0,0,0,0,0,0,0,0,0,0,0,0,0
0,627.1,961.3,1090.05,4905.49,-15891.28,-1309.72,3190.22,-5006.08,0,0,0,0,0,0,0,0,0,0,0,0,0,0,0,0,0,0
0,455.17,681.01,705.69,2898.93,-10961.92,-888.88,2204.24,-3415.53,0,0,0,0,0,0,0,0,0,0,0,0,0,0,0,0,0,0
0,-2406.48,-2422.03,-3041.63,6015.12,13799.43,371.22,-2063.42,3832.61,0,0,0,0,0,0,0,0,0,0,0,0,0,0,0,0,0,0
0,343.86,638.37,782.67,4364.76,-12444.65,-1071.81,2423.64,-4015.0,0,0,0,0,0,0,0,0,0,0,0,0,0,0,0,0,0,0
0,-347.88,-226.38,-171.93,2184.12,-3561.97,-561.92,484.41,-1347.54,0,0,0,0,0,0,0,0,0,0,0,0,0,0,0,0,0,0
0,89.05,222.36,138.4,1570.97,-5238.09,-463.75,1075.03,-1635.88,0,0,0,0,0,0,0,0,0,0,0,0,0,0,0,0,0,0
0,-2199.14,-1124997.38,-1397.97,-1381.07,-1835.44,3075.96,7472.37,190.71,0,0,0,0,0,0,0,0,0,0,0,0,0,0,0,0,0,0
0,-176.76,-85.83,-232.82,1319.92,-2363.03,-320.52,514.98,-796.62,0,0,0,0,0,0,0,0,0,0,0,0,0,0,0,0,0,0
0,470.46,715.88,769.53,3171.98,-11791.8,-895.32,2358.47,-3747.05,0,0,0,0,0,0,0,0,0,0,0,0,0,0,0,0,0,0
0,522.76,876.81,1021.65,4820.47,-14916.84,-1144.5,3014.8,-4760.65,0,0,0,0,0,0,0,0,0,0,0,0,0,0,0,0,0,0
0,395.36,605.91,604.84,2378.85,-9123.53,-650.97,1890.69,-2808.81,0,0,0,0,0,0,0,0,0,0,0,0,0,0,0,0,0,0
0,-489.5,-384.63,-351.91,2067.45,-2332.72,-463.75,216.99,-946.82,0,0,0,0,0,0,0,0,0,0,0,0,0,0,0,0,0,0
0,156.37,304.7,237.91,1750.95,-6089.96,-491.92,1290.14,-2000.93,0,0,0,0,0,0,0,0,0,0,0,0,0,0,0,0,0,0
0,-2399.77,-2349.88,-2855.48,5649.27,11776.78,457.58,-2043.58,3680.26,0,0,0,0,0,0,0,0,0,0,0,0,0,0,0,0,0,0
0,-449.81,-279.22,-190.44,2678.99,-6522.33,-1174.81,852.41,-2832.14,0,0,0,0,0,0,0,0,0,0,0,0,0,0,0,0,0,0
0,-1053.3,-978.2,-1013.61,2118.68,-431.03,-1045.79,-387.31,-1299.53,0,0,0,0,0,0,0,0,0,0,0,0,0,0,0,0,0,0
0,-176.76,173.81,365.59,6004.39,-20334.9,-3355.98,2785.74,-8347.57,0,0,0,0,0,0,0,0,0,0,0,0,0,0,0,0,0,0
0,-372.29,-157.98,1.07,3861.31,-11487.9,-2145.5,1271.64,-4861.5,0,0,0,0,0,0,0,0,0,0,0,0,0,0,0,0,0,0
0,261.78,585.53,725.81,5116.58,-18278.18,-2661.82,2867.28,-7015.85,0,0,0,0,0,0,0,0,0,0,0,0,0,0,0,0,0,0
0,-439.88,-371.49,-534.3,1086.03,-1518.4,-783.74,167.37,-1188.22,0,0,0,0,0,0,0,0,0,0,0,0,0,0,0,0,0,0
0,-54.72,54.45,-39.43,1476.56,-4428.6,-710.79,805.74,-1652.24,0,0,0,0,0,0,0,0,0,0,0,0,0,0,0,0,0,0
0,-1653.31,-1662.43,-2113.85,2468.44,8210.51,-401.53,-1337.62,1477.63,0,0,0,0,0,0,0,0,0,0,0,0,0,0,0,0,0,0
0,455.98,764.7,932.07,5292.0,-17549.43,-2224.89,3120.48,-6399.75,0,0,0,0,0,0,0,0,0,0,0,0,0,0,0,0,0,0
0,-1611.2,-1634.81,-2264.05,4207.58,13648.69,1584.11,-1511.96,5566.66,0,0,0,0,0,0,0,0,0,0,0,0,0,0,0,0,0,0
0,-2620.79,-2637.15,-3141.94,4673.75,12674.24,-247.3,-2245.01,2895.98,0,0,0,0,0,0,0,0,0,0,0,0,0,0,0,0,0,0
0,-929.65,-915.44,-966.4,1738.88,2298.12,-239.79,-727.15,606.98,0,0,0,0,0,0,0,0,0,0,0,0,0,0,0,0,0,0
0,1079.05,1348.08,1397.16,3359.2,-7046.7,1125.45,2559.36,-58.74,0,0,0,0,0,0,0,0,0,0,0,0,0,0,0,0,0,0
0,-513.37,-431.84,-440.15,1912.15,-754.24,-125.53,84.22,-298.8,0,0,0,0,0,0,0,0,0,0,0,0,0,0,0,0,0,0
0,837.12,1116.87,1264.39,4974.43,-12886.41,-309.8,3081.59,-3496.8,0,0,0,0,0,0,0,0,0,0,0,0,0,0,0,0,0,0
0,225.84,449.27,584.19,3673.02,-9577.36,-732.24,1925.56,-3258.88,0,0,0,0,0,0,0,0,0,0,0,0,0,0,0,0,0,0
0,-299.07,-195.8,-134.65,2114.39,-3537.03,-524.37,495.67,-1356.39,0,0,0,0,0,0,0,0,0,0,0,0,0,0,0,0,0,0
0,-916.51,-877.62,-968.81,2199.68,2665.85,-37.28,-618.52,814.86,0,0,0,0,0,0,0,0,0,0,0,0,0,0,0,0,0,0
0,-1562.39,-1558.9,-1894.71,4022.24,8709.67,715.35,-1418.62,3336.94,0,0,0,0,0,0,0,0,0,0,0,0,0,0,0,0,0,0
0,-2162.13,-2176.88,-2752.48,5905.42,13675.51,1353.44,-2035.53,5385.34,0,0,0,0,0,0,0,0,0,0,0,0,0,0,0,0,0,0
0,-590.62,-522.23,-534.3,1917.51,-182.39,-162.81,-100.31,-106.48,0,0,0,0,0,0,0,0,0,0,0,0,0,0,0,0,0,0
0,443.37,640.51,622.54,2452.34,-8373.32,-425.67,1940.04,-2606.3,0,0,0,0,0,0,0,0,0,0,0,0,0,0,0,0,0,0
0,-2085.42,-2038.48,-2527.18,5143.4,11296.93,802.79,-1845.63,4025.46,0,0,0,0,0,0,0,0,0,0,0,0,0,0,0,0,0,0
0,-640.78,-563.53,-581.23,1888.01,-141.89,-218.87,-135.99,-156.91,0,0,0,0,0,0,0,0,0,0,0,0,0,0,0,0,0,0
0,-1390.73,-1327.43,-1537.17,2954.45,5649.54,210.82,-1120.63,1800.84,0,0,0,0,0,0,0,0,0,0,0,0,0,0,0,0,0,0
0,-94.95,51.5,148.33,2737.73,-6010.03,-603.77,1088.44,-2119.48,0,0,0,0,0,0,0,0,0,0,0,0,0,0,0,0,0,0
0,-689.06,-603.5,-617.71,1930.12,-159.06,-281.36,-163.35,-236.57,0,0,0,0,0,0,0,0,0,0,0,0,0,0,0,0,0,0
0,361.56,561.39,544.49,2345.32,-8786.92,-670.55,1892.03,-2882.57,0,0,0,0,0,0,0,0,0,0,0,0,0,0,0,0,0,0
0,-945.21,-880.3,-1230.6,2029.09,4243.79,203.04,-631.39,1385.36,0,0,0,0,0,0,0,0,0,0,0,0,0,0,0,0,0,0
0,530.0,817.54,966.4,4750.46,-13730.77,-1076.64,2875.33,-4624.67,0,0,0,0,0,0,0,0,0,0,0,0,0,0,0,0,0,0
0,-133.04,24.41,120.7,2622.66,-5861.97,-654.46,1026.21,-2124.04,0,0,0,0,0,0,0,0,0,0,0,0,0,0,0,0,0,0
0,-2565.53,-2502.23,-3179.49,6113.56,14384.69,888.08,-2230.26,4827.44,0,0,0,0,0,0,0,0,0,0,0,0,0,0,0,0,0,0
0,-1959.35,-1909.2,-2285.24,4637.27,9522.65,443.37,-1683.09,3116.46,0,0,0,0,0,0,0,0,0,0,0,0,0,0,0,0,0,0
0,-485.48,-418.16,-648.29,1537.98,801.18,-35.94,-42.11,263.93,0,0,0,0,0,0,0,0,0,0,0,0,0,0,0,0,0,0
0,303.89,558.44,843750.59,1124623.75,-365.85,-424.06,1125822.97,1126564.06,0,0,0,0,0,0,0,0,0,0,0,0,0,0,0,0,0,0
0,-901.22,-854.02,-1191.71,2050.28,4234.94,229.6,-609.13,1496.14,0,0,0,0,0,0,0,0,0,0,0,0,0,0,0,0,0,0
0,-1028.36,-988.39,-1108.29,2312.6,3147.57,-7.24,-720.71,947.89,0,0,0,0,0,0,0,0,0,0,0,0,0,0,0,0,0,0
0,712.39,947.62,1008.78,3566.27,-11553.35,-674.84,2638.76,-3688.04,0,0,0,0,0,0,0,0,0,0,0,0,0,0,0,0,0,0
0,-376.85,-277.34,-246.5,2074.15,-2468.97,-363.17,331.25,-943.06,0,0,0,0,0,0,0,0,0,0,0,0,0,0,0,0,0,0
0,148.59,307.38,249.18,1801.37,-6250.08,-600.01,1312.4,-2256.81,0,0,0,0,0,0,0,0,0,0,0,0,0,0,0,0,0,0
0,-2230.53,-2200.48,-2697.5,5396.34,11628.18,584.45,-1948.62,3815.98,0,0,0,0,0,0,0,0,0,0,0,0,0,0,0,0,0,0
0,-98.71,0.0,-140.55,1408.96,-2902.15,-330.45,642.12,-1021.39,0,0,0,0,0,0,0,0,0,0,0,0,0,0,0,0,0,0
0,228.79,467.78,612.62,3997.83,-10931.34,-1091.93,2206.39,-4101.37,0,0,0,0,0,0,0,0,0,0,0,0,0,0,0,0,0,0
0,-806.0,-769.79,-1079.32,1797.62,3266.13,108.9,-476.63,1102.12,0,0,0,0,0,0,0,0,0,0,0,0,0,0,0,0,0,0
0,639.17,944.14,1074.76,4915.42,-14545.08,-1224.43,3200.41,-5242.11,0,0,0,0,0,0,0,0,0,0,0,0,0,0,0,0,0,0
0,427.01,706.49,859.38,4806.79,-12565.35,-1113.65,2785.47,-4716.93,0,0,0,0,0,0,0,0,0,0,0,0,0,0,0,0,0,0
0,30.58,216.99,340.37,3335.6,-8254.23,-979.81,1643.12,-3312.53,0,0,0,0,0,0,0,0,0,0,0,0,0,0,0,0,0,0
0,-502.91,-413.6,-372.56,2082.74,-2253.06,-581.77,239.79,-1108.02,0,0,0,0,0,0,0,0,0,0,0,0,0,0,0,0,0,0
0,350.03,603.23,773.55,4912.73,-12665.66,-1359.88,2812.83,-4814.83,0,0,0,0,0,0,0,0,0,0,0,0,0,0,0,0,0,0
0,-1395.82,-1224.96,-1541.47,2387.43,6240.43,455.44,-904.44,2022.65,0,0,0,0,0,0,0,0,0,0,0,0,0,0,0,0,0,0
0,-480.12,-371.22,-321.33,2021.31,154.23,-169206.36,-149104.81,-178441.48,0,0,0,0,0,0,0,0,0,0,0,0,0,0,0,0,0,0
0,-1314.01,-1176.69,-1279.95,2512.43,3750.26,-45.33,-830.68,1027.02,0,0,0,0,0,0,0,0,0,0,0,0,0,0,0,0,0,0
0,1.88,179.44,314.62,3287.85,-7568.12,-968.81,1492.65,-3049.4,0,0,0,0,0,0,0,0,0,0,0,0,0,0,0,0,0,0
0,645.34,908.73,1050.08,5235.14,-15256.94,-1656.0,3384.14,-5996.62,0,0,0,0,0,0,0,0,0,0,0,0,0,0,0,0,0,0
0,13183.59,140626.89,-1406246.6,1054691.05,-1775371.15,-615283.5,580073.06,421886.02,0,0,0,0,0,0,0,0,0,0,0,0,0,0,0,0,0,0
0,-2201.56,-1951.58,-2305.63,4444.42,9798.38,593.57,-1646.61,3503.23,0,0,0,0,0,0,0,0,0,0,0,0,0,0,0,0,0,0
0,732.51,1002.34,1101.85,4659.27,-13768.32,-1264.66,3208.19,-5190.07,0,0,0,0,0,0,0,0,0,0,0,0,0,0,0,0,0,0
0,667.33,893.98,958.62,3901.01,-12162.48,-1133.23,2815.25,-4654.17,0,0,0,0,0,0,0,0,0,0,0,0,0,0,0,0,0,0
0,-798.76,-660.63,-928.31,1592.7,2499.01,76.71,-320.52,868.77,0,0,0,0,0,0,0,0,0,0,0,0,0,0,0,0,0,0
0,499.43,783.47,943.6,4943.04,-14054.24,-1466.36,2981.01,-5436.84,0,0,0,0,0,0,0,0,0,0,0,0,0,0,0,0,0,0
0,-1874.06,-1660.29,-1919.66,3552.05,6927.07,91.73,-1325.01,2058.6,0,0,0,0,0,0,0,0,0,0,0,0,0,0,0,0,0,0
0,617.71,-578910.59,-528785.47,-589416.0,799530.08,1293227.96,-325744.38,-367423.76,0,0,0,0,0,0,0,0,0,0,0,0,0,0,0,0,0,0
0,-89.85,116.41,178.1,3375.29,-14545.62,-2854.41,2018.63,-6731.27,0,0,0,0,0,0,0,0,0,0,0,0,0,0,0,0,0,0
0,-702.47,-579.09,-546.63,1953.45,-1098.36,-668.94,-98.97,-777.84,0,0,0,0,0,0,0,0,0,0,0,0,0,0,0,0,0,0
0,-807.34,-703.28,-933.68,1119.29,839.8,-697.91,-254.54,-579.36,0,0,0,0,0,0,0,0,0,0,0,0,0,0,0,0,0,0
0,-1104.8,-966.13,-912.49,2619.71,-4770.04,-2030.16,-15.29,-3404.8,0,0,0,0,0,0,0,0,0,0,0,0,0,0,0,0,0,0
0,-43.18,108.09,113.99,2343.98,-9977.55,-2073.35,1406.28,-4607.77,0,0,0,0,0,0,0,0,0,0,0,0,0,0,0,0,0,0
0,-641.05,-443.64,-255.35,4208.92,-12838.93,-3126.65,1218.53,-6404.04,0,0,0,0,0,0,0,0,0,0,0,0,0,0,0,0,0,0
0,-1226.31,-1130.01,-1161.4,2053.5,-205.73,-1321.26,617.71,-805640.95,0,0,0,0,0,0,0,0,0,0,0,0,0,0,0,0,0,0
0,463.49,670.82,731.97,3232.6,-10014.56,-1324.21,1958.28,-3478.29,0,0,0,0,0,0,0,0,0,0,0,0,0,0,0,0,0,0
0,-708.1,-595.45,-866.89,1368.73,2769.65,52.84,-250.52,1025.41,0,0,0,0,0,0,0,0,0,0,0,0,0,0,0,0,0,0
0,697.91,954.06,1093.8,4319.16,-6239.09,707.57,2170.18,-308.99,0,0,0,0,0,0,0,0,0,0,0,0,0,0,0,0,0,0
0,479.04,740.02,823.71,3967.79,-13611.14,-1591.89,2806.13,-5450.79,0,0,0,0,0,0,0,0,0,0,0,0,0,0,0,0,0,0
0,-907.39,-794.47,-868.23,1865.74,2694.28,287.53,-622.0,1315.62,0,0,0,0,0,0,0,0,0,0,0,0,0,0,0,0,0,0
0,914.9,1111.24,1156.3,3328.35,-8131.12,371.22,2449.13,-1748.0,0,0,0,0,0,0,0,0,0,0,0,0,0,0,0,0,0,0
0,-537.78,-416.28,-424.59,1642.32,453.83,208.14,-95.75,532.15,0,0,0,0,0,0,0,0,0,0,0,0,0,0,0,0,0,0
0,108.9,410.11,562.73,4272.22,-12644.47,-1524.03,2378.05,-5360.13,0,0,0,0,0,0,0,0,0,0,0,0,0,0,0,0,0,0
0,-1172.13,-1006.63,-1394.48,2110.09,5249.08,440.96,-781.06,2129.14,0,0,0,0,0,0,0,0,0,0,0,0,0,0,0,0,0,0
0,-2570.09,-2239.64,-2932.19,5794.11,14643.79,1878.62,-2083.54,6589.12,0,0,0,0,0,0,0,0,0,0,0,0,0,0,0,0,0,0
0,628.98,850.8,873.86,3181.1,-70311.97,-2249984.04,-1406220.04,1687537.38,0,0,0,0,0,0,0,0,0,0,0,0,0,0,0,0,0,0
0,611.28,904.17,1012.8,4798.47,-14673.03,-1510.62,15380.86,79100.76,0,0,0,0,0,0,0,0,0,0,0,0,0,0,0,0,0,0
0,-1459.39,-1320.45,-1495.87,2670.41,4575.85,-164.96,-1025.41,1185.27,0,0,0,0,0,0,0,0,0,0,0,0,0,0,0,0,0,0
0,10.73,177.56,279.75,2786.28,-5581.95,-575.33,1078.25,-2033.11,0,0,0,0,0,0,0,0,0,0,0,0,0,0,0,0,0,0
0,915.17,1209.94,1338.15,5147.43,-12684.7,-525.44,3097.68,-4043.97,0,0,0,0,0,0,0,0,0,0,0,0,0,0,0,0,0,0
0,-1970.08,-1712.59,-2339.42,4293.41,11292.1,1419.69,-1565.61,5071.79,0,0,0,0,0,0,0,0,0,0,0,0,0,0,0,0,0,0
0,836.85,1151.74,1276.2,5027.53,-14105.74,-1053.3,3337.74,-5351.54,0,0,0,0,0,0,0,0,0,0,0,0,0,0,0,0,0,0
0,198.22,363.71,280.56,1831.68,-4610.99,-191.78,1228.45,-1462.34,0,0,0,0,0,0,0,0,0,0,0,0,0,0,0,0,0,0
0,-2285.51,-2033.65,-2476.48,4743.22,9982.65,738.41,-1761.41,3855.41,0,0,0,0,0,0,0,0,0,0,0,0,0,0,0,0,0,0
0,705.69,61523.44,316401.17,-492191.02,1265621.05,1476577.61,949213.98,386716.36,0,0,0,0,0,0,0,0,0,0,0,0,0,0,0,0,0,0
0,305.24,500.23,479.31,2240.99,-7692.84,-790.45,1657.87,-3025.26,0,0,0,0,0,0,0,0,0,0,0,0,0,0,0,0,0,0
0,529.2,853.21,979.54,4675.36,-14740.62,-1729.22,2977.52,-6084.32,0,0,0,0,0,0,0,0,0,0,0,0,0,0,0,0,0,0
0,-2599.06,-2335.94,-2973.77,5203.22,12615.5,807.88,-2034.99,4689.84,0,0,0,0,0,0,0,0,0,0,0,0,0,0,0,0,0,0
0,-1663.51,-1461.0,-1980.54,3233.13,8623.57,823.97,-1302.21,3624.47,0,0,0,0,0,0,0,0,0,0,0,0,0,0,0,0,0,0
0,646.68,935.29,1081.73,5228.43,-13893.04,-1240.52,3061.21,-5348.86,0,0,0,0,0,0,0,0,0,0,0,0,0,0,0,0,0,0
0,516.06,773.55,926.97,4525.69,-10303.71,-530.54,2353.37,-3383.07,0,0,0,0,0,0,0,0,0,0,0,0,0,0,0,0,0,0
0,-2655.92,-2379.66,-2956.06,5753.07,12124.39,986.25,-2061.01,4754.48,0,0,0,0,0,0,0,0,0,0,0,0,0,0,0,0,0,0
0,391.07,697.11,859.92,4958.33,-13914.76,-1586.79,2777.7,-5739.66,0,0,0,0,0,0,0,0,0,0,0,0,0,0,0,0,0,0
0,-1720.64,-1541.73,-2030.43,3081.59,7550.69,318.91,-1279.15,2568.48,0,0,0,0,0,0,0,0,0,0,0,0,0,0,0,0,0,0
0,-2933.0,-2657.8,-3271.76,5868.94,13128.34,582.31,-2259.49,4470.44,0,0,0,0,0,0,0,0,0,0,0,0,0,0,0,0,0,0
0,276.0,546.9,712.93,4428.33,-11854.29,-1442.49,2279.34,-4856.94,0,0,0,0,0,0,0,0,0,0,0,0,0,0,0,0,0,0
0,-2651.9,-2431.42,-2957.94,5303.8,11911.42,641.85,-2121.09,4275.44,0,0,0,0,0,0,0,0,0,0,0,0,0,0,0,0,0,0
0,-2457.98,-2233.48,-2862.45,4928.83,11798.5,682.09,-1871.91,4176.2,0,0,0,0,0,0,0,0,0,0,0,0,0,0,0,0,0,0
0,-2302.68,-2117.6,-2526.91,4423.23,9359.84,221.28,-1771.6,2943.99,0,0,0,0,0,0,0,0,0,0,0,0,0,0,0,0,0,0
0,444.71,779.72,940.38,5010.63,-14553.67,-1798.15,2905.64,-5965.5,0,0,0,0,0,0,0,0,0,0,0,0,0,0,0,0,0,0
0,-5.9,124.19,19.58,1506.33,-4121.21,-541.27,849.72,-1643.93,0,0,0,0,0,0,0,0,0,0,0,0,0,0,0,0,0,0
0,-1484.07,-1471.19,-1894.71,2800.23,6909.1,189.9,-1145.84,2324.94,0,0,0,0,0,0,0,0,0,0,0,0,0,0,0,0,0,0
0,-674.58,-610.2,-604.03,1921.27,-707.3,-485.21,-108.36,-605.37,0,0,0,0,0,0,0,0,0,0,0,0,0,0,0,0,0,0
0,-139.74,206.8,169.78,2129.14,-6813.62,-1029.16,1338.15,-2755.97,0,0,0,0,0,0,0,0,0,0,0,0,0,0,0,0,0,0
0,37.28,464.56,571.31,3776.82,-10606.8,-1161.93,2458.78,-4177.81,0,0,0,0,0,0,0,0,0,0,0,0,0,0,0,0,0,0
0,1124776.64,1124798.9,2249776.71,427.28,630.86,-1125072.75,1124863.81,1125068.2,0,0,0,0,0,0,0,0,0,0,0,0,0,0,0,0,0,0
0,117.75,377.66,589.82,5083.32,-10160.21,-912.76,1925.56,-3677.04,0,0,0,0,0,0,0,0,0,0,0,0,0,0,0,0,0,0
0,-550.39,-439.08,-809.49,123046.88,632774.99,-351595.51,70242.77,119.09,0,0,0,0,0,0,0,0,0,0,0,0,0,0,0,0,0,0
0,-1348.88,-1026.75,-844.36,4846.48,-5553.25,-2432.5,1972.5,-6857.34,0,0,0,0,0,0,0,0,0,0,0,0,0,0,0,0,0,0
0,-2348.81,-2165.08,-3414.18,4076.42,13704.48,139.21,-1840.53,3429.2,0,0,0,0,0,0,0,0,0,0,0,0,0,0,0,0,0,0
0,961.04,1269.22,1509.01,4374.41,-12976.26,-960.23,2867.01,-4665.17,0,0,0,0,0,0,0,0,0,0,0,0,0,0,0,0,0,0
0,-1907.05,-1727.88,-2397.63,4222.33,11378.47,-81.54,-1543.61,2421.77,0,0,0,0,0,0,0,0,0,0,0,0,0,0,0,0,0,0
0,-410.91,-296.12,-331.52,1869.77,-1290.14,-480.12,71.88,-796.35,0,0,0,0,0,0,0,0,0,0,0,0,0,0,0,0,0,0
0,928.04,1225.77,1447.05,2777.96,-11171.67,-1006.9,2352.83,-4101.9,0,0,0,0,0,0,0,0,0,0,0,0,0,0,0,0,0,0
0,1395.29,1671.82,1827.39,2301.6,-11789.38,-686.38,2544.34,-3605.96,0,0,0,0,0,0,0,0,0,0,0,0,0,0,0,0,0,0
0,1414.87,1782.6,1988.86,4443.88,-14923.81,-704.08,2930.58,-4101.63,0,0,0,0,0,0,0,0,0,0,0,0,0,0,0,0,0,0
0,819.68,1048.74,1130.01,2329.23,-9458.54,-502.65,2045.72,-2922.0,0,0,0,0,0,0,0,0,0,0,0,0,0,0,0,0,0,0
0,-2308.04,-2112.51,-1529.93,6206.1,14236.63,727.15,-1944.6,4760.38,0,0,0,0,0,0,0,0,0,0,0,0,0,0,0,0,0,0
0,619.86,967.2,1414.06,4571.29,-12260.91,-760.14,2559.1,-4033.77,0,0,0,0,0,0,0,0,0,0,0,0,0,0,0,0,0,0
0,760.14,1040.16,1285.31,3376.36,-11972.04,-648.29,2604.69,-3743.56,0,0,0,0,0,0,0,0,0,0,0,0,0,0,0,0,0,0
0,-882.98,-777.84,-21.46,2068.79,1401.19,-320.26,-411.72,80.2,0,0,0,0,0,0,0,0,0,0,0,0,0,0,0,0,0,0
0,-1733.24,-1625.69,-274.39,2621.59,11293.98,-240.33,-1375.97,1850.19,0,0,0,0,0,0,0,0,0,0,0,0,0,0,0,0,0,0
0,1499.62,1883.98,2243.4,4148.3,-16062.14,33.26,2895.18,-2484.26,0,0,0,0,0,0,0,0,0,0,0,0,0,0,0,0,0,0
0,-1040.43,-1000.2,-707.03,2547.29,5687.62,-281.9,-898.81,699.25,0,0,0,0,0,0,0,0,0,0,0,0,0,0,0,0,0,0
0,183.73,425.4,503.72,3980.13,-8070.5,-463.75,1321.26,-1948.89,0,0,0,0,0,0,0,0,0,0,0,0,0,0,0,0,0,0
0,305.5,678.6,716.69,5307.82,-11648.83,76.98,-18092.84,-13432.24,0,0,0,0,0,0,0,0,0,0,0,0,0,0,0,0,0,0
0,101.12,408.77,450.34,4988.64,-10462.49,-1240.25,2265.66,-4285.9,0,0,0,0,0,0,0,0,0,0,0,0,0,0,0,0,0,0
0,-1493.99,-3784.33,-2969.74,5381.85,11197.15,1038.55,-1930.12,4741.88,0,0,0,0,0,0,0,0,0,0,0,0,0,0,0,0,0,0
0,-240.06,-763.09,-920.8,2045.72,557.36,-286.19,-319.18,46.4,0,0,0,0,0,0,0,0,0,0,0,0,0,0,0,0,0,0
0,442.03,-2824.1,-2508.13,3914.68,8358.03,724.73,-1375.17,3780.04,0,0,0,0,0,0,0,0,0,0,0,0,0,0,0,0,0,0
0,289.68,-237.91,-1371.15,1918.58,2773.67,40.5,-520.08,1195.73,0,0,0,0,0,0,0,0,0,0,0,0,0,0,0,0,0,0
0,-300.41,150.47,-1470.12,2380.19,2474.07,-273.32,-784.55,736.8,0,0,0,0,0,0,0,0,0,0,0,0,0,0,0,0,0,0
0,314.89,-540.2,422.18,2967.6,-8986.47,-696.03,2391.73,-3626.62,0,0,0,0,0,0,0,0,0,0,0,0,0,0,0,0,0,0
0,255.08,-801.71,395.09,4400.7,-11024.42,-956.74,3071.4,-4839.78,0,0,0,0,0,0,0,0,0,0,0,0,0,0,0,0,0,0
0,-198.75,-767.65,-167.91,1850.19,-6807.98,-961.04,1831.68,-3610.79,0,0,0,0,0,0,0,0,0,0,0,0,0,0,0,0,0,0
0,107.56,1037.75,-1602.35,2007.63,2541.12,-143.23,-642.39,1162.47,0,0,0,0,0,0,0,0,0,0,0,0,0,0,0,0,0,0
0,1053.04,1338.96,1235.69,-577880.63,-133483.63,-504821.27,1404464.81,1933181.88,0,0,0,0,0,0,0,0,0,0,0,0,0,0,0,0,0,0
0,-12.07,147.79,189.9,3494.38,-6576.78,-874.67,1625.69,-3657.73,0,0,0,0,0,0,0,0,0,0,0,0,0,0,0,0,0,0
0,-2052.96,-2130.21,-3362.15,6232.92,9934.37,569.16,-1891.49,4129.26,0,0,0,0,0,0,0,0,0,0,0,0,0,0,0,0,0,0
0,-1591.62,-1615.23,-2618.91,4030.82,10948.78,1375.44,-1591.09,5962.28,0,0,0,0,0,0,0,0,0,0,0,0,0,0,0,0,0,0
0,-1947.02,-2045.18,-3149.99,6312.04,11866.9,1637.22,-1913.76,7000.03,0,0,0,0,0,0,0,0,0,0,0,0,0,0,0,0,0,0
0,280.02,549.32,644.53,4772.45,-6809.32,-394.82,2225.97,-3246.81,0,0,0,0,0,0,0,0,0,0,0,0,0,0,0,0,0,0
0,-1211.02,-1163.54,-2064.76,3165.28,10386.05,1868.7,-1060.55,6054.28,0,0,0,0,0,0,0,0,0,0,0,0,0,0,0,0,0,0
0,764.43,1045.26,1097.83,6747.1,-5595.09,571.58,4069.45,-5312.92,0,0,0,0,0,0,0,0,0,0,0,0,0,0,0,0,0,0
0,-3862.92,-3569.75,-3531.13,6582.41,-24719.78,-8502.87,1786.89,-18275.23,0,0,0,0,0,0,0,0,0,0,0,0,0,0,0,0,0,0
0,-1687.91,-1562.12,-1585.72,2775.55,-6777.67,-2762.41,-214.58,-5540.1,0,0,0,0,0,0,0,0,0,0,0,0,0,0,0,0,0,0
0,979.01,1287.73,1468.78,4996.15,-16187.13,-1307.58,2064.76,-4586.31,0,0,0,0,0,0,0,0,0,0,0,0,0,0,0,0,0,0
0,-1277.27,-1205.65,-2072.01,6117.58,11808.16,104.07,-1394.48,3625.81,0,0,0,0,0,0,0,0,0,0,0,0,0,0,0,0,0,0
0,146.99,318.38,111.31,1640.44,-4085.54,-665.72,424.06,-1251.79,0,0,0,0,0,0,0,0,0,0,0,0,0,0,0,0,0,0
0,-1355.05,-1297.38,-2169.37,5030.48,7090.69,-1088.71,-1368.46,727.15,0,0,0,0,0,0,0,0,0,0,0,0,0,0,0,0,0,0
0,-1648.75,-1649.29,-2512.43,5548.42,9239.14,-1768.11,-1578.21,-541.81,0,0,0,0,0,0,0,0,0,0,0,0,0,0,0,0,0,0
0,-370.68,-312.48,-405.55,1626.22,-225.31,-980.62,-207.07,-1313.75,0,0,0,0,0,0,0,0,0,0,0,0,0,0,0,0,0,0
0,-1222.82,-1174.54,-1666.72,3267.2,5187.66,-1152.28,-1104.0,-214.58,0,0,0,0,0,0,0,0,0,0,0,0,0,0,0,0,0,0
0,-1680.94,-1633.2,-2521.01,5730.0,10352.25,-1254.74,-1671.02,961.3,0,0,0,0,0,0,0,0,0,0,0,0,0,0,0,0,0,0
0,-156.91,-92.27,-461.88,1985.37,-140624.2,215.38,1125253.8,-562217.87,0,0,0,0,0,0,0,0,0,0,0,0,0,0,0,0,0,0
0,1132.7,1415.94,1668.07,2386.09,-12818.81,-1890.69,1481.12,-4693.06,0,0,0,0,0,0,0,0,0,0,0,0,0,0,0,0,0,0
0,-716.15,-698.45,-548.78,17578.66,-481199.86,1735840.75,-1377684.56,-920660.25,0,0,0,0,0,0,0,0,0,0,0,0,0,0,0,0,0,0
0,2167.49,2508.94,2810.42,2786.01,-14139.27,-1092.73,2118.41,-3439.67,0,0,0,0,0,0,0,0,0,0,0,0,0,0,0,0,0,0
0,-834.44,-837.12,-1869.77,5702.11,8849.68,-1087.64,-1141.28,1445.44,0,0,0,0,0,0,0,0,0,0,0,0,0,0,0,0,0,0
0,1520.54,1907.86,2118.14,4501.55,-17405.66,-1357.73,2441.08,-4614.74,0,0,0,0,0,0,0,0,0,0,0,0,0,0,0,0,0,0
0,-2058.6,-1922.07,-3115.12,5279.12,8322.63,-1249.37,-1352.1,1458.05,0,0,0,0,0,0,0,0,0,0,0,0,0,0,0,0,0,0
0,-1050.35,-1108.29,-1631.86,2288.73,-676.99,-1587.6,-533.76,-1555.95,0,0,0,0,0,0,0,0,0,0,0,0,0,0,0,0,0,0
0,-1332.52,-1006.1,-841.41,5492.09,-22294.79,-4505.31,1565.87,-10887.09,0,0,0,0,0,0,0,0,0,0,0,0,0,0,0,0,0,0
0,-1806.74,-2253.06,-3186.2,4056.04,2496.87,-2391.46,-1392.6,-679.14,0,0,0,0,0,0,0,0,0,0,0,0,0,0,0,0,0,0
0,-2652.44,-3237.96,-3930.78,3571.9,-4746.44,-6202.61,-1366.32,-7502.94,0,0,0,0,0,0,0,0,0,0,0,0,0,0,0,0,0,0
0,-3597.92,-819.15,-565.14,4807.32,-8787.19,-3174.66,160.66,-5015.73,0,0,0,0,0,0,0,0,0,0,0,0,0,0,0,0,0,0
0,-654.19,-274.66,-238.45,3544.54,12627.3,2637.42,-1951.04,9214.46,0,0,0,0,0,0,0,0,0,0,0,0,0,0,0,0,0,0
0,3830.46,3499.75,2679.8,5934.12,15371.2,9023.22,-1022.46,13712.26,0,0,0,0,0,0,0,0,0,0,0,0,0,0,0,0,0,0
0,3297.51,82.34,-1183.93,5761.92,4065.69,329.64,368.54,2032.58,0,0,0,0,0,0,0,0,0,0,0,0,0,0,0,0,0,0
0,1864.67,999.39,779.99,3939.63,4376.83,1141.28,32.45,2744.17,0,0,0,0,0,0,0,0,0,0,0,0,0,0,0,0,0,0
0,2524.23,2182.51,2103.66,4085.54,1098.63,1453491.3,1156036.45,1224838.33,0,0,0,0,0,0,0,0,0,0,0,0,0,0,0,0,0,0
0,1652.51,1836.78,2108.75,5451.32,-1563.46,988.66,1490.24,835.51,0,0,0,0,0,0,0,0,0,0,0,0,0,0,0,0,0,0
0,487.89,628.17,638.1,2690.79,-1477.36,139.21,981.15,-645.07,0,0,0,0,0,0,0,0,0,0,0,0,0,0,0,0,0,0
0,4870.09,-460.27,-2508.67,5877.26,7123.68,97.9,-1199.48,3398.63,0,0,0,0,0,0,0,0,0,0,0,0,0,0,0,0,0,0
0,2624.27,-436.93,-1807.81,3706.81,3852.46,-289.68,-1051.43,1692.74,0,0,0,0,0,0,0,0,0,0,0,0,0,0,0,0,0,0
0,-287.0,2.15,355.12,4712.91,-4155.55,-598.67,1330.38,-2371.61,0,0,0,0,0,0,0,0,0,0,0,0,0,0,0,0,0,0
0,-4414.11,-3730.95,-2150.6,4980.33,-4897.45,-1753.9,1102.92,-2722.44,0,0,0,0,0,0,0,0,0,0,0,0,0,0,0,0,0,0
0,-965.33,-966.94,-1050.08,1830.88,833.09,-504.26,-764.7,278.68,0,0,0,0,0,0,0,0,0,0,0,0,0,0,0,0,0,0
0,-271.98,-50.96,-131.96,3464.88,-5777.75,-187.75,1117.41,-3693.13,0,0,0,0,0,0,0,0,0,0,0,0,0,0,0,0,0,0
0,-898.27,-806.54,-737.88,1929.85,939.85,-208.41,-328.57,513.11,0,0,0,0,0,0,0,0,0,0,0,0,0,0,0,0,0,0
0,-159.59,-103.27,-297.99,3245.2,-4213.75,-468.58,1160.32,-3790.77,0,0,0,0,0,0,0,0,0,0,0,0,0,0,0,0,0,0
0,-131.43,-41.84,-223.7,1376.78,-1929.04,-153.96,799.83,-1794.93,0,0,0,0,0,0,0,0,0,0,0,0,0,0,0,0,0,0
0,655.26,759.07,445.25,3459.78,-9169.4,-518.2,2552.93,-7123.14,0,0,0,0,0,0,0,0,0,0,0,0,0,0,0,0,0,0
0,-82.88,-19.31,-198.22,1353.71,-2575.73,-243.01,726.88,-1746.65,0,0,0,0,0,0,0,0,0,0,0,0,0,0,0,0,0,0
0,651.78,707.03,376.58,3522.01,-8704.84,-297.73,2607.91,-6404.85,0,0,0,0,0,0,0,0,0,0,0,0,0,0,0,0,0,0
0,-118.82,-54.72,-243.54,1321.26,-2375.1,-188.56,768.18,-1859.31,0,0,0,0,0,0,0,0,0,0,0,0,0,0,0,0,0,0
0,668.14,652.85,338.23,3759.92,-10099.05,-508.82,2628.83,-6999.76,0,0,0,0,0,0,0,0,0,0,0,0,0,0,0,0,0,0
0,-3215.7,-2948.28,-2974.03,5507.92,12807.82,664.92,-2310.99,8343.55,0,0,0,0,0,0,0,0,0,0,0,0,0,0,0,0,0,0
0,-1650.9,-1623.54,-1731.1,2290.07,4292.34,-362.37,-982.76,1860.38,0,0,0,0,0,0,0,0,0,0,0,0,0,0,0,0,0,0
0,-3009.17,-2932.19,-3074.35,6528.77,12648.23,488.7,-2018.09,6817.37,0,0,0,0,0,0,0,0,0,0,0,0,0,0,0,0,0,0
0,-2660.75,-2554.8,-2731.03,6278.25,10357.08,499.16,-1818.81,5183.91,0,0,0,0,0,0,0,0,0,0,0,0,0,0,0,0,0,0
0,-1248.57,-1166.49,-1258.22,3023.65,2618.1,-285.66,-884.86,1090.32,0,0,0,0,0,0,0,0,0,0,0,0,0,0,0,0,0,0
0,-122.31,-13.68,-205.46,3544.0,-4849.7,-655.8,716.95,-2280.41,0,0,0,0,0,0,0,0,0,0,0,0,0,0,0,0,0,0
0,-822.37,-833.63,-969.62,3296.7,2244.74,-133.31,-708.64,1397.7,0,0,0,0,0,0,0,0,0,0,0,0,0,0,0,0,0,0
0,-1940.58,-1853.67,-2017.56,6813.35,8883.21,683.16,-1289.07,5146.89,0,0,0,0,0,0,0,0,0,0,0,0,0,0,0,0,0,0
0,61.69,324.28,-124.72,5574.17,-14135.24,-2277.2,2327.08,-8338.18,0,0,0,0,0,0,0,0,0,0,0,0,0,0,0,0,0,0
0,-54.99,114.53,-232.01,3861.31,-11963.19,-2308.58,1710.98,-7342.28,0,0,0,0,0,0,0,0,0,0,0,0,0,0,0,0,0,0
0,-37.82,88.51,-170.05,2037.94,-2659.14,-320.52,596.52,-888.88,0,0,0,0,0,0,0,0,0,0,0,0,0,0,0,0,0,0
0,-748.87,-643.46,-951.38,2604.16,5923.39,1234.08,-424.59,4343.57,0,0,0,0,0,0,0,0,0,0,0,0,0,0,0,0,0,0
