0,-117276.91,-96010.75,-80912.86,-116748.52,-53552.45,-118567.06,-74649.37,-88927.84,0,0,0,0,0,0,0,0,0,0,0,0,0,0,0,0,0,0
0,-117066.09,-95842.58,-81042.68,-116608.24,-53405.2,-118203.35,-74065.72,-89110.23,0,0,0,0,0,0,0,0,0,0,0,0,0,0,0,0,0,0
0,-79101.03,315455.69,-2004662.48,34517.35,-211853.22,1019108.59,-1934521.91,-1336519.89,0,0,0,0,0,0,0,0,0,0,0,0,0,0,0,0,0,0
0,-119625.19,-96460.02,-81647.52,-116871.1,-54217.64,-118688.83,-74441.77,-88645.4,0,0,0,0,0,0,0,0,0,0,0,0,0,0,0,0,0,0
0,-125234.76,-97364.73,-82385.66,-117564.18,-55266.12,-119318.34,-75231.41,-89147.51,0,0,0,0,0,0,0,0,0,0,0,0,0,0,0,0,0,0
0,-126693.35,-97093.29,-82585.22,-117504.1,-55744.35,-119470.96,-75261.45,-89183.72,0,0,0,0,0,0,0,0,0,0,0,0,0,0,0,0,0,0
0,-136691.55,-97261.46,-84214.66,-118182.16,-57542.77,-120367.89,-77258.08,-89442.02,0,0,0,0,0,0,0,0,0,0,0,0,0,0,0,0,0,0
0,-146384.25,-97192.53,-85285.94,-119000.5,-59427.03,-120976.75,-76847.98,-91481.3,0,0,0,0,0,0,0,0,0,0,0,0,0,0,0,0,0,0
0,-143406.73,-97657.09,-84268.84,-562498.42,2179712.57,-48554.69,2208004.52,-59113.21,0,0,0,0,0,0,0,0,0,0,0,0,0,0,0,0,0,0
0,-140316.55,-97082.83,-83756.54,-117727.26,-59106.23,-119929.62,-76017.83,-91873.71,0,0,0,0,0,0,0,0,0,0,0,0,0,0,0,0,0,0
0,-144247.06,-97620.08,-83870.54,-118237.68,-60361.24,-120585.42,-73648.9,-94106.38,0,0,0,0,0,0,0,0,0,0,0,0,0,0,0,0,0,0
0,-151690.73,-97357.76,-83489.66,-118037.05,-61070.15,76.71,-191736.92,1409408.39,0,0,0,0,0,0,0,0,0,0,0,0,0,0,0,0,0,0
0,-149571.25,-97769.21,-82962.61,-117614.87,-61205.6,-118939.35,-70152.91,-95235.86,0,0,0,0,0,0,0,0,0,0,0,0,0,0,0,0,0,0
0,-145323.97,-98104.48,-82483.03,-117417.19,-60689.54,-119275.7,-72225.46,-97241.88,0,0,0,0,0,0,0,0,0,0,0,0,0,0,0,0,0,0
0,-143283.61,-98501.99,-82766.0,-117037.93,-60807.56,-118252.17,-74356.2,-98220.35,0,0,0,0,0,0,0,0,0,0,0,0,0,0,0,0,0,0
0,-138333.06,-97845.38,-82491.61,-116815.84,-61159.73,-118348.46,-76376.71,-98626.71,0,0,0,0,0,0,0,0,0,0,0,0,0,0,0,0,0,0
0,-135902.44,-97240.01,-82491.61,-117030.15,-61577.35,-118554.72,-76495.0,-99021.8,0,0,0,0,0,0,0,0,0,0,0,0,0,0,0,0,0,0
0,-134603.18,-96816.49,4926.95,2064868.42,-1867136.23,834946.5,-1301887.2,-1819899.58,0,0,0,0,0,0,0,0,0,0,0,0,0,0,0,0,0,0
0,-136338.3,-97207.55,-83328.46,-117239.63,-63109.97,-118894.29,-76660.22,-98125.94,0,0,0,0,0,0,0,0,0,0,0,0,0,0,0,0,0,0
0,-132809.32,-96955.96,-82869.53,-116794.38,-62865.89,-118596.56,-76378.05,-97636.17,0,0,0,0,0,0,0,0,0,0,0,0,0,0,0,0,0,0
0,-126205.45,-97326.91,-82190.67,-116969.0,-62429.22,-118835.28,-76234.55,-97168.93,0,0,0,0,0,0,0,0,0,0,0,0,0,0,0,0,0,0
0,-126149.66,-97266.29,-82554.11,-116622.99,-62806.61,19.04,-1049382.96,-784273.4,0,0,0,0,0,0,0,0,0,0,0,0,0,0,0,0,0,0
0,-133900.44,-98064.52,-83226.0,-117809.6,-63894.78,-119437.7,-77023.93,-97120.92,0,0,0,0,0,0,0,0,0,0,0,0,0,0,0,0,0,0
0,-124938.64,-97232.76,-82706.19,-117151.39,-63394.28,-119056.29,-77812.5,-97602.64,0,0,0,0,0,0,0,0,0,0,0,0,0,0,0,0,0,0
0,-121668.76,-97190.39,-83390.69,-117814.43,-64009.04,-119657.37,-81027.39,-99432.98,0,0,0,0,0,0,0,0,0,0,0,0,0,0,0,0,0,0
0,-118543.99,-96339.32,-83285.28,-117469.5,-64313.48,-119671.86,-1124997.38,-120123.81,0,0,0,0,0,0,0,0,0,0,0,0,0,0,0,0,0,0
0,-122276.28,-97751.77,-83811.53,-116919.64,-65567.14,-119824.74,-76466.83,-97579.57,0,0,0,0,0,0,0,0,0,0,0,0,0,0,0,0,0,0
0,-119706.73,-97516.81,-83727.31,-117093.45,-65844.75,-119308.69,-77280.88,-97130.84,0,0,0,0,0,0,0,0,0,0,0,0,0,0,0,0,0,0
0,-119100.01,-96262.61,-83549.21,-117116.52,-65913.95,-119222.32,-77393.8,-94828.7,0,0,0,0,0,0,0,0,0,0,0,0,0,0,0,0,0,0
0,-118846.27,-96506.96,-83377.81,-117539.5,-65884.98,-119318.34,-78783.99,-93653.89,0,0,0,0,0,0,0,0,0,0,0,0,0,0,0,0,0,0
0,-123858.79,-98680.35,-83967.9,-117483.98,-66941.77,-120315.86,-79451.86,-94132.67,0,0,0,0,0,0,0,0,0,0,0,0,0,0,0,0,0,0
0,-120978.36,-98222.23,-83450.77,-117297.3,-66595.77,-119319.15,-79451.06,-93293.94,0,0,0,0,0,0,0,0,0,0,0,0,0,0,0,0,0,0
0,-123134.86,-98106.9,-83478.4,-117363.28,-66329.96,-119296.62,-79999.57,-92965.37,0,0,0,0,0,0,0,0,0,0,0,0,0,0,0,0,0,0
0,-123949.98,-97456.46,-83621.89,-117822.48,-66678.11,-120013.3,-80183.84,-92715.12,0,0,0,0,0,0,0,0,0,0,0,0,0,0,0,0,0,0
0,-126344.12,-97996.66,-83685.46,-117548.09,-67168.42,-120082.5,-81022.3,-94116.57,0,0,0,0,0,0,0,0,0,0,0,0,0,0,0,0,0,0
0,-127273.24,-98978.35,-83328.19,-117496.86,-66879.28,-119657.91,-80301.86,-94194.36,0,0,0,0,0,0,0,0,0,0,0,0,0,0,0,0,0,0
0,-126602.15,-98898.95,-83256.31,-117483.71,-67099.75,-119633.5,-79627.01,-93483.04,0,0,0,0,0,0,0,0,0,0,0,0,0,0,0,0,0,0
0,-124522.37,-97684.72,-83392.83,-117069.04,-67623.86,-119215.88,-79978.65,-93348.12,0,0,0,0,0,0,0,0,0,0,0,0,0,0,0,0,0,0
0,-126284.31,-97223.38,-83608.22,-117031.76,76.98,343511.33,1366458.71,1814735.25,0,0,0,0,0,0,0,0,0,0,0,0,0,0,0,0,0,0
0,-128797.54,-97567.77,-83759.76,-117120.0,-68355.83,-118617.21,-80474.86,-94129.18,0,0,0,0,0,0,0,0,0,0,0,0,0,0,0,0,0,0
0,-123084.7,-98218.48,-82757.69,-117027.47,-67328.81,-118866.12,-79889.06,-93929.62,0,0,0,0,0,0,0,0,0,0,0,0,0,0,0,0,0,0
0,-119615.53,-98505.74,-82749.37,-116933.32,-67373.88,-118929.15,-80220.05,-93926.67,0,0,0,0,0,0,0,0,0,0,0,0,0,0,0,0,0,0
0,-117956.85,-97380.02,-82938.74,-116637.74,-67666.5,-118234.46,-79535.28,-93716.66,0,0,0,0,0,0,0,0,0,0,0,0,0,0,0,0,0,0
0,-120485.37,-97322.62,-83059.7,-116097.81,-67285.9,-117974.29,-85982.77,-99576.21,0,0,0,0,0,0,0,0,0,0,0,0,0,0,0,0,0,0
0,-122760.96,-98862.21,-83382.91,-111471.54,-67161.44,-116048.19,-89451.68,-82656.57,0,0,0,0,0,0,0,0,0,0,0,0,0,0,0,0,0,0
0,-123510.1,-98912.63,-82724.16,-111320.53,-66942.31,-118612.39,-86387.25,-89429.95,0,0,0,0,0,0,0,0,0,0,0,0,0,0,0,0,0,0
0,-124002.82,-95656.7,-76382.34,-114212.76,-65649.75,-113478.37,-88339.1,-99425.2,0,0,0,0,0,0,0,0,0,0,0,0,0,0,0,0,0,0
0,-119452.45,-96340.66,-78542.06,-120970.85,-64937.09,-114581.03,-87789.51,-90328.22,0,0,0,0,0,0,0,0,0,0,0,0,0,0,0,0,0,0
0,-127717.14,-101427.2,-77163.94,-117027.47,-65527.17,-116849.91,-82657.1,-112888.82,0,0,0,0,0,0,0,0,0,0,0,0,0,0,0,0,0,0
0,-130210.26,-100147.79,-80488.81,-112838.93,-67349.74,-120411.88,-88139.81,-116367.11,0,0,0,0,0,0,0,0,0,0,0,0,0,0,0,0,0,0
0,-128283.09,-97633.49,-80530.38,-117184.91,-66502.43,-117501.41,-80378.3,-108651.2,0,0,0,0,0,0,0,0,0,0,0,0,0,0,0,0,0,0
0,-125047.81,-96692.3,-81459.77,-116427.73,-67165.74,-120163.51,-82769.49,-106167.74,0,0,0,0,0,0,0,0,0,0,0,0,0,0,0,0,0,0
0,-120725.97,-100421.11,-80920.37,-116678.51,-65981.0,-117852.25,-80311.51,-103513.16,0,0,0,0,0,0,0,0,0,0,0,0,0,0,0,0,0,0
0,-118734.69,-100707.3,-81048.85,-116957.46,-65747.65,-118116.98,-78268.74,-100140.01,0,0,0,0,0,0,0,0,0,0,0,0,0,0,0,0,0,0
0,-116085.48,-98610.08,-81697.14,-116162.99,-66307.16,-118247.07,-78486.8,-96033.55,0,0,0,0,0,0,0,0,0,0,0,0,0,0,0,0,0,0
0,-116630.5,-98219.82,-81332.63,-116985.63,-66040.01,-117906.43,-78059.26,-95434.88,0,0,0,0,0,0,0,0,0,0,0,0,0,0,0,0,0,0
0,-118304.47,-99169.32,-81325.12,-117171.5,-66193.44,-118522.26,-77861.05,-94974.88,0,0,0,0,0,0,0,0,0,0,0,0,0,0,0,0,0,0
0,-116031.83,-99194.8,-81816.77,-116223.34,-66482.85,-117658.32,-77766.36,-95039.79,0,0,0,0,0,0,0,0,0,0,0,0,0,0,0,0,0,0
0,-116108.28,-98404.09,-81592.8,-116837.03,-66400.77,-117964.9,-77943.39,-94782.57,0,0,0,0,0,0,0,0,0,0,0,0,0,0,0,0,0,0
0,-117761.86,-99073.3,-81900.99,-116831.4,-67094.66,-118190.74,-78330.97,-95074.66,0,0,0,0,0,0,0,0,0,0,0,0,0,0,0,0,0,0
0,-120057.56,-99194.53,-81751.32,-116866.27,-67208.12,-118314.93,-80578.93,-96246.78,0,0,0,0,0,0,0,0,0,0,0,0,0,0,0,0,0,0
0,-119850.23,-98731.32,-82418.92,-117088.89,-67998.03,-118422.22,-80573.56,-96423.81,0,0,0,0,0,0,0,0,0,0,0,0,0,0,0,0,0,0
0,-118489.0,-98618.66,-82341.41,-116836.76,-68042.55,-118195.84,-80659.66,-96255.9,0,0,0,0,0,0,0,0,0,0,0,0,0,0,0,0,0,0
0,-117325.19,-99091.54,-82349.45,-116762.47,-67829.31,-117846.08,-79744.22,-95670.38,0,0,0,0,0,0,0,0,0,0,0,0,0,0,0,0,0,0
0,-117806.65,-99594.45,-82282.94,-116713.38,-67636.46,-118218.37,-80998.96,-96405.3,0,0,0,0,0,0,0,0,0,0,0,0,0,0,0,0,0,0
0,-118297.76,-99434.59,-81812.74,-115910.33,-67602.4,-117915.28,-84588.03,-100016.09,0,0,0,0,0,0,0,0,0,0,0,0,0,0,0,0,0,0
0,-119369.57,-99562.0,-81567.59,-116411.37,-67509.33,-118332.9,-81380.1,-99439.95,0,0,0,0,0,0,0,0,0,0,0,0,0,0,0,0,0,0
0,-120186.84,-99232.62,-80817.64,2464.41,-2174474.76,1773463.03,-2198371.09,1309016.78,0,0,0,0,0,0,0,0,0,0,0,0,0,0,0,0,0,0
0,-119264.16,-99784.89,-81671.66,-117137.17,-67313.53,-118174.65,-79791.97,-96731.46,0,0,0,0,0,0,0,0,0,0,0,0,0,0,0,0,0,0
0,-120712.02,-99756.72,-81694.73,-117000.65,-67323.18,-118354.89,-82389.15,-98539.27,0,0,0,0,0,0,0,0,0,0,0,0,0,0,0,0,0,0
0,-119353.48,-98995.51,-82046.63,-116606.63,-67535.08,-118001.11,-82249.94,-98345.35,0,0,0,0,0,0,0,0,0,0,0,0,0,0,0,0,0,0
0,-121330.27,-98869.45,-81707.33,-117151.39,-67549.56,-118300.18,-82812.67,-98832.7,0,0,0,0,0,0,0,0,0,0,0,0,0,0,0,0,0,0
0,-122130.1,-99077.86,-82066.21,-117470.57,-67903.88,-118083.45,-82125.49,-98575.75,0,0,0,0,0,0,0,0,0,0,0,0,0,0,0,0,0,0
0,-122067.88,-99188.1,-82521.65,-117028.54,-68089.22,-118155.87,-82210.25,-98729.17,0,0,0,0,0,0,0,0,0,0,0,0,0,0,0,0,0,0
0,-123111.79,-98716.56,-82190.67,-117892.75,-67521.93,-118284.35,-81059.04,-98046.01,0,0,0,0,0,0,0,0,0,0,0,0,0,0,0,0,0,0
0,-122138.95,-99284.65,-82122.54,-117642.5,-67531.05,-118259.14,-80168.01,-97558.65,0,0,0,0,0,0,0,0,0,0,0,0,0,0,0,0,0,0
0,-120776.66,-98582.45,-82257.19,-116607.7,-67356.98,-118087.21,-80554.52,-95192.41,0,0,0,0,0,0,0,0,0,0,0,0,0,0,0,0,0,0
0,-120661.86,-97825.26,-82325.31,-116940.03,-66989.52,-118253.51,-78832.27,-93179.14,0,0,0,0,0,0,0,0,0,0,0,0,0,0,0,0,0,0
0,-122477.45,-100376.05,-83132.39,-116941.64,-68360.39,-118026.32,-79628.08,-94203.75,0,0,0,0,0,0,0,0,0,0,0,0,0,0,0,0,0,0
0,-123187.43,-100343.32,-83026.18,-117331.9,-68598.84,-118434.56,-79703.19,-94084.12,0,0,0,0,0,0,0,0,0,0,0,0,0,0,0,0,0,0
0,-124416.69,-97846.45,2464.15,-1993749.65,-1362858.91,-112067.26,477077.04,1008812.13,0,0,0,0,0,0,0,0,0,0,0,0,0,0,0,0,0,0
0,-125230.74,-98900.29,-84332.41,-119239.49,-69110.87,-118889.73,-80711.97,-82567.52,0,0,0,0,0,0,0,0,0,0,0,0,0,0,0,0,0,0
0,-124064.78,-100991.08,-83946.71,-119342.75,-69363.0,-119388.35,-81513.41,-83926.06,0,0,0,0,0,0,0,0,0,0,0,0,0,0,0,0,0,0
0,-121894.61,-101255.27,-84010.28,-117894.36,-69540.3,-118792.09,-80432.21,-85788.85,0,0,0,0,0,0,0,0,0,0,0,0,0,0,0,0,0,0
0,-126740.55,-99386.31,-85019.86,-118170.63,-70534.05,-120652.21,-80117.05,-83486.71,0,0,0,0,0,0,0,0,0,0,0,0,0,0,0,0,0,0
0,-122382.5,-98147.4,-84028.79,-118047.78,-70033.82,-119580.4,-81337.99,-88471.06,0,0,0,0,0,0,0,0,0,0,0,0,0,0,0,0,0,0
0,-126019.84,-100934.21,-84345.29,-117311.78,-70909.83,-119150.44,-81593.34,-90249.36,0,0,0,0,0,0,0,0,0,0,0,0,0,0,0,0,0,0
0,-124335.68,-101333.06,-84268.31,-116802.16,-70935.58,-117994.94,-81109.74,-90354.24,0,0,0,0,0,0,0,0,0,0,0,0,0,0,0,0,0,0
0,-111602.7,-99287.87,-82683.39,-116797.07,-69019.41,-117817.38,-80904.55,-91014.33,0,0,0,0,0,0,0,0,0,0,0,0,0,0,0,0,0,0
0,-119205.96,-98783.35,-83818.5,-117029.88,-70680.77,-118089.36,-80511.6,-91786.54,0,0,0,0,0,0,0,0,0,0,0,0,0,0,0,0,0,0
0,-117130.47,-99031.19,-83795.17,-115885.65,-71247.79,-117245.8,-80384.2,-91479.96,0,0,0,0,0,0,0,0,0,0,0,0,0,0,0,0,0,0
0,-121317.66,-100988.39,-83957.71,-116672.08,-71592.72,-117682.46,-80408.34,-91732.89,0,0,0,0,0,0,0,0,0,0,0,0,0,0,0,0,0,0
0,-127486.74,-101319.92,-84545.65,-118346.85,-72497.43,-119052.27,-81264.5,-93742.14,0,0,0,0,0,0,0,0,0,0,0,0,0,0,0,0,0,0
0,-122244.37,-99386.04,-83732.13,-117145.49,-71587.36,-117909.38,-80872.36,-93723.9,0,0,0,0,0,0,0,0,0,0,0,0,0,0,0,0,0,0
0,-127822.56,-99572.46,-84005.45,-116948.08,-72216.87,-118454.14,-80486.39,-93540.17,0,0,0,0,0,0,0,0,0,0,0,0,0,0,0,0,0,0
0,-126809.22,-100653.12,-83871.61,-117505.71,-72219.29,-118652.89,-81115.1,-94737.51,0,0,0,0,0,0,0,0,0,0,0,0,0,0,0,0,0,0
0,-127900.34,-101257.69,-84119.18,-117842.06,-72492.07,-118711.09,-81445.28,-95923.04,0,0,0,0,0,0,0,0,0,0,0,0,0,0,0,0,0,0
0,-127915.9,-100535.1,-84263.48,-117479.15,-72961.19,-118487.13,-81775.73,-96555.51,0,0,0,0,0,0,0,0,0,0,0,0,0,0,0,0,0,0
0,-122140.83,-99357.34,-83484.83,-116957.46,-72033.95,-117749.25,-80976.7,-95387.14,0,0,0,0,0,0,0,0,0,0,0,0,0,0,0,0,0,0
0,-126591.42,-101068.59,-83863.83,-117749.52,-72894.13,-118975.29,-80601.46,-94975.42,0,0,0,0,0,0,0,0,0,0,0,0,0,0,0,0,0,0
0,19.04,-1022773.3,-809878.84,-670747.29,-945238.14,-583399.54,-949802.19,-646399.27,0,0,0,0,0,0,0,0,0,0,0,0,0,0,0,0,0,0
0,-123271.12,-100046.13,-83568.79,-117268.06,-72654.88,-117916.35,-80346.65,-94772.11,0,0,0,0,0,0,0,0,0,0,0,0,0,0,0,0,0,0
0,-128151.66,-100618.79,-83659.18,-117995.75,-72817.42,-118914.67,-80322.24,-94462.85,0,0,0,0,0,0,0,0,0,0,0,0,0,0,0,0,0,0
0,-122674.59,-100418.69,-83271.6,-117061.53,-72194.61,-117719.75,-79991.79,-94681.18,0,0,0,0,0,0,0,0,0,0,0,0,0,0,0,0,0,0
0,-127602.08,-101395.55,-83902.72,-117739.86,-73220.82,-118592.54,-80489.61,-95529.56,0,0,0,0,0,0,0,0,0,0,0,0,0,0,0,0,0,0
0,-125877.15,-100866.09,-83817.43,-117309.37,-73052.11,-118130.66,-81071.11,-96295.06,0,0,0,0,0,0,0,0,0,0,0,0,0,0,0,0,0,0
0,-124320.93,153.96,857207.77,-1946571.47,-881841.71,1483445.67,-211246.5,1408257.99,0,0,0,0,0,0,0,0,0,0,0,0,0,0,0,0,0,0
0,-124113.6,-100499.16,-84001.43,-117076.82,-73552.61,-117801.82,-81732.28,-97840.29,0,0,0,0,0,0,0,0,0,0,0,0,0,0,0,0,0,0
0,-123432.32,-100537.78,-84096.65,-116897.38,-73923.56,-117873.71,-82106.18,-98516.2,0,0,0,0,0,0,0,0,0,0,0,0,0,0,0,0,0,0
0,-125092.6,-100690.4,-84492.0,-116907.84,-74725.01,-118173.31,-82353.75,-98786.57,0,0,0,0,0,0,0,0,0,0,0,0,0,0,0,0,0,0
0,-125968.61,-100443.37,-84747.08,-117263.5,-75533.42,-118502.42,-82593.8,-98721.93,0,0,0,0,0,0,0,0,0,0,0,0,0,0,0,0,0,0
0,-127945.67,-100780.79,-84930.01,-117929.5,-75883.18,-118789.68,-82908.96,-98937.85,0,0,0,0,0,0,0,0,0,0,0,0,0,0,0,0,0,0
0,-125924.89,-101138.6,-84898.09,-117403.25,-75966.87,-118440.72,-82583.07,-98472.48,0,0,0,0,0,0,0,0,0,0,0,0,0,0,0,0,0,0
0,-122070.56,-100368.0,-84259.46,-116859.29,-75303.83,-117681.66,-81868.0,-97893.66,0,0,0,0,0,0,0,0,0,0,0,0,0,0,0,0,0,0
0,-125889.22,-100989.2,-84531.43,-117814.97,-75842.15,-118600.58,-82554.38,-97986.2,0,0,0,0,0,0,0,0,0,0,0,0,0,0,0,0,0,0
0,-125754.84,-100652.31,-84659.64,-117076.55,-75341.65,-118235.8,-85506.68,-100943.6,0,0,0,0,0,0,0,0,0,0,0,0,0,0,0,0,0,0
0,-123301.16,-100584.72,-84405.1,-116137.78,-75461.27,-117555.86,-83434.94,-101734.05,0,0,0,0,0,0,0,0,0,0,0,0,0,0,0,0,0,0
0,-129043.5,-100855.62,-81084.26,-115137.05,-76213.63,-115849.98,-80942.1,-109120.85,0,0,0,0,0,0,0,0,0,0,0,0,0,0,0,0,0,0
0,-131238.89,-100246.23,-82363.67,-117468.16,-77912.28,-117314.46,-92241.17,-108491.34,0,0,0,0,0,0,0,0,0,0,0,0,0,0,0,0,0,0
0,-132514.54,-99724.0,-81182.96,-116905.16,-76440.01,-117085.14,-88950.91,-105870.28,0,0,0,0,0,0,0,0,0,0,0,0,0,0,0,0,0,0
0,-123673.71,-99996.78,-81737.64,-116250.16,-74474.76,-119567.25,-86989.41,-105182.03,0,0,0,0,0,0,0,0,0,0,0,0,0,0,0,0,0,0
0,-123903.31,-101524.3,-82153.38,-112493.19,-74443.11,-117641.43,-85433.19,-87890.09,0,0,0,0,0,0,0,0,0,0,0,0,0,0,0,0,0,0
0,-124642.53,-101795.2,-82690.36,-116892.82,-75659.76,-118023.1,-85368.01,-102328.96,0,0,0,0,0,0,0,0,0,0,0,0,0,0,0,0,0,0
0,-127209.94,-100535.64,-83313.44,-116896.58,-76851.73,-118660.13,-84784.36,-101637.49,0,0,0,0,0,0,0,0,0,0,0,0,0,0,0,0,0,0
0,-126132.5,-101773.48,-83142.05,-116296.3,-76485.88,-118454.4,-84099.06,-100655.53,0,0,0,0,0,0,0,0,0,0,0,0,0,0,0,0,0,0
0,-125554.21,-100817.54,-83325.78,-117430.34,-76820.88,-118835.55,-83545.18,-99380.95,0,0,0,0,0,0,0,0,0,0,0,0,0,0,0,0,0,0
0,-126690.4,-101278.61,-83769.95,-117431.95,-77231.26,-118505.1,-83820.11,-99747.34,0,0,0,0,0,0,0,0,0,0,0,0,0,0,0,0,0,0
0,-126121.77,-101439.01,-83497.71,-117164.8,-76576.0,-118946.59,-83189.25,-99078.39,0,0,0,0,0,0,0,0,0,0,0,0,0,0,0,0,0,0
0,-123226.86,-101411.38,-83487.52,-117111.69,-76140.41,-118124.76,-82352.4,-98795.15,0,0,0,0,0,0,0,0,0,0,0,0,0,0,0,0,0,0
0,-127785.0,-101252.32,-84320.61,-114988.18,-77159.11,-118671.39,-82262.55,-94605.54,0,0,0,0,0,0,0,0,0,0,0,0,0,0,0,0,0,0
0,-128782.25,-100628.17,-85619.87,-113584.85,-78021.44,-119771.64,-82617.68,-91302.4,0,0,0,0,0,0,0,0,0,0,0,0,0,0,0,0,0,0
0,-129071.66,-103968.33,-85724.21,-113214.98,-78519.26,-119565.11,-82180.21,-97730.31,0,0,0,0,0,0,0,0,0,0,0,0,0,0,0,0,0,0
0,-125919.8,-101230.87,-85343.07,-114364.57,-78625.48,-119126.83,-82764.12,-102846.63,0,0,0,0,0,0,0,0,0,0,0,0,0,0,0,0,0,0
0,-127269.48,-100384.63,-85518.75,-116984.82,-78608.04,-119040.2,-82956.71,-99603.03,0,0,0,0,0,0,0,0,0,0,0,0,0,0,0,0,0,0
0,-124609.81,-100456.51,-84758.35,-116557.01,-77651.03,-118440.19,-82035.9,-97742.38,0,0,0,0,0,0,0,0,0,0,0,0,0,0,0,0,0,0
0,-125482.33,-101794.4,-84897.02,-115022.79,-78060.07,-118879.27,-82515.21,-97278.36,0,0,0,0,0,0,0,0,0,0,0,0,0,0,0,0,0,0
0,-127723.31,-102714.13,-84954.15,-116290.4,-78267.94,-118573.23,-81970.99,-94773.45,0,0,0,0,0,0,0,0,0,0,0,0,0,0,0,0,0,0
0,-132083.78,-102724.86,-85673.78,-117020.49,-79426.92,-118789.14,4928.02,377917.1,0,0,0,0,0,0,0,0,0,0,0,0,0,0,0,0,0,0
0,-127059.74,-100640.24,-85133.05,-116499.34,-78816.45,-118819.99,-82240.56,-95532.51,0,0,0,0,0,0,0,0,0,0,0,0,0,0,0,0,0,0
0,-129369.65,-101889.62,-85335.29,-117124.03,-79138.31,-118968.58,-82154.19,-94245.32,0,0,0,0,0,0,0,0,0,0,0,0,0,0,0,0,0,0
0,-130886.98,-102985.3,-85206.81,-117060.73,-79328.21,-119158.48,-83434.41,-95738.77,0,0,0,0,0,0,0,0,0,0,0,0,0,0,0,0,0,0
0,-125655.06,-101382.68,-85316.78,-116281.81,-79460.98,-118228.83,-85970.7,-99315.23,0,0,0,0,0,0,0,0,0,0,0,0,0,0,0,0,0,0
0,-132592.86,-101578.75,-86165.7,-117276.65,-80889.8,-119162.78,-86552.74,-100321.87,0,0,0,0,0,0,0,0,0,0,0,0,0,0,0,0,0,0
0,-136633.61,-102849.58,-87352.58,-116590.27,-82989.97,-70311.97,-1977307.97,556072.39,0,0,0,0,0,0,0,0,0,0,0,0,0,0,0,0,0,0
0,-130109.14,-101801.64,-86416.76,-116330.09,-82561.08,-118385.2,-88137.39,-102905.91,0,0,0,0,0,0,0,0,0,0,0,0,0,0,0,0,0,0
0,-131530.17,-102564.46,-86716.9,-116838.91,-83160.55,-118478.81,-88257.82,-103867.75,0,0,0,0,0,0,0,0,0,0,0,0,0,0,0,0,0,0
0,-131028.06,-102072.54,-86168.38,-117255.99,-82656.03,-119025.98,-88880.1,-105186.86,0,0,0,0,0,0,0,0,0,0,0,0,0,0,0,0,0,0
0,-126500.76,-101609.33,-85701.68,-116311.32,-82290.71,-118092.04,-88693.68,-104705.4,0,0,0,0,0,0,0,0,0,0,0,0,0,0,0,0,0,0
0,-129600.86,-102681.4,-85863.68,-117189.47,-82593.8,-118580.2,-87683.83,-103693.94,0,0,0,0,0,0,0,0,0,0,0,0,0,0,0,0,0,0
0,-129284.36,-101690.33,-85192.06,-117930.03,-82050.92,-119278.11,-85601.36,-102890.08,0,0,0,0,0,0,0,0,0,0,0,0,0,0,0,0,0,0
0,-129862.11,-100838.46,-85247.04,-117888.19,-82029.73,-118984.68,-85572.4,-101848.85,0,0,0,0,0,0,0,0,0,0,0,0,0,0,0,0,0,0
0,-127722.78,-101738.07,-84746.81,-117335.39,-81014.79,-118407.2,-85078.87,-100445.78,0,0,0,0,0,0,0,0,0,0,0,0,0,0,0,0,0,0
0,-130383.26,-102267.54,-85283.25,-117823.82,-81754.54,-118870.15,-85112.93,-99483.67,0,0,0,0,0,0,0,0,0,0,0,0,0,0,0,0,0,0
0,-129100.63,-102659.68,-85023.35,615.84,-2066872.84,587835.91,656362.6,1320692.71,0,0,0,0,0,0,0,0,0,0,0,0,0,0,0,0,0,0
0,-128941.04,-102472.46,-84833.18,-117496.05,-81209.25,-119005.33,-85519.56,-99567.09,0,0,0,0,0,0,0,0,0,0,0,0,0,0,0,0,0,0
0,-126673.77,-101700.52,-84481.01,-116623.53,-80643.03,-118235.8,-84390.35,-100087.71,0,0,0,0,0,0,0,0,0,0,0,0,0,0,0,0,0,0
0,-126180.51,-101694.35,-84565.5,-116924.2,-80669.85,-117983.94,-84490.66,-100787.5,0,0,0,0,0,0,0,0,0,0,0,0,0,0,0,0,0,0
0,-128204.77,-102488.29,-84908.01,-117333.24,-81163.65,-118306.88,-84496.03,-101005.56,0,0,0,0,0,0,0,0,0,0,0,0,0,0,0,0,0,0
0,-127360.41,-102540.86,-84559.86,-117169.63,-80639.81,-118239.02,-84119.44,-100952.72,0,0,0,0,0,0,0,0,0,0,0,0,0,0,0,0,0,0
0,-126311.13,-102041.43,-84217.88,-116757.1,-80266.18,-118176.8,-83823.06,-101059.47,0,0,0,0,0,0,0,0,0,0,0,0,0,0,0,0,0,0
0,-128384.21,-102458.78,-84953.61,-117448.04,-80625.06,-118454.14,-84429.24,-100811.37,0,0,0,0,0,0,0,0,0,0,0,0,0,0,0,0,0,0
0,-126874.93,-102017.56,-83642.55,-116999.31,-78766.02,-117848.76,-86920.21,-104585.77,0,0,0,0,0,0,0,0,0,0,0,0,0,0,0,0,0,0
0,-127754.16,-102286.58,-84040.05,-116775.88,-79240.24,-118365.09,-85431.85,-105666.7,0,0,0,0,0,0,0,0,0,0,0,0,0,0,0,0,0,0
0,-125934.28,-103049.67,-84590.71,-116629.16,-79533.13,-117481.3,-82996.94,-99505.67,0,0,0,0,0,0,0,0,0,0,0,0,0,0,0,0,0,0
0,-129610.78,-102783.33,-85276.82,-118728.53,-80698.82,-118815.7,-85630.87,-100700.86,0,0,0,0,0,0,0,0,0,0,0,0,0,0,0,0,0,0
0,-127857.16,-102292.22,-84880.39,-117111.69,-80307.22,-118082.38,-82999.62,-99516.67,0,0,0,0,0,0,0,0,0,0,0,0,0,0,0,0,0,0
0,-128304.01,-102955.26,-85188.3,-116521.34,-80960.34,-118158.56,-84419.05,-100533.49,0,0,0,0,0,0,0,0,0,0,0,0,0,0,0,0,0,0
0,-129160.44,-103249.5,-85520.09,-117665.03,-81575.91,-118021.23,-85264.48,-101186.61,0,0,0,0,0,0,0,0,0,0,0,0,0,0,0,0,0,0
0,-129383.6,-102987.18,-85092.28,-117535.48,-81041.88,-118407.47,-84231.83,-100951.65,0,0,0,0,0,0,0,0,0,0,0,0,0,0,0,0,0,0
0,-127290.94,-102492.58,-85354.33,-117137.44,-81489.81,-117804.5,-85361.84,-102225.7,0,0,0,0,0,0,0,0,0,0,0,0,0,0,0,0,0,0
0,-129280.87,-102992.54,-85488.18,-117647.06,-81955.44,-117948.81,-84799.12,-101311.33,0,0,0,0,0,0,0,0,0,0,0,0,0,0,0,0,0,0
0,-129032.5,-103012.12,-85524.12,-117561.23,-82178.06,-118053.95,-85270.65,-101858.77,0,0,0,0,0,0,0,0,0,0,0,0,0,0,0,0,0,0
0,-126756.38,-102595.04,-85149.95,-116327.95,-81675.95,-118047.78,-86299.01,-104076.15,0,0,0,0,0,0,0,0,0,0,0,0,0,0,0,0,0,0
0,-127440.61,-102216.85,-84973.73,-116773.73,-81566.79,-117860.29,-86034.27,-103477.48,0,0,0,0,0,0,0,0,0,0,0,0,0,0,0,0,0,0
0,-128384.48,-102243.94,-85347.36,-117122.15,-82065.41,-117853.05,-85822.38,-103827.51,0,0,0,0,0,0,0,0,0,0,0,0,0,0,0,0,0,0
0,-125863.2,-101523.49,-85466.72,-116165.14,-82533.45,-117216.56,-85963.19,-103794.52,0,0,0,0,0,0,0,0,0,0,0,0,0,0,0,0,0,0
0,-128986.1,-101623.0,19712.9,-114307.44,-742717.13,790958.0,-1234903.32,1476504.92,0,0,0,0,0,0,0,0,0,0,0,0,0,0,0,0,0,0
0,-127052.76,-102304.55,-85552.28,-116923.4,-82711.55,-117765.88,-86240.0,-103792.11,0,0,0,0,0,0,0,0,0,0,0,0,0,0,0,0,0,0
0,-128352.83,-102544.34,-85407.71,-117099.89,-82687.14,-118115.91,-85511.51,-104057.11,0,0,0,0,0,0,0,0,0,0,0,0,0,0,0,0,0,0
0,-125401.06,-101631.59,-85256.7,-116428.8,-82595.95,-117022.91,-85530.02,-104562.97,0,0,0,0,0,0,0,0,0,0,0,0,0,0,0,0,0,0
0,-127241.05,-102146.04,-85583.13,-116960.95,-83282.86,-117983.14,-86377.6,-105526.42,0,0,0,0,0,0,0,0,0,0,0,0,0,0,0,0,0,0
0,-125390.6,-101798.96,-85473.96,-116512.22,-83250.94,-117202.08,-85932.35,-104896.91,0,0,0,0,0,0,0,0,0,0,0,0,0,0,0,0,0,0
0,-125524.44,-102008.44,-85497.83,-116684.68,-83270.52,-117269.67,-85841.15,-104023.31,0,0,0,0,0,0,0,0,0,0,0,0,0,0,0,0,0,0
0,-128164.0,-102892.23,-85502.12,-109862.75,157705.85,2108973.87,1862947.16,-1600067.86,0,0,0,0,0,0,0,0,0,0,0,0,0,0,0,0,0,0
0,-128086.22,-103045.92,-85438.02,-117594.76,-83114.96,-118362.4,-85808.7,-104414.11,0,0,0,0,0,0,0,0,0,0,0,0,0,0,0,0,0,0
0,-126871.44,-103130.14,-85262.07,-117021.03,-82911.91,-117970.0,-85262.07,-105007.68,0,0,0,0,0,0,0,0,0,0,0,0,0,0,0,0,0,0
0,-128170.44,-103508.6,-84981.51,-117033.64,-82704.58,-116665.1,-86356.94,-103158.84,0,0,0,0,0,0,0,0,0,0,0,0,0,0,0,0,0,0
0,-125475.62,-102851.72,-82004.79,-116478.15,-82581.2,-115271.69,-88949.57,-105384.53,0,0,0,0,0,0,0,0,0,0,0,0,0,0,0,0,0,0
0,-128141.2,-99916.58,-81013.98,-115951.63,-83310.49,-117150.05,-85717.77,-105706.94,0,0,0,0,0,0,0,0,0,0,0,0,0,0,0,0,0,0
0,-126174.87,-100733.58,-80501.68,-115776.22,-82706.46,-116318.56,-85987.33,-104842.73,0,0,0,0,0,0,0,0,0,0,0,0,0,0,0,0,0,0
0,-124783.88,-101627.3,-79721.96,-115630.31,-82233.05,-115717.75,-86875.68,-105598.31,0,0,0,0,0,0,0,0,0,0,0,0,0,0,0,0,0,0
0,-125582.11,-101354.78,-80125.37,-114984.97,-81964.29,-116855.81,-86938.45,-107709.74,0,0,0,0,0,0,0,0,0,0,0,0,0,0,0,0,0,0
0,-123860.93,-100249.45,-80242.58,-116318.56,-81367.23,-117267.53,-86516.0,-105200.27,0,0,0,0,0,0,0,0,0,0,0,0,0,0,0,0,0,0
0,-124942.4,-102613.54,-79754.69,-117898.65,-82569.66,-116230.85,-88254.07,-107482.56,0,0,0,0,0,0,0,0,0,0,0,0,0,0,0,0,0,0
0,-117116.79,-104128.19,-78334.99,-114896.45,-80960.34,-116043.63,-90772.66,-111216.19,0,0,0,0,0,0,0,0,0,0,0,0,0,0,0,0,0,0
0,-121329.46,-103826.17,-79782.31,-118453.06,-81313.32,-117495.25,-87614.9,-106971.06,0,0,0,0,0,0,0,0,0,0,0,0,0,0,0,0,0,0
0,-122997.8,-104163.59,-81116.44,-281248.94,1094709.61,-26003.21,1104732.76,-28870.76,0,0,0,0,0,0,0,0,0,0,0,0,0,0,0,0,0,0
0,-123583.32,-102627.22,-81883.29,-114308.24,-83281.25,-118053.41,-87174.48,-106369.71,0,0,0,0,0,0,0,0,0,0,0,0,0,0,0,0,0,0
0,-123093.82,-103146.5,-82329.07,-115999.91,-83150.09,-116787.95,-87175.02,-106135.55,0,0,0,0,0,0,0,0,0,0,0,0,0,0,0,0,0,0
0,-129721.56,-103566.8,-83079.28,-117946.93,-84268.31,-117189.47,-87917.72,-104968.79,0,0,0,0,0,0,0,0,0,0,0,0,0,0,0,0,0,0
0,-129945.52,-102692.67,-83398.47,-117560.96,-83950.2,-116002.6,-88095.55,-106820.32,0,0,0,0,0,0,0,0,0,0,0,0,0,0,0,0,0,0
0,-132359.51,-102683.28,-82954.02,-117972.68,-83370.3,-116834.62,-88064.71,-105452.66,0,0,0,0,0,0,0,0,0,0,0,0,0,0,0,0,0,0
0,-131967.11,-103177.08,-83394.71,-116822.82,-82798.46,-117580.54,-86161.41,-104592.48,0,0,0,0,0,0,0,0,0,0,0,0,0,0,0,0,0,0
0,-131365.75,-103550.44,-83174.5,-116537.97,-87890.09,630771.11,-2040678.92,1404950.55,0,0,0,0,0,0,0,0,0,0,0,0,0,0,0,0,0,0
0,-129197.99,-103369.39,-83267.31,-115793.12,-83039.59,-117229.98,-86483.01,-104710.23,0,0,0,0,0,0,0,0,0,0,0,0,0,0,0,0,0,0
0,-125664.18,-102928.97,-83751.45,-116677.44,-83585.42,-116783.12,-84220.3,-102469.51,0,0,0,0,0,0,0,0,0,0,0,0,0,0,0,0,0,0
0,-129685.35,-103561.17,-83663.2,-115878.68,-83745.28,-118045.9,-85002.96,-102526.64,0,0,0,0,0,0,0,0,0,0,0,0,0,0,0,0,0,0
0,-126542.87,-102887.93,-83843.44,-115435.04,-83510.58,-117691.32,-85011.82,-102734.24,0,0,0,0,0,0,0,0,0,0,0,0,0,0,0,0,0,0
0,-129758.31,-103009.17,-83384.52,-116968.46,-83157.07,-117644.11,-85537.53,-105294.68,0,0,0,0,0,0,0,0,0,0,0,0,0,0,0,0,0,0
0,-123974.93,-102891.42,-83808.58,-116945.66,-82568.59,-117129.39,-82963.41,-101904.37,0,0,0,0,0,0,0,0,0,0,0,0,0,0,0,0,0,0
0,-128831.33,-103417.94,-84015.91,-116244.53,-83166.19,-118291.86,-84283.86,-102521.81,0,0,0,0,0,0,0,0,0,0,0,0,0,0,0,0,0,0
0,-127300.06,-103164.47,-84097.72,-116722.23,-83240.22,-117950.68,-85003.77,-103038.14,0,0,0,0,0,0,0,0,0,0,0,0,0,0,0,0,0,0
0,-122902.31,-102835.1,-84325.17,-116651.42,-82836.01,-116900.6,-84304.78,-102087.56,0,0,0,0,0,0,0,0,0,0,0,0,0,0,0,0,0,0
0,-124979.68,-103289.73,-84005.18,-116552.18,-82551.16,-117812.82,-84543.23,-101634.81,0,0,0,0,0,0,0,0,0,0,0,0,0,0,0,0,0,0
0,-128447.51,-103213.29,-83968.97,-116910.79,-82904.4,-117717.33,-84726.43,-102806.66,0,0,0,0,0,0,0,0,0,0,0,0,0,0,0,0,0,0
0,-122014.23,-103014.8,-84384.18,-116519.73,-82730.06,-117419.34,-84398.66,-102331.64,0,0,0,0,0,0,0,0,0,0,0,0,0,0,0,0,0,0
0,-122403.69,-103026.87,-84681.37,-115765.22,-83277.77,-117492.56,-85510.97,-103070.06,0,0,0,0,0,0,0,0,0,0,0,0,0,0,0,0,0,0
0,-124579.76,-103014.53,-85044.0,-116986.97,-83996.06,-117567.13,-85079.41,-102283.9,0,0,0,0,0,0,0,0,0,0,0,0,0,0,0,0,0,0
0,-123926.92,-103135.5,-85115.08,-116632.38,-83935.44,-117396.27,-85192.06,-102650.02,0,0,0,0,0,0,0,0,0,0,0,0,0,0,0,0,0,0
0,-119446.55,-103089.9,-84203.67,-116378.11,-82482.49,-117564.45,-85378.47,-102566.34,0,0,0,0,0,0,0,0,0,0,0,0,0,0,0,0,0,0
0,-118996.48,-103230.99,-84769.88,-116240.24,-83172.36,-116888.53,-85069.48,-102091.32,0,0,0,0,0,0,0,0,0,0,0,0,0,0,0,0,0,0
0,-124850.4,-103295.09,-84700.14,-117128.59,-84056.95,-117623.99,-86403.08,-103855.68,0,0,0,0,0,0,0,0,0,0,0,0,0,0,0,0,0,0
0,-124454.51,-103289.19,-85171.94,-117569.81,-84287.62,-117423.36,-85794.75,-103046.72,0,0,0,0,0,0,0,0,0,0,0,0,0,0,0,0,0,0
0,-122979.29,-103060.94,-85427.02,-116475.74,-84584.0,-116918.57,-86132.44,-103025.53,0,0,0,0,0,0,0,0,0,0,0,0,0,0,0,0,0,0
0,-125529.0,-103339.89,-85426.75,-117422.29,-84874.22,-117324.12,-86318.86,-103099.29,0,0,0,0,0,0,0,0,0,0,0,0,0,0,0,0,0,0
0,-127780.45,-103294.56,-85549.6,-117392.25,-85258.04,-117424.44,-86540.67,-103180.83,0,0,0,0,0,0,0,0,0,0,0,0,0,0,0,0,0,0
0,-125187.29,-103188.34,-85530.29,-115830.93,-85143.78,-117021.3,-87365.45,-104557.34,0,0,0,0,0,0,0,0,0,0,0,0,0,0,0,0,0,0
0,-125203.65,-103274.44,-85230.15,-117504.9,-84735.82,-116806.19,-86962.32,-103590.94,0,0,0,0,0,0,0,0,0,0,0,0,0,0,0,0,0,0
0,-127077.44,-103237.69,-84978.02,-116070.46,-84675.73,-117661.54,-89441.48,-106828.9,0,0,0,0,0,0,0,0,0,0,0,0,0,0,0,0,0,0
0,-127929.84,-102293.29,-85054.46,-116561.03,-84552.62,-116722.23,-92788.34,-115556.01,0,0,0,0,0,0,0,0,0,0,0,0,0,0,0,0,0,0
0,19.04,-1022936.38,-825281.16,-676980.74,-941590.34,-679248.82,-934037.23,-727264.66,0,0,0,0,0,0,0,0,0,0,0,0,0,0,0,0,0,0
0,-127597.25,-103580.48,-84158.34,-117267.79,-85186.96,-116975.17,-92135.76,-112121.17,0,0,0,0,0,0,0,0,0,0,0,0,0,0,0,0,0,0
0,-125321.4,-103565.46,-83521.85,-116344.04,-84314.17,-116352.89,-93776.47,-113892.77,0,0,0,0,0,0,0,0,0,0,0,0,0,0,0,0,0,0
0,-128166.68,-102964.11,-84031.47,-117784.66,-84615.65,-114485.54,-97776.99,-116772.12,0,0,0,0,0,0,0,0,0,0,0,0,0,0,0,0,0,0
0,-127375.97,-101093.0,-81643.77,-117184.38,-84670.64,-114187.55,-97031.87,-125912.29,0,0,0,0,0,0,0,0,0,0,0,0,0,0,0,0,0,0
0,-127489.43,-103468.63,-87218.2,-115150.46,-84034.42,-116525.63,-89013.67,-129281.14,0,0,0,0,0,0,0,0,0,0,0,0,0,0,0,0,0,0
0,-127811.02,-103725.59,-84781.41,-116002.6,-85543.43,-116751.47,-90020.04,-126724.19,0,0,0,0,0,0,0,0,0,0,0,0,0,0,0,0,0,0
0,-127273.51,-104700.57,-85096.84,-70311.97,-1976685.16,1399704.42,-286563.2,274068.94,0,0,0,0,0,0,0,0,0,0,0,0,0,0,0,0,0,0
0,-128227.3,-103763.41,-85941.47,-116095.13,-86489.71,-117480.49,-89033.79,-120239.68,0,0,0,0,0,0,0,0,0,0,0,0,0,0,0,0,0,0
0,-126700.86,-103765.02,-85633.55,-115804.38,-86063.51,-117210.66,-88625.29,-118353.82,0,0,0,0,0,0,0,0,0,0,0,0,0,0,0,0,0,0
0,-128209.33,-104010.44,-86062.17,-117036.59,-86472.28,-118375.82,-89011.26,-117221.12,0,0,0,0,0,0,0,0,0,0,0,0,0,0,0,0,0,0
0,-126511.22,-103452.0,-85698.46,-116441.41,-86019.79,-117295.69,-87559.11,-114923.81,0,0,0,0,0,0,0,0,0,0,0,0,0,0,0,0,0,0
0,-128158.37,-104306.02,-85720.45,-117461.18,-86091.14,-117563.37,-87543.28,-113501.17,0,0,0,0,0,0,0,0,0,0,0,0,0,0,0,0,0,0
0,-126053.64,-103889.2,-85648.3,-115806.8,-86018.18,-117421.49,-87646.55,-114037.34,0,0,0,0,0,0,0,0,0,0,0,0,0,0,0,0,0,0
0,-128127.52,-103748.39,-86028.91,-116718.21,-86728.97,-117069.04,-86518.68,-113700.19,0,0,0,0,0,0,0,0,0,0,0,0,0,0,0,0,0,0
0,-125432.71,-102845.56,-90373.82,-116208.59,-87726.48,-117661.01,-84104.42,-111217.8,0,0,0,0,0,0,0,0,0,0,0,0,0,0,0,0,0,0
0,-126557.09,-103251.91,-87251.46,-116318.02,-87768.32,-117620.5,-85454.65,-111126.61,0,0,0,0,0,0,0,0,0,0,0,0,0,0,0,0,0,0
0,-125747.06,-104277.32,-88371.82,-116669.93,-88297.52,-117834.01,-85433.19,-110197.49,0,0,0,0,0,0,0,0,0,0,0,0,0,0,0,0,0,0
0,-126189.36,-104287.24,-87492.86,-115763.88,-87961.98,-117268.87,-85482.01,-109229.48,0,0,0,0,0,0,0,0,0,0,0,0,0,0,0,0,0,0
0,-125348.75,-104094.93,-86901.7,-116724.92,-87589.69,-117501.41,-85335.29,-107696.6,0,0,0,0,0,0,0,0,0,0,0,0,0,0,0,0,0,0
0,-127405.74,-104362.61,-87120.57,-116220.66,-89292.62,-117661.01,-86891.24,-102669.6,0,0,0,0,0,0,0,0,0,0,0,0,0,0,0,0,0,0
0,-127706.68,-103991.4,-87537.65,-117018.62,-89711.05,-117729.94,-86859.86,-102542.2,0,0,0,0,0,0,0,0,0,0,0,0,0,0,0,0,0,0
0,-128293.28,-104417.06,-87630.46,-116385.08,-90287.18,-117614.07,-87368.94,-103008.9,0,0,0,0,0,0,0,0,0,0,0,0,0,0,0,0,0,0
0,-127622.19,-104270.61,-86866.83,-116456.69,-89660.89,-117689.44,-87007.92,-102659.41,0,0,0,0,0,0,0,0,0,0,0,0,0,0,0,0,0,0
0,-126939.57,-104601.87,19.04,-1023442.78,-837074.3,-693052.54,-930464.53,-715377.11,0,0,0,0,0,0,0,0,0,0,0,0,0,0,0,0,0,0
0,-126791.25,-105878.87,-87896.8,-114149.99,-91093.72,-108786.11,-91347.73,-100147.52,0,0,0,0,0,0,0,0,0,0,0,0,0,0,0,0,0,0
0,-120386.67,-104602.4,-86347.02,-114695.02,-88440.48,-121903.72,-89033.25,-96448.22,0,0,0,0,0,0,0,0,0,0,0,0,0,0,0,0,0,0
0,-123691.95,-98381.02,-78189.62,-118650.21,-79573.1,-114926.76,-85056.07,-93943.57,0,0,0,0,0,0,0,0,0,0,0,0,0,0,0,0,0,0
0,-120642.01,-107631.42,-64058.93,-118122.88,-66155.62,-117260.28,-84977.21,-96460.29,0,0,0,0,0,0,0,0,0,0,0,0,0,0,0,0,0,0
0,-119345.7,-104301.46,-70854.85,-117248.48,-66168.76,-119008.82,-85428.63,-96380.9,0,0,0,0,0,0,0,0,0,0,0,0,0,0,0,0,0,0
0,-120005.79,-105839.71,-68793.3,-117458.5,-65570.63,-117628.82,-84523.12,-95151.1,0,0,0,0,0,0,0,0,0,0,0,0,0,0,0,0,0,0
0,-120902.19,-104696.28,-67750.46,-116647.13,-64717.68,-116535.28,-83421.53,-93378.97,0,0,0,0,0,0,0,0,0,0,0,0,0,0,0,0,0,0
0,-122197.69,-104576.92,-67291.53,-114755.1,-64047.67,-117324.93,-81601.92,-92556.33,0,0,0,0,0,0,0,0,0,0,0,0,0,0,0,0,0,0
0,-123445.73,-104183.71,-66863.99,-114406.15,-64078.51,-118880.07,-79655.98,-88027.69,0,0,0,0,0,0,0,0,0,0,0,0,0,0,0,0,0,0
0,-124118.69,-105346.18,-68701.3,-114790.24,-65512.96,-116971.14,-78963.97,-88789.71,0,0,0,0,0,0,0,0,0,0,0,0,0,0,0,0,0,0
0,-123361.51,-104856.14,-70338.25,-115408.49,-67112.9,-117141.46,-79797.06,-86852.08,0,0,0,0,0,0,0,0,0,0,0,0,0,0,0,0,0,0
0,-125982.56,-104590.87,-70567.58,-115549.57,-68220.11,-116708.82,-79047.12,-87296.25,0,0,0,0,0,0,0,0,0,0,0,0,0,0,0,0,0,0
0,-125199.09,-105847.48,-68850.97,-110274.47,-68119.26,-117023.98,-80210.12,-86820.97,0,0,0,0,0,0,0,0,0,0,0,0,0,0,0,0,0,0
0,-129303.67,-106428.99,-68196.51,-103472.66,-68243.18,-117022.64,-78873.85,-84445.6,0,0,0,0,0,0,0,0,0,0,0,0,0,0,0,0,0,0
0,-129225.62,-108091.42,-70801.47,-94150.91,-68710.96,-114813.84,-82648.79,-96215.67,0,0,0,0,0,0,0,0,0,0,0,0,0,0,0,0,0,0
0,-127225.23,-105491.29,-70487.65,-104480.63,-67554.66,-118424.09,-82224.73,-81441.79,0,0,0,0,0,0,0,0,0,0,0,0,0,0,0,0,0,0
0,-126388.91,-105921.51,-70410.14,-108062.99,-67767.89,-115092.52,-82204.62,-92791.83,0,0,0,0,0,0,0,0,0,0,0,0,0,0,0,0,0,0
0,-128548.9,-105305.95,-70519.84,-109195.69,-68572.02,-117059.12,-84069.82,-94719.27,0,0,0,0,0,0,0,0,0,0,0,0,0,0,0,0,0,0
0,-129089.09,-105024.58,-71131.65,-110447.74,-69372.39,-115984.63,-85114.54,-94137.76,0,0,0,0,0,0,0,0,0,0,0,0,0,0,0,0,0,0
0,-127407.89,-105168.89,-71261.47,-112021.13,-69088.88,-115864.19,-85558.18,-99840.94,0,0,0,0,0,0,0,0,0,0,0,0,0,0,0,0,0,0
0,-127425.86,-104994.27,9.39,-509758.95,-420257.92,-285445.8,-454961.42,-277740.35,0,0,0,0,0,0,0,0,0,0,0,0,0,0,0,0,0,0
0,-126703.81,-105126.77,-71471.75,-114116.74,-69941.29,-116734.3,-86635.36,-99372.63,0,0,0,0,0,0,0,0,0,0,0,0,0,0,0,0,0,0
0,-127779.64,-105179.88,-71639.12,-115135.71,-70306.34,-116645.25,-86526.46,-100333.4,0,0,0,0,0,0,0,0,0,0,0,0,0,0,0,0,0,0
0,-125800.97,-105179.61,-72023.49,-114724.52,-70478.8,-116800.55,-87076.04,-99850.6,0,0,0,0,0,0,0,0,0,0,0,0,0,0,0,0,0,0
0,-127337.88,-105234.06,-72146.6,-115661.96,-71137.02,-116860.37,-87172.87,-100690.4,0,0,0,0,0,0,0,0,0,0,0,0,0,0,0,0,0,0
0,-127792.25,-105493.16,-72466.32,-115883.24,-71910.3,-117056.7,-87556.96,-101183.66,0,0,0,0,0,0,0,0,0,0,0,0,0,0,0,0,0,0
0,-127613.88,-105348.86,-73202.05,-115718.55,-72932.49,-116977.85,-88173.07,-101327.96,0,0,0,0,0,0,0,0,0,0,0,0,0,0,0,0,0,0
0,-128210.67,-105434.16,-73105.49,-115913.55,-73324.89,-117099.08,-88280.89,-102257.62,0,0,0,0,0,0,0,0,0,0,0,0,0,0,0,0,0,0
0,-128562.58,-105298.44,-73248.18,-116193.3,-73965.4,-117088.89,-88366.72,-103074.88,0,0,0,0,0,0,0,0,0,0,0,0,0,0,0,0,0,0
0,-127467.7,-105552.17,-73308.8,-115694.41,-74228.26,-117113.3,-88546.16,-103250.57,0,0,0,0,0,0,0,0,0,0,0,0,0,0,0,0,0,0
0,-128216.04,-105565.58,-73081.35,-115305.22,-74054.99,-116921.52,-89543.41,-104467.49,0,0,0,0,0,0,0,0,0,0,0,0,0,0,0,0,0,0
0,-127707.49,-105592.41,-73546.18,-114482.05,-74251.6,-116912.67,-89361.82,-104437.72,0,0,0,0,0,0,0,0,0,0,0,0,0,0,0,0,0,0
0,-129126.65,-105683.6,-73427.62,-115643.18,-74016.37,-116880.75,-89412.78,-104389.97,0,0,0,0,0,0,0,0,0,0,0,0,0,0,0,0,0,0
0,-129211.4,-105784.18,-73569.51,-115142.95,-74031.92,-116782.58,-88864.27,-103692.6,0,0,0,0,0,0,0,0,0,0,0,0,0,0,0,0,0,0
0,-127525.64,-105928.22,-73198.83,-114540.26,-73474.29,-116301.93,-88123.71,-104167.35,0,0,0,0,0,0,0,0,0,0,0,0,0,0,0,0,0,0
0,-127711.78,-105897.64,-73467.05,-115035.66,-73943.68,-116679.32,-88798.56,-102644.66,0,0,0,0,0,0,0,0,0,0,0,0,0,0,0,0,0,0
0,-127629.97,-105582.48,-73776.85,-115053.36,-74545.03,-116518.92,-89296.38,-104087.42,0,0,0,0,0,0,0,0,0,0,0,0,0,0,0,0,0,0
0,-129909.58,-106018.07,-74107.29,-113179.03,-73774.7,-116616.82,-88246.02,-102234.55,0,0,0,0,0,0,0,0,0,0,0,0,0,0,0,0,0,0
0,-127753.35,-105971.13,-74719.64,-112516.53,-72863.55,-115716.14,-88806.87,-100059.55,0,0,0,0,0,0,0,0,0,0,0,0,0,0,0,0,0,0
0,-128927.63,-105434.16,-74498.09,-114739.81,-71959.92,-115583.1,-88293.5,-102146.04,0,0,0,0,0,0,0,0,0,0,0,0,0,0,0,0,0,0
0,-127485.13,-106006.0,-73988.74,-114544.82,-71223.11,-116550.04,-88257.02,-100341.18,0,0,0,0,0,0,0,0,0,0,0,0,0,0,0,0,0,0
0,-127781.52,-105470.63,-73738.49,-115907.11,-71081.49,-116741.55,-88197.47,-100725.81,0,0,0,0,0,0,0,0,0,0,0,0,0,0,0,0,0,0
0,-128219.52,-106003.59,-74013.15,-116038.27,-71719.59,-116365.5,-88641.65,-102145.23,0,0,0,0,0,0,0,0,0,0,0,0,0,0,0,0,0,0
0,-128209.33,-105900.06,-74045.07,-115890.21,-72137.21,-116300.05,-88458.45,-102395.48,0,0,0,0,0,0,0,0,0,0,0,0,0,0,0,0,0,0
0,-128003.87,-105749.85,-74972.84,-115429.41,-73459.0,-116872.97,-89233.61,-102607.91,0,0,0,0,0,0,0,0,0,0,0,0,0,0,0,0,0,0
0,-128992.8,-105668.04,-75008.25,-116559.96,-73812.79,-116423.97,-89418.42,-103317.36,0,0,0,0,0,0,0,0,0,0,0,0,0,0,0,0,0,0
0,-128114.38,-106003.32,-75005.3,-116090.3,-74093.08,-116842.93,-89434.78,-103451.2,0,0,0,0,0,0,0,0,0,0,0,0,0,0,0,0,0,0
0,-127916.43,-106098.81,-74713.47,-115784.26,-74003.22,-116626.75,-89081.26,-103241.18,0,0,0,0,0,0,0,0,0,0,0,0,0,0,0,0,0,0
0,-127431.22,-106229.16,-74112.66,-115963.7,-73560.93,-116560.76,-88302.89,-102476.48,0,0,0,0,0,0,0,0,0,0,0,0,0,0,0,0,0,0
0,-127841.87,-106318.21,-74421.65,-116399.83,-74077.52,-116566.4,-88649.43,-102976.18,0,0,0,0,0,0,0,0,0,0,0,0,0,0,0,0,0,0
0,-127152.81,-106117.31,-74463.49,-115756.37,-74279.49,76.98,414888.14,1110966.48,0,0,0,0,0,0,0,0,0,0,0,0,0,0,0,0,0,0
0,-128151.93,-106142.8,-74419.5,-116819.33,-74628.45,-116924.2,-88684.3,-103280.88,0,0,0,0,0,0,0,0,0,0,0,0,0,0,0,0,0,0
0,307.92,1750189.77,-69248.47,-474438.28,-1324608.2,-513027.76,-1438934.68,2189025.2,0,0,0,0,0,0,0,0,0,0,0,0,0,0,0,0,0,0
0,-127722.24,-105889.33,-74800.11,-116289.59,-75356.67,-116562.11,-89067.05,-103757.78,0,0,0,0,0,0,0,0,0,0,0,0,0,0,0,0,0,0
0,-127452.41,-105979.99,-74243.55,-116386.69,-75044.73,-116826.84,-88568.16,-103475.87,0,0,0,0,0,0,0,0,0,0,0,0,0,0,0,0,0,0
0,-128003.87,-106055.62,-74878.16,-116606.9,-75856.9,-116574.71,-88773.61,-103814.1,0,0,0,0,0,0,0,0,0,0,0,0,0,0,0,0,0,0
0,-127907.31,-105926.61,-76064.77,-115616.36,-77339.89,-116436.04,-89481.18,-104538.3,0,0,0,0,0,0,0,0,0,0,0,0,0,0,0,0,0,0
0,-127925.28,-106189.2,-75196.54,-116316.68,-76625.62,-116537.16,-88981.48,-104104.32,0,0,0,0,0,0,0,0,0,0,0,0,0,0,0,0,0,0
0,-128233.74,-106155.94,-74701.4,-116862.51,-76377.25,-116526.97,-88655.33,-103851.12,0,0,0,0,0,0,0,0,0,0,0,0,0,0,0,0,0,0
0,-128317.69,-106286.03,-75738.08,-116021.37,-2249995.04,-255496.79,-212529.4,-151504.32,0,0,0,0,0,0,0,0,0,0,0,0,0,0,0,0,0,0
0,-128811.49,-106117.58,-75689.26,-116854.73,-77355.45,-116533.67,-89491.37,-104560.29,0,0,0,0,0,0,0,0,0,0,0,0,0,0,0,0,0,0
0,-127931.72,-106194.56,-75572.05,-115909.79,-77269.62,-116304.34,-89255.07,-104211.07,0,0,0,0,0,0,0,0,0,0,0,0,0,0,0,0,0,0
0,-128698.3,-106027.46,-75801.11,-116948.08,-77188.62,-115904.7,-89523.56,-105084.93,0,0,0,0,0,0,0,0,0,0,0,0,0,0,0,0,0,0
0,-128462.53,-106000.1,-76190.57,-116712.31,-77660.68,-116320.17,-89565.13,-104748.58,0,0,0,0,0,0,0,0,0,0,0,0,0,0,0,0,0,0
0,-128510.81,-106502.21,-76005.49,-117038.73,-77665.51,-116189.28,-89075.36,-104849.7,0,0,0,0,0,0,0,0,0,0,0,0,0,0,0,0,0,0
0,-128190.55,-106498.72,-76978.6,-115945.73,-78871.43,-116090.57,-89605.37,-104501.28,0,0,0,0,0,0,0,0,0,0,0,0,0,0,0,0,0,0
0,-128753.28,-106239.35,-72509.23,78850.24,2232214.14,105318.82,-2056868.47,-2021637.92,0,0,0,0,0,0,0,0,0,0,0,0,0,0,0,0,0,0
0,-127786.88,-106456.08,-76949.63,-115683.41,-79171.57,-115961.83,-89124.18,-104294.75,0,0,0,0,0,0,0,0,0,0,0,0,0,0,0,0,0,0
0,-128913.41,-106143.6,-76747.12,-116958.54,-79191.15,-116392.86,-89598.12,-103973.16,0,0,0,0,0,0,0,0,0,0,0,0,0,0,0,0,0,0
0,-128512.42,-106519.91,-77199.08,-116345.65,-79872.17,-116370.06,-89821.02,-104212.95,0,0,0,0,0,0,0,0,0,0,0,0,0,0,0,0,0,0
0,-128671.74,-106257.59,-76763.22,-116871.1,-79561.3,-116215.3,-89277.06,-104349.74,0,0,0,0,0,0,0,0,0,0,0,0,0,0,0,0,0,0
0,-128766.69,-106511.06,-76738.0,-116951.03,-79757.1,-116380.79,-89210.55,-104310.58,0,0,0,0,0,0,0,0,0,0,0,0,0,0,0,0,0,0
0,-127792.52,-106539.76,-77139.53,-115783.19,-80257.87,-115961.83,-89287.79,-104428.86,0,0,0,0,0,0,0,0,0,0,0,0,0,0,0,0,0,0
0,-128490.96,-106316.07,-76558.03,-116929.03,-79815.57,-116357.45,-88936.42,-104054.16,0,0,0,0,0,0,0,0,0,0,0,0,0,0,0,0,0,0
0,-128576.79,-106272.35,-76537.91,-117185.99,-79884.77,-116276.18,-89202.23,-104332.3,0,0,0,0,0,0,0,0,0,0,0,0,0,0,0,0,0,0
0,-127575.79,-106467.34,-77135.51,-115726.33,-80384.47,-115985.7,-89259.63,-103923.27,0,0,0,0,0,0,0,0,0,0,0,0,0,0,0,0,0,0
0,-128479.7,-106144.4,-77627.69,-116548.43,-81046.17,-116083.87,-89707.83,-104717.2,0,0,0,0,0,0,0,0,0,0,0,0,0,0,0,0,0,0
0,-128589.4,-105707.2,-77399.71,-117172.58,-80766.68,-116233.53,-90139.39,-105042.29,0,0,0,0,0,0,0,0,0,0,0,0,0,0,0,0,0,0
0,-128709.56,-105939.22,-77382.81,-116789.29,-81066.82,-116687.36,-89549.58,-103361.34,0,0,0,0,0,0,0,0,0,0,0,0,0,0,0,0,0,0
0,-129146.49,-105952.36,-77885.19,-116898.45,-81741.4,-115769.51,-89406.88,-104545.54,0,0,0,0,0,0,0,0,0,0,0,0,0,0,0,0,0,0
0,-128687.57,-105789.01,-77690.19,-116618.97,-81627.67,-116136.98,-89505.05,-103023.92,0,0,0,0,0,0,0,0,0,0,0,0,0,0,0,0,0,0
0,-128711.17,-105966.84,-77765.29,-116699.97,-81608.09,-116409.76,-89069.19,-103317.89,0,0,0,0,0,0,0,0,0,0,0,0,0,0,0,0,0,0
0,-128899.73,-105668.04,-77932.12,-117007.89,-82094.11,-116015.47,-89979.27,-104318.89,0,0,0,0,0,0,0,0,0,0,0,0,0,0,0,0,0,0
0,-128815.51,-106030.68,-78263.91,-116607.43,-82565.1,-115855.07,-90532.34,-105289.58,0,0,0,0,0,0,0,0,0,0,0,0,0,0,0,0,0,0
0,-128644.38,-106252.5,-78442.28,-116126.51,-83053.27,-116075.02,-90988.58,-106325.72,0,0,0,0,0,0,0,0,0,0,0,0,0,0,0,0,0,0
0,-129405.86,-106549.69,-78868.75,-116628.09,-83615.73,-115982.48,-90772.4,-106232.65,0,0,0,0,0,0,0,0,0,0,0,0,0,0,0,0,0,0
0,-129631.17,-106281.73,-78780.77,-117047.32,-83640.67,-116157.9,-89782.66,-104957.53,0,0,0,0,0,0,0,0,0,0,0,0,0,0,0,0,0,0
0,-129401.57,-106533.33,-78668.93,-117049.46,-83546.52,-116011.45,-89313.81,-104457.3,0,0,0,0,0,0,0,0,0,0,0,0,0,0,0,0,0,0
0,-128919.31,-106417.99,-78263.11,-116979.19,-83012.76,-116435.24,-89410.1,-103993.54,0,0,0,0,0,0,0,0,0,0,0,0,0,0,0,0,0,0
0,-128972.42,-106312.31,-79308.63,-116095.67,-84396.52,-115936.35,-90786.61,-106709.01,0,0,0,0,0,0,0,0,0,0,0,0,0,0,0,0,0,0
0,-129244.93,-106200.46,-79253.65,-115958.34,-84579.71,-115826.91,-91681.13,-107997.27,0,0,0,0,0,0,0,0,0,0,0,0,0,0,0,0,0,0
0,-129339.61,-106600.65,-79682.27,-115618.24,-84716.5,-115644.25,-91454.48,-107480.14,0,0,0,0,0,0,0,0,0,0,0,0,0,0,0,0,0,0
0,-130011.77,-106087.27,-79802.16,-116374.08,-84978.29,-115693.34,-91449.92,-108385.93,0,0,0,0,0,0,0,0,0,0,0,0,0,0,0,0,0,0
0,-129464.34,-106472.17,-80640.89,-115573.17,-85825.06,-115959.14,-91970.27,-105620.3,0,0,0,0,0,0,0,0,0,0,0,0,0,0,0,0,0,0
0,-129335.05,-106934.32,-80221.39,-116283.69,-85544.77,-115752.61,-91755.43,-107757.22,0,0,0,0,0,0,0,0,0,0,0,0,0,0,0,0,0,0
0,-129064.42,-106677.63,-80310.17,-116073.67,-85790.19,-116142.07,-91797.0,-107103.83,0,0,0,0,0,0,0,0,0,0,0,0,0,0,0,0,0,0
0,-128477.82,-107167.94,-79266.52,-115977.92,-84635.5,-116494.51,-90939.23,-106098.0,0,0,0,0,0,0,0,0,0,0,0,0,0,0,0,0,0,0
0,-128098.29,-106986.62,-78847.29,-116160.04,-83851.22,-115690.66,-89416.81,-105893.89,0,0,0,0,0,0,0,0,0,0,0,0,0,0,0,0,0,0
0,-124033.94,-106730.47,-77788.89,-115771.66,-81273.35,-116505.51,-89241.39,-104737.05,0,0,0,0,0,0,0,0,0,0,0,0,0,0,0,0,0,0
0,-126405.01,-106864.04,38.36,-2016566.13,-1711240.6,-1246467.4,-1862096.63,-1309771.82,0,0,0,0,0,0,0,0,0,0,0,0,0,0,0,0,0,0
0,-127299.26,-107241.43,-78685.02,-115600.27,-83677.95,-116557.81,-90142.08,-104468.29,0,0,0,0,0,0,0,0,0,0,0,0,0,0,0,0,0,0
0,-130718.27,-107050.99,-79085.21,-116725.18,-85102.47,-116177.48,-89876.54,-104724.71,0,0,0,0,0,0,0,0,0,0,0,0,0,0,0,0,0,0
0,-128812.02,-106667.17,-79386.42,-115747.25,-85069.75,-116342.16,-90327.69,-105052.75,0,0,0,0,0,0,0,0,0,0,0,0,0,0,0,0,0,0
0,-127244.54,38.36,-2037907.93,-1707970.45,-1258397.86,-1868061.86,-1338559.44,-1860598.88,0,0,0,0,0,0,0,0,0,0,0,0,0,0,0,0,0,0
0,-128025.6,-106949.07,-79670.46,-115619.85,-85248.92,-116268.4,-90430.95,-104270.08,0,0,0,0,0,0,0,0,0,0,0,0,0,0,0,0,0,0
0,-130222.33,-106919.56,-79766.49,-116679.05,-85782.15,-116139.39,-90487.55,-105975.16,0,0,0,0,0,0,0,0,0,0,0,0,0,0,0,0,0,0
0,-130651.75,-107101.15,-80123.22,-116691.39,-86576.62,-116927.42,-91265.39,-104470.71,0,0,0,0,0,0,0,0,0,0,0,0,0,0,0,0,0,0
0,-129884.37,-106704.18,4928.02,715746.18,1274404.21,-1960524.05,1441944.92,-1553480.57,0,0,0,0,0,0,0,0,0,0,0,0,0,0,0,0,0,0
0,-128611.93,-107245.99,-79710.97,-115871.97,-85862.61,-116580.08,-90612.27,-104610.45,0,0,0,0,0,0,0,0,0,0,0,0,0,0,0,0,0,0
0,-130275.97,-106903.47,-80001.45,-116444.09,-86587.08,-116523.21,-90658.94,-104912.47,0,0,0,0,0,0,0,0,0,0,0,0,0,0,0,0,0,0
0,-130661.14,-107131.46,-79835.69,-116650.35,-86647.96,-116633.18,-90753.89,-105333.04,0,0,0,0,0,0,0,0,0,0,0,0,0,0,0,0,0,0
0,-132432.47,-107259.67,-81361.33,-115881.9,-90065.9,-116179.89,-91159.44,-104925.88,0,0,0,0,0,0,0,0,0,0,0,0,0,0,0,0,0,0
0,-138364.71,-108117.17,-83251.48,-115302.0,-95970.79,-116310.25,-92474.26,-104366.9,0,0,0,0,0,0,0,0,0,0,0,0,0,0,0,0,0,0
0,-136579.97,-106709.01,-81352.21,-115797.68,-94674.47,-116366.04,-96657.97,-110693.97,0,0,0,0,0,0,0,0,0,0,0,0,0,0,0,0,0,0
0,-131188.19,-106273.15,-79847.76,-115110.23,-93003.99,-115695.75,-97043.94,-110515.6,0,0,0,0,0,0,0,0,0,0,0,0,0,0,0,0,0,0
0,-123695.44,-107133.34,-76958.48,-116374.35,-91804.51,-117179.01,-94854.72,-108920.22,0,0,0,0,0,0,0,0,0,0,0,0,0,0,0,0,0,0
0,-124002.55,-107729.05,-77399.44,-115182.11,-92124.5,-116129.73,-93141.05,-106944.24,0,0,0,0,0,0,0,0,0,0,0,0,0,0,0,0,0,0
0,-126586.06,-107793.16,-77081.86,-115319.97,-91731.55,-116850.98,-94192.75,-106730.74,0,0,0,0,0,0,0,0,0,0,0,0,0,0,0,0,0,0
0,-130442.81,-107066.82,-77831.54,-115917.03,-91547.02,-117071.46,-95091.56,-108248.6,0,0,0,0,0,0,0,0,0,0,0,0,0,0,0,0,0,0
0,-100653.39,-108870.6,-80829.18,-117310.17,-92252.44,-117178.75,-95382.58,-108515.48,0,0,0,0,0,0,0,0,0,0,0,0,0,0,0,0,0,0
0,-74286.2,-108798.45,-84875.02,-118262.36,-97146.13,-118199.59,-95263.76,-108843.51,0,0,0,0,0,0,0,0,0,0,0,0,0,0,0,0,0,0
0,-51044.32,-107836.07,-82121.2,-118467.01,-96666.01,-118126.91,-95276.09,-108963.67,0,0,0,0,0,0,0,0,0,0,0,0,0,0,0,0,0,0
0,-31827.63,-108450.57,-79355.04,-118836.08,-92255.66,-118483.1,-95261.34,-109692.7,0,0,0,0,0,0,0,0,0,0,0,0,0,0,0,0,0,0
0,-44675.41,-107301.78,-79117.12,-116838.1,-92213.28,-116596.17,-93827.7,-108516.55,0,0,0,0,0,0,0,0,0,0,0,0,0,0,0,0,0,0
0,-56965.56,-106917.69,-78322.39,-116132.15,-91328.95,-116449.99,-92071.93,-106617.28,0,0,0,0,0,0,0,0,0,0,0,0,0,0,0,0,0,0
0,-65994.42,-106796.72,-78745.37,-115274.64,-91267.0,-116345.38,-91246.34,-105905.15,0,0,0,0,0,0,0,0,0,0,0,0,0,0,0,0,0,0
0,-73985.79,-106256.52,-79004.74,-116569.88,-91606.83,-116387.76,-91505.18,-105382.93,0,0,0,0,0,0,0,0,0,0,0,0,0,0,0,0,0,0
0,-80463.59,-106442.13,-78381.93,-115361.82,-91251.97,-115984.63,-90978.39,-106029.07,0,0,0,0,0,0,0,0,0,0,0,0,0,0,0,0,0,0
0,-85105.69,-106570.34,-79326.34,-115199.54,-92574.3,-116298.98,-91054.3,-105826.56,0,0,0,0,0,0,0,0,0,0,0,0,0,0,0,0,0,0
0,-89937.96,-107178.93,-79729.47,-114639.23,-92487.4,-115819.94,-89951.1,-103940.7,0,0,0,0,0,0,0,0,0,0,0,0,0,0,0,0,0,0
0,-93391.04,-107199.59,-79128.12,-114685.36,-91831.87,-116603.68,-90315.35,-105304.87,0,0,0,0,0,0,0,0,0,0,0,0,0,0,0,0,0,0
0,-97076.12,-106676.82,-79587.58,-115418.68,-92346.85,-116170.23,-91506.52,-105624.59,0,0,0,0,0,0,0,0,0,0,0,0,0,0,0,0,0,0
0,-100743.51,-106623.72,-79704.8,-115896.11,-92239.56,-116121.95,-90978.12,-105231.92,0,0,0,0,0,0,0,0,0,0,0,0,0,0,0,0,0,0
0,-103360.81,-106486.92,-79285.57,-115894.24,-91915.02,-115642.91,-90180.43,-106309.9,0,0,0,0,0,0,0,0,0,0,0,0,0,0,0,0,0,0
0,-104176.74,-106749.78,-79394.46,-115212.69,-91613.27,-116536.36,-90960.42,-104161.72,0,0,0,0,0,0,0,0,0,0,0,0,0,0,0,0,0,0
0,-106306.14,-106858.95,-80105.52,-115804.11,-92114.84,-116137.78,-91188.94,-106547.27,0,0,0,0,0,0,0,0,0,0,0,0,0,0,0,0,0,0
0,-107535.13,-107077.55,-79860.9,-115428.34,-91858.96,-116334.65,-91020.23,-105848.02,0,0,0,0,0,0,0,0,0,0,0,0,0,0,0,0,0,0
0,-102889.01,-106366.76,-77569.22,-115791.77,-85255.09,-115639.43,-89430.49,-106639.54,0,0,0,0,0,0,0,0,0,0,0,0,0,0,0,0,0,0
0,-103976.64,-106956.31,-77460.86,-116088.43,-84184.89,-116334.65,-89896.92,-105452.93,0,0,0,0,0,0,0,0,0,0,0,0,0,0,0,0,0,0
0,-106060.18,-107044.55,-77688.31,-115775.41,-83783.36,-116006.08,-89875.47,-106389.02,0,0,0,0,0,0,0,0,0,0,0,0,0,0,0,0,0,0
0,-107454.66,-107087.74,-77815.72,-116188.47,-83399.27,-115726.6,-90247.49,-106825.42,0,0,0,0,0,0,0,0,0,0,0,0,0,0,0,0,0,0
0,-108096.52,-107058.77,-78103.25,-115577.73,-83164.31,-115977.92,-90588.13,-107245.99,0,0,0,0,0,0,0,0,0,0,0,0,0,0,0,0,0,0
0,-109047.09,-107077.01,-78626.01,-115447.65,-83277.77,-115475.54,-90669.4,-107564.63,0,0,0,0,0,0,0,0,0,0,0,0,0,0,0,0,0,0
0,-110768.27,-107320.29,-78882.16,-115432.09,-83537.4,-115851.05,-90754.42,-107519.04,0,0,0,0,0,0,0,0,0,0,0,0,0,0,0,0,0,0
0,-112833.83,-106979.11,-78928.56,-115808.67,-83330.61,-116185.79,-90641.77,-106177.13,0,0,0,0,0,0,0,0,0,0,0,0,0,0,0,0,0,0
0,-113931.39,-107608.09,-78491.9,-116358.26,-83164.31,-116327.68,-90712.58,-106330.82,0,0,0,0,0,0,0,0,0,0,0,0,0,0,0,0,0,0
0,-114985.77,-107410.41,-79171.84,-115426.99,-83823.6,-116037.73,-90879.15,-106802.62,0,0,0,0,0,0,0,0,0,0,0,0,0,0,0,0,0,0
0,-116484.32,-107647.51,-78881.36,-116202.15,-83777.73,-116458.3,-90845.08,-106771.51,0,0,0,0,0,0,0,0,0,0,0,0,0,0,0,0,0,0
0,-117856.81,-107394.05,-79375.15,-116162.19,-84566.03,-115995.35,-90922.87,-107057.7,0,0,0,0,0,0,0,0,0,0,0,0,0,0,0,0,0,0
0,-118963.76,-107506.97,-79536.09,-116228.71,-84971.58,-116108.01,-90983.49,-107140.31,0,0,0,0,0,0,0,0,0,0,0,0,0,0,0,0,0,0
0,-119199.79,-107632.49,-79729.47,-115741.62,-85067.34,-116103.98,-90779.91,-106766.41,0,0,0,0,0,0,0,0,0,0,0,0,0,0,0,0,0,0
0,-120147.95,-107438.57,-79935.47,-115682.88,-85375.25,-115968.26,-91674.96,-107173.57,0,0,0,0,0,0,0,0,0,0,0,0,0,0,0,0,0,0
0,-120244.78,-107362.93,-79857.15,-116097.28,-85343.87,-116234.88,-91219.25,-107313.04,0,0,0,0,0,0,0,0,0,0,0,0,0,0,0,0,0,0
0,-121382.04,-107762.05,-79731.89,-116006.08,-85245.97,-115936.61,-91282.82,-108149.89,0,0,0,0,0,0,0,0,0,0,0,0,0,0,0,0,0,0
0,-121865.37,-107650.73,-79860.63,-115971.75,-85592.51,-116039.88,-91836.16,-107818.1,0,0,0,0,0,0,0,0,0,0,0,0,0,0,0,0,0,0
0,-122430.24,-107605.4,-79756.56,-116529.92,-85704.36,-116342.16,-91639.55,-107761.78,0,0,0,0,0,0,0,0,0,0,0,0,0,0,0,0,0,0
0,-122378.21,-107613.45,-80019.96,-115590.88,-85725.28,-116125.44,-91598.52,-107449.03,0,0,0,0,0,0,0,0,0,0,0,0,0,0,0,0,0,0
0,-123262.53,-107808.18,-79683.07,-116441.94,-85278.69,-116361.74,-90929.04,-106775.8,0,0,0,0,0,0,0,0,0,0,0,0,0,0,0,0,0,0
0,-123593.52,-107597.09,-79979.72,-116031.83,-85485.76,-116178.82,-90921.53,-106552.91,0,0,0,0,0,0,0,0,0,0,0,0,0,0,0,0,0,0
0,-124164.29,-107174.1,-80169.89,-116531.8,-85679.15,-116264.65,-91292.74,-106303.19,0,0,0,0,0,0,0,0,0,0,0,0,0,0,0,0,0,0
0,-124428.49,-106932.97,-80419.87,-116923.94,-85841.42,-116186.33,-91138.52,-106073.33,0,0,0,0,0,0,0,0,0,0,0,0,0,0,0,0,0,0
0,-123833.57,-107031.68,-80935.66,-115481.44,-86437.95,-115933.13,-91765.89,-107213.8,0,0,0,0,0,0,0,0,0,0,0,0,0,0,0,0,0,0
0,-125705.76,-106967.31,-80648.4,-116271.62,-86175.09,-115487.88,-91074.41,-107099.81,0,0,0,0,0,0,0,0,0,0,0,0,0,0,0,0,0,0
0,-124553.48,-107873.09,-80890.87,-116300.32,-86620.07,-116106.13,-91537.63,-105701.84,0,0,0,0,0,0,0,0,0,0,0,0,0,0,0,0,0,0
0,-125173.61,-107634.37,-80714.11,-116636.67,-86539.6,-115800.09,-91394.4,-107119.92,0,0,0,0,0,0,0,0,0,0,0,0,0,0,0,0,0,0
0,-124591.03,-107679.7,-80574.37,-116691.66,-86254.75,-115855.07,-91055.1,-106605.48,0,0,0,0,0,0,0,0,0,0,0,0,0,0,0,0,0,0
0,-124518.88,-108109.66,-79941.9,-116875.39,-85682.37,-116095.94,-90777.22,-106765.34,0,0,0,0,0,0,0,0,0,0,0,0,0,0,0,0,0,0
0,-123368.21,-107693.38,-79939.49,-115817.52,-85210.84,-115879.21,-90952.37,-106385.8,0,0,0,0,0,0,0,0,0,0,0,0,0,0,0,0,0,0
0,-122574.81,-107734.69,-79639.89,-115665.44,-84144.66,-115301.47,-90283.43,-105892.01,0,0,0,0,0,0,0,0,0,0,0,0,0,0,0,0,0,0
0,-122300.69,-107484.7,-80317.41,-115055.78,-84636.57,-115646.4,-91153.0,-105712.03,0,0,0,0,0,0,0,0,0,0,0,0,0,0,0,0,0,0
0,-121732.33,-107695.79,-79977.31,-115542.06,-83912.91,-116007.96,-90881.29,-105616.81,0,0,0,0,0,0,0,0,0,0,0,0,0,0,0,0,0,0
0,-122200.65,-107628.47,-80172.04,-116048.46,-84573.81,-115770.59,-91099.89,-105854.73,0,0,0,0,0,0,0,0,0,0,0,0,0,0,0,0,0,0
0,-122116.42,-107473.44,-80654.3,-115486.27,-85670.83,-116009.03,-91537.63,-106564.17,0,0,0,0,0,0,0,0,0,0,0,0,0,0,0,0,0,0
0,-124904.04,-107787.26,-81049.92,-116103.72,-86585.74,-115897.19,-91229.18,-106379.63,0,0,0,0,0,0,0,0,0,0,0,0,0,0,0,0,0,0
0,-125772.28,-107890.79,-81557.93,-116182.57,-87365.72,-116093.26,-91423.9,-105778.82,0,0,0,0,0,0,0,0,0,0,0,0,0,0,0,0,0,0
0,-124129.42,-107859.95,-80981.26,-115829.06,-86531.82,-115952.44,-91262.44,-105751.46,0,0,0,0,0,0,0,0,0,0,0,0,0,0,0,0,0,0
0,-124702.61,-107905.01,-80692.65,-115378.98,-85935.57,-115882.97,-91142.54,-106021.02,0,0,0,0,0,0,0,0,0,0,0,0,0,0,0,0,0,0
0,-125435.93,-108330.41,-78765.49,-115933.66,-83026.98,-115723.65,-92015.87,-107151.84,0,0,0,0,0,0,0,0,0,0,0,0,0,0,0,0,0,0
0,-127739.94,-107897.76,-79189.54,-115783.46,-82443.87,-114774.41,-92715.12,-106684.33,0,0,0,0,0,0,0,0,0,0,0,0,0,0,0,0,0,0
0,-127517.32,-107674.07,307.92,1732405.65,-287773.42,-1121086.72,-1236820.56,-1439278.27,0,0,0,0,0,0,0,0,0,0,0,0,0,0,0,0,0,0
0,-127545.22,-107743.54,-79082.52,-116211.81,-81787.26,-115308.71,-93451.92,-106360.05,0,0,0,0,0,0,0,0,0,0,0,0,0,0,0,0,0,0
0,-126492.18,-108147.75,-79411.63,-115230.92,-81969.12,-115435.85,-93150.17,-106372.39,0,0,0,0,0,0,0,0,0,0,0,0,0,0,0,0,0,0
0,-125346.34,-108048.51,-79769.44,-115506.12,-82334.7,-115148.31,-93027.33,-106517.23,0,0,0,0,0,0,0,0,0,0,0,0,0,0,0,0,0,0
0,-126383.28,-108156.06,-79962.29,-116133.76,-81272.55,-115161.46,-92748.11,-105335.99,0,0,0,0,0,0,0,0,0,0,0,0,0,0,0,0,0,0
0,-126707.83,-108773.51,-80631.5,-114935.08,-80625.6,-113705.55,-92408.81,-105392.05,0,0,0,0,0,0,0,0,0,0,0,0,0,0,0,0,0,0
0,-128017.28,-107806.03,-79736.71,-116000.45,-80250.09,-115171.38,-91400.3,-105440.06,0,0,0,0,0,0,0,0,0,0,0,0,0,0,0,0,0,0
0,-127470.38,-108249.4,-80921.98,-115235.75,-81993.53,-114605.7,-92026.33,-105192.49,0,0,0,0,0,0,0,0,0,0,0,0,0,0,0,0,0,0
0,-128422.83,-108001.03,-81304.47,-115635.4,-82959.12,-114494.12,-92121.55,-106256.79,0,0,0,0,0,0,0,0,0,0,0,0,0,0,0,0,0,0
0,-128545.41,-108032.14,-81526.82,-115926.96,-83705.58,-115099.5,-92491.16,-106290.85,0,0,0,0,0,0,0,0,0,0,0,0,0,0,0,0,0,0
0,-128441.61,-107915.47,-82005.33,-115995.89,-84729.11,-114943.12,-92774.13,-106962.48,0,0,0,0,0,0,0,0,0,0,0,0,0,0,0,0,0,0
0,-128618.64,-107964.02,-82415.97,-115478.22,-85527.6,-114918.72,-93192.55,-107505.36,0,0,0,0,0,0,0,0,0,0,0,0,0,0,0,0,0,0
0,-128973.49,-108068.35,-82721.74,-115894.24,-86212.1,-115058.19,-93196.84,-107658.24,0,0,0,0,0,0,0,0,0,0,0,0,0,0,0,0,0,0
0,-129188.6,-108027.85,-83083.84,-115693.61,-86906.26,-115038.34,-93607.76,-108099.2,0,0,0,0,0,0,0,0,0,0,0,0,0,0,0,0,0,0
0,-128863.25,-108133.26,-83505.22,-115383.27,-87622.14,-115198.47,-79101.03,315401.25,0,0,0,0,0,0,0,0,0,0,0,0,0,0,0,0,0,0
0,-129946.87,-108331.48,-83617.6,-115778.1,-88678.4,-115420.02,-93241.1,-108530.77,0,0,0,0,0,0,0,0,0,0,0,0,0,0,0,0,0,0
0,-130451.12,-108246.99,-83999.82,-115517.92,-89759.86,-115273.3,-93629.22,-108579.05,0,0,0,0,0,0,0,0,0,0,0,0,0,0,0,0,0,0
0,-129107.33,-108062.72,-83776.93,-116003.67,-89663.3,-115434.24,-93581.74,38.36,0,0,0,0,0,0,0,0,0,0,0,0,0,0,0,0,0,0
0,-128098.82,-108012.56,-83235.66,-115854.54,-89247.02,-115311.39,-92846.01,-107929.95,0,0,0,0,0,0,0,0,0,0,0,0,0,0,0,0,0,0
0,-129016.94,-108388.88,-84049.71,-115421.36,-90495.06,-114990.06,-93238.96,-109419.65,0,0,0,0,0,0,0,0,0,0,0,0,0,0,0,0,0,0
0,-130649.87,-108234.11,-85192.86,-115839.25,-92395.94,-115269.01,-93571.28,-110164.23,0,0,0,0,0,0,0,0,0,0,0,0,0,0,0,0,0,0
0,-131253.91,-108408.46,-84654.54,-116186.6,-92210.33,-115532.14,-93784.78,-110083.77,0,0,0,0,0,0,0,0,0,0,0,0,0,0,0,0,0,0
0,-562498.42,2184932.15,2196209.5,-42292.0,-57760.57,2204168.96,-57692.98,2203210.07,0,0,0,0,0,0,0,0,0,0,0,0,0,0,0,0,0,0
0,-128980.47,-107665.75,-84366.21,-115694.41,-91234.0,-115523.82,-93320.76,-109691.36,0,0,0,0,0,0,0,0,0,0,0,0,0,0,0,0,0,0
0,-131668.31,-108154.45,-84796.7,-115431.55,-92763.94,-115747.52,-93123.62,-109295.46,0,0,0,0,0,0,0,0,0,0,0,0,0,0,0,0,0,0
0,-133145.4,-107964.28,-85038.64,-115708.09,-93908.43,-115418.14,-93393.99,-109372.44,0,0,0,0,0,0,0,0,0,0,0,0,0,0,0,0,0,0
0,-135963.87,-108230.9,-85998.87,-115575.32,-96948.99,-115437.45,-93998.56,-109626.45,0,0,0,0,0,0,0,0,0,0,0,0,0,0,0,0,0,0
0,-141175.13,-108265.23,-87772.08,-115538.84,-102196.19,-115120.42,-95287.36,-110137.68,0,0,0,0,0,0,0,0,0,0,0,0,0,0,0,0,0,0
0,-140636.81,-108164.38,-88107.08,-115156.09,-103691.79,-114919.52,-95647.31,-110855.71,0,0,0,0,0,0,0,0,0,0,0,0,0,0,0,0,0,0
0,-139396.82,-108032.68,-87683.3,-115564.06,-103356.78,-115454.35,-95639.0,-110486.63,0,0,0,0,0,0,0,0,0,0,0,0,0,0,0,0,0,0
0,-138182.32,-107958.92,-87052.17,-115735.98,-102777.16,-115601.07,-95351.73,-110009.2,0,0,0,0,0,0,0,0,0,0,0,0,0,0,0,0,0,0
0,-137644.0,-108332.82,-86754.98,-115769.78,-102357.39,-115055.78,-95113.55,-110762.1,0,0,0,0,0,0,0,0,0,0,0,0,0,0,0,0,0,0
0,-133727.17,-107852.7,-85243.83,-116934.13,-99281.97,-115680.73,-94197.85,-109996.59,0,0,0,0,0,0,0,0,0,0,0,0,0,0,0,0,0,0
0,-128899.19,-107842.78,-83974.87,-116457.5,-95840.43,-115839.52,-93646.38,-109561.54,0,0,0,0,0,0,0,0,0,0,0,0,0,0,0,0,0,0
0,-127854.21,-107388.95,-83989.36,-116543.6,-95227.55,-115181.3,-93905.48,-109659.17,0,0,0,0,0,0,0,0,0,0,0,0,0,0,0,0,0,0
0,-127547.09,-107943.36,-83804.02,-115947.07,-94652.21,-115336.34,-93751.26,-109486.17,0,0,0,0,0,0,0,0,0,0,0,0,0,0,0,0,0,0
0,-127568.82,-107857.26,-83578.17,-116018.96,-94386.94,-115302.0,-93652.82,-109344.82,0,0,0,0,0,0,0,0,0,0,0,0,0,0,0,0,0,0
0,-128378.85,-108052.8,-83782.83,-115996.16,-94741.53,-115099.23,-93628.95,-109218.48,0,0,0,0,0,0,0,0,0,0,0,0,0,0,0,0,0,0
0,-129146.49,-107874.97,-84299.15,-115626.01,-95448.29,-114992.21,-93849.69,-109551.35,0,0,0,0,0,0,0,0,0,0,0,0,0,0,0,0,0,0
0,-129417.67,-108039.12,-84096.91,-115381.13,-95297.28,-115055.78,-93672.67,-109367.08,0,0,0,0,0,0,0,0,0,0,0,0,0,0,0,0,0,0
0,-129767.69,-108060.31,-83863.02,-115971.75,-95090.48,-115579.08,-93559.21,-108988.89,0,0,0,0,0,0,0,0,0,0,0,0,0,0,0,0,0,0
0,-124109.04,-107598.7,-82076.14,-115903.35,-91082.73,-115833.89,-92517.17,-108246.18,0,0,0,0,0,0,0,0,0,0,0,0,0,0,0,0,0,0
0,-123192.26,-107918.42,-81702.51,-115376.03,-89914.89,-115518.19,-92305.55,-108098.13,0,0,0,0,0,0,0,0,0,0,0,0,0,0,0,0,0,0
0,-123492.4,-107984.4,-81183.77,-115648.28,-89237.37,-115624.94,-91478.89,-107368.03,0,0,0,0,0,0,0,0,0,0,0,0,0,0,0,0,0,0
0,-124015.16,-107914.66,-81489.27,-115886.72,-89090.92,-115597.05,-90713.39,-106680.58,0,0,0,0,0,0,0,0,0,0,0,0,0,0,0,0,0,0
0,-124113.33,-108178.06,-81565.71,-115259.62,-89118.55,-115140.53,-91018.35,-106109.8,0,0,0,0,0,0,0,0,0,0,0,0,0,0,0,0,0,0
0,-124814.99,-108057.36,-81722.09,-115279.2,-89376.04,-114964.58,-91294.35,-106767.75,0,0,0,0,0,0,0,0,0,0,0,0,0,0,0,0,0,0
0,-124712.8,-107867.72,-81773.05,-115202.76,-89138.66,-115003.74,-91775.81,-107038.65,0,0,0,0,0,0,0,0,0,0,0,0,0,0,0,0,0,0
0,-124305.37,-107690.7,-80872.36,-116105.06,-87577.88,-115129.81,-91872.1,-107255.91,0,0,0,0,0,0,0,0,0,0,0,0,0,0,0,0,0,0
0,-125170.66,-107845.73,-81762.59,-114766.1,-88692.61,-115488.15,-92285.16,-106797.25,0,0,0,0,0,0,0,0,0,0,0,0,0,0,0,0,0,0
0,-128744.43,-107672.46,-82448.7,-115193.91,-91495.52,-114671.68,-92447.17,-110441.3,0,0,0,0,0,0,0,0,0,0,0,0,0,0,0,0,0,0
0,-128115.18,-107869.87,-82863.37,-115039.15,-92159.37,-115223.68,-92992.73,-107391.63,0,0,0,0,0,0,0,0,0,0,0,0,0,0,0,0,0,0
0,-128639.29,-108197.9,-82255.04,-115702.46,-91331.9,-115247.02,-92135.76,-2249995.04,0,0,0,0,0,0,0,0,0,0,0,0,0,0,0,0,0,0
0,-128118.4,-108521.11,-82479.01,-115307.1,-91475.67,-115056.85,-92271.48,-106157.82,0,0,0,0,0,0,0,0,0,0,0,0,0,0,0,0,0,0
0,-128729.68,-109167.79,-82476.59,-115151.8,-91469.5,-114829.93,-91023.45,-106488.26,0,0,0,0,0,0,0,0,0,0,0,0,0,0,0,0,0,0
0,-128957.67,-108916.2,-82527.55,-115416.27,-91170.7,-115224.76,-91795.66,-105626.74,0,0,0,0,0,0,0,0,0,0,0,0,0,0,0,0,0,0
0,-128290.06,-108820.98,-82872.22,-114626.09,-90663.23,-115363.43,-92257.0,-105563.44,0,0,0,0,0,0,0,0,0,0,0,0,0,0,0,0,0,0
0,-129081.58,-108199.51,-83254.97,-114542.94,-91134.49,-115813.5,-92768.76,-106227.29,0,0,0,0,0,0,0,0,0,0,0,0,0,0,0,0,0,0
0,-128402.99,-108015.25,-82957.24,-114414.73,-90772.4,-115223.15,-92595.23,-105611.18,0,0,0,0,0,0,0,0,0,0,0,0,0,0,0,0,0,0
0,-129142.2,-109177.98,-82897.16,-114862.12,-90464.48,-114749.74,-93045.84,-106692.38,0,0,0,0,0,0,0,0,0,0,0,0,0,0,0,0,0,0
0,-128866.2,-109445.4,-83177.99,-109862.75,157698.34,403869.35,790690.59,-1125450.95,0,0,0,0,0,0,0,0,0,0,0,0,0,0,0,0,0,0
0,-129097.95,-109198.9,-83004.18,-116078.23,-91120.81,-114612.68,-92915.75,-107461.37,0,0,0,0,0,0,0,0,0,0,0,0,0,0,0,0,0,0
0,-128748.99,-108355.62,-82789.34,-116381.32,-90874.05,-115130.34,-92874.17,-107207.9,0,0,0,0,0,0,0,0,0,0,0,0,0,0,0,0,0,0
0,-128516.44,-108870.87,-82462.38,-116134.29,-90693.54,-114942.05,-93173.24,-107935.85,0,0,0,0,0,0,0,0,0,0,0,0,0,0,0,0,0,0
0,-128297.84,-109132.65,-82451.11,-116136.44,-90727.07,-114891.89,-92976.64,-108335.23,0,0,0,0,0,0,0,0,0,0,0,0,0,0,0,0,0,0
0,-128610.05,-107701.96,-83329.53,-115616.63,-91731.29,-114160.19,-92479.35,-102990.66,0,0,0,0,0,0,0,0,0,0,0,0,0,0,0,0,0,0
0,-126796.07,-108330.67,-83421.0,-115473.66,-90450.26,-115062.21,-92543.99,-106679.51,0,0,0,0,0,0,0,0,0,0,0,0,0,0,0,0,0,0
0,-127544.41,-108714.5,-83517.82,-115389.18,-90687.64,-114698.51,-92947.4,-106480.75,0,0,0,0,0,0,0,0,0,0,0,0,0,0,0,0,0,0
0,-128238.83,-108689.02,-83856.32,-115676.98,-91300.25,-114945.81,-93102.7,-106927.34,0,0,0,0,0,0,0,0,0,0,0,0,0,0,0,0,0,0
0,-128049.47,-108659.78,-83448.09,-115876.53,-90860.64,-115185.6,-92625.8,-106838.83,0,0,0,0,0,0,0,0,0,0,0,0,0,0,0,0,0,0
0,-126089.58,-108672.12,-83049.78,-115166.02,-89707.02,-115134.1,-92666.84,-106879.87,0,0,0,0,0,0,0,0,0,0,0,0,0,0,0,0,0,0
0,-126659.55,-108756.88,-82634.84,-116489.42,-89399.91,-115279.74,-92585.03,-106933.24,0,0,0,0,0,0,0,0,0,0,0,0,0,0,0,0,0,0
0,-126668.13,-108887.5,-82863.63,-115313.54,-89690.66,-115083.94,-92668.18,-107255.91,0,0,0,0,0,0,0,0,0,0,0,0,0,0,0,0,0,0
0,-126569.16,-108890.45,-82665.69,-115646.4,-89366.92,-115207.32,-92590.4,-107294.8,0,0,0,0,0,0,0,0,0,0,0,0,0,0,0,0,0,0
0,-126745.38,-109046.82,-82571.81,-115732.5,-89249.17,-115231.73,-92389.23,-107217.82,0,0,0,0,0,0,0,0,0,0,0,0,0,0,0,0,0,0
0,-126186.14,-109052.46,-82646.37,-114876.87,-89288.87,-114975.31,-92389.23,-107368.03,0,0,0,0,0,0,0,0,0,0,0,0,0,0,0,0,0,0
0,-126928.84,-108926.93,-82475.25,-115635.4,-89373.62,-115260.97,-92590.67,-107400.48,0,0,0,0,0,0,0,0,0,0,0,0,0,0,0,0,0,0
0,-126995.63,-108858.8,-82507.44,-115793.65,-89539.12,-115133.56,-92815.97,-107880.87,0,0,0,0,0,0,0,0,0,0,0,0,0,0,0,0,0,0
0,-127548.97,-108834.12,-82972.0,-115849.17,-90326.88,-114998.11,-93050.93,-108233.58,0,0,0,0,0,0,0,0,0,0,0,0,0,0,0,0,0,0
0,-128229.72,-108965.02,-83733.47,-114962.17,-91530.12,-114787.56,-93573.7,-108858.0,0,0,0,0,0,0,0,0,0,0,0,0,0,0,0,0,0,0
0,-129265.05,-108855.31,-83695.12,-115748.86,-91997.63,-115078.04,-93539.9,-108772.17,0,0,0,0,0,0,0,0,0,0,0,0,0,0,0,0,0,0
0,-128882.03,-108738.91,-83231.1,-115562.98,-91129.67,-115190.16,-92699.83,-108120.92,0,0,0,0,0,0,0,0,0,0,0,0,0,0,0,0,0,0
0,-127696.49,-108305.46,-83057.02,-115022.52,-90737.53,-114832.62,-92703.59,-108253.43,0,0,0,0,0,0,0,0,0,0,0,0,0,0,0,0,0,0
0,-127813.17,-108314.58,-82886.7,-115295.57,-90608.24,-114935.35,-92619.1,-108199.78,0,0,0,0,0,0,0,0,0,0,0,0,0,0,0,0,0,0
0,-127366.31,-108370.64,-82819.38,-114613.75,-90535.02,-114469.71,-92572.96,-108383.24,0,0,0,0,0,0,0,0,0,0,0,0,0,0,0,0,0,0
0,-127708.03,-109429.04,-82594.34,-114678.39,-90641.5,-114489.83,-90410.83,-106641.95,0,0,0,0,0,0,0,0,0,0,0,0,0,0,0,0,0,0
0,-123857.71,-109886.35,-83523.99,-113493.12,-90026.47,-116513.29,-88345.0,-104413.04,0,0,0,0,0,0,0,0,0,0,0,0,0,0,0,0,0,0
0,-125612.15,-107295.34,-82334.97,-116986.16,-90352.9,-117590.73,-88282.23,-98725.95,0,0,0,0,0,0,0,0,0,0,0,0,0,0,0,0,0,0
0,-133132.79,-111405.29,-78559.22,-117874.24,-90638.02,-118342.02,-76962.51,-97510.37,0,0,0,0,0,0,0,0,0,0,0,0,0,0,0,0,0,0
0,-140004.35,-108738.37,-77894.3,-114901.01,-88935.35,-114986.84,-90641.24,-107375.27,0,0,0,0,0,0,0,0,0,0,0,0,0,0,0,0,0,0
0,-147411.27,-108370.91,-77379.05,-115103.79,-88539.19,-114447.18,-85194.21,-100973.37,0,0,0,0,0,0,0,0,0,0,0,0,0,0,0,0,0,0
0,-144916.27,-109132.92,-78396.15,-114899.14,-89151.8,-115194.71,-81754.27,-99914.71,0,0,0,0,0,0,0,0,0,0,0,0,0,0,0,0,0,0
0,-145019.0,157646.04,-545346.5,52421.63,790567.47,-650743.91,-738728.15,1001598.33,0,0,0,0,0,0,0,0,0,0,0,0,0,0,0,0,0,0
0,-142155.48,-108555.71,-79958.26,-115838.98,-90515.98,-114700.38,-87672.83,-108245.92,0,0,0,0,0,0,0,0,0,0,0,0,0,0,0,0,0,0
0,-138914.3,-109063.72,-80571.69,-115308.17,-90766.23,-114634.67,-88396.49,-108145.6,0,0,0,0,0,0,0,0,0,0,0,0,0,0,0,0,0,0
0,-136847.65,-108526.74,-80840.18,-114978.8,-90636.41,-114421.43,-90379.99,-104061.4,0,0,0,0,0,0,0,0,0,0,0,0,0,0,0,0,0,0
0,-129238.49,-108344.89,-82367.69,-114815.45,-91164.27,-114597.92,-93336.59,-109692.97,0,0,0,0,0,0,0,0,0,0,0,0,0,0,0,0,0,0
0,-133817.29,-109114.15,-83432.8,-115471.25,-92434.83,-114751.35,-93899.85,-110133.39,0,0,0,0,0,0,0,0,0,0,0,0,0,0,0,0,0,0
0,-131355.29,-108815.89,-83489.39,-115403.39,-92544.53,-114362.69,-94069.9,-110352.79,0,0,0,0,0,0,0,0,0,0,0,0,0,0,0,0,0,0
0,-132283.34,-109127.83,-83399.27,-115607.24,-92324.86,-114844.15,-93289.65,-109737.22,0,0,0,0,0,0,0,0,0,0,0,0,0,0,0,0,0,0
0,-136058.28,-109377.27,-84414.22,-115749.93,-93383.79,-114386.57,-93826.36,-110676.53,0,0,0,0,0,0,0,0,0,0,0,0,0,0,0,0,0,0
0,-130440.39,-109046.29,-83875.09,-115615.02,-93142.66,-115304.15,-92928.36,-110140.36,0,0,0,0,0,0,0,0,0,0,0,0,0,0,0,0,0,0
0,-129800.69,-109091.08,-86433.92,-111909.01,-90344.85,-115573.71,-89211.62,-109151.7,0,0,0,0,0,0,0,0,0,0,0,0,0,0,0,0,0,0
0,-119421.34,-106059.11,-82307.34,-115365.04,-87487.23,-114557.69,-90608.24,-102608.18,0,0,0,0,0,0,0,0,0,0,0,0,0,0,0,0,0,0
0,-124179.58,-106240.96,-79068.58,-115324.8,-88532.21,-113703.67,-90019.5,-106360.86,0,0,0,0,0,0,0,0,0,0,0,0,0,0,0,0,0,0
0,-124661.04,-107517.43,-81403.17,-116452.94,-90502.3,-112869.51,-96270.39,-108035.09,0,0,0,0,0,0,0,0,0,0,0,0,0,0,0,0,0,0
